League,Season,Wk,Day,Date,Time,HomeTeam,AwayTeam,Attendance,Venue,Referee,Match Report,HomeScore,AwayScore
EPL,2015-2016,1,Sat,2015-08-08,12:45,Manchester Utd,Tottenham,75261,Old Trafford,Jonathan Moss,https://fbref.com/en/matches/86cdfeba/Manchester-United-Tottenham-Hotspur-August-8-2015-Premier-League,1,0
EPL,2015-2016,1,Sat,2015-08-08,15:00,Norwich City,Crystal Palace,27036,Carrow Road,Simon Hooper,https://fbref.com/en/matches/47257ad7/Norwich-City-Crystal-Palace-August-8-2015-Premier-League,1,3
EPL,2015-2016,1,Sat,2015-08-08,15:00,Leicester City,Sunderland,32242,King Power Stadium,Lee Mason,https://fbref.com/en/matches/a6cda14d/Leicester-City-Sunderland-August-8-2015-Premier-League,4,2
EPL,2015-2016,1,Sat,2015-08-08,15:00,Bournemouth,Aston Villa,11155,Vitality Stadium,Mark Clattenburg,https://fbref.com/en/matches/df747efb/Bournemouth-Aston-Villa-August-8-2015-Premier-League,0,1
EPL,2015-2016,1,Sat,2015-08-08,15:00,Everton,Watford,39063,Goodison Park,Mike Jones,https://fbref.com/en/matches/ac0bb534/Everton-Watford-August-8-2015-Premier-League,2,2
EPL,2015-2016,1,Sat,2015-08-08,17:30,Chelsea,Swansea City,41232,Stamford Bridge,Michael Oliver,https://fbref.com/en/matches/f3ff91b0/Chelsea-Swansea-City-August-8-2015-Premier-League,2,2
EPL,2015-2016,1,Sun,2015-08-09,13:30,Arsenal,West Ham,59996,Emirates Stadium,Martin Atkinson,https://fbref.com/en/matches/71fb3701/Arsenal-West-Ham-United-August-9-2015-Premier-League,0,2
EPL,2015-2016,1,Sun,2015-08-09,13:30,Newcastle Utd,Southampton,49019,St. James' Park,Craig Pawson,https://fbref.com/en/matches/46264921/Newcastle-United-Southampton-August-9-2015-Premier-League,2,2
EPL,2015-2016,1,Sun,2015-08-09,16:00,Stoke City,Liverpool,27654,Bet365 Stadium,Anthony Taylor,https://fbref.com/en/matches/2f5966ce/Stoke-City-Liverpool-August-9-2015-Premier-League,0,1
EPL,2015-2016,1,Mon,2015-08-10,20:00,West Brom,Manchester City,24564,The Hawthorns,Mike Dean,https://fbref.com/en/matches/ea283763/West-Bromwich-Albion-Manchester-City-August-10-2015-Premier-League,0,3
EPL,2015-2016,2,Fri,2015-08-14,19:45,Aston Villa,Manchester Utd,42200,Villa Park,Mike Dean,https://fbref.com/en/matches/eb41381a/Aston-Villa-Manchester-United-August-14-2015-Premier-League,0,1
EPL,2015-2016,2,Sat,2015-08-15,12:45,Southampton,Everton,30966,St. Mary's Stadium,Michael Oliver,https://fbref.com/en/matches/ebdb5a64/Southampton-Everton-August-15-2015-Premier-League,0,3
EPL,2015-2016,2,Sat,2015-08-15,15:00,Swansea City,Newcastle Utd,20678,Liberty Stadium,Mike Jones,https://fbref.com/en/matches/7803cb7a/Swansea-City-Newcastle-United-August-15-2015-Premier-League,2,0
EPL,2015-2016,2,Sat,2015-08-15,15:00,Sunderland,Norwich City,41379,Stadium of Light,Kevin Friend,https://fbref.com/en/matches/0a0fc05b/Sunderland-Norwich-City-August-15-2015-Premier-League,1,3
EPL,2015-2016,2,Sat,2015-08-15,15:00,Watford,West Brom,20011,Vicarage Road Stadium,Paul Tierney,https://fbref.com/en/matches/233481a3/Watford-West-Bromwich-Albion-August-15-2015-Premier-League,0,0
EPL,2015-2016,2,Sat,2015-08-15,15:00,Tottenham,Stoke City,36004,White Hart Lane,Robert Madley,https://fbref.com/en/matches/866b3ac9/Tottenham-Hotspur-Stoke-City-August-15-2015-Premier-League,2,2
EPL,2015-2016,2,Sat,2015-08-15,15:00,West Ham,Leicester City,34857,Boleyn Ground,Anthony Taylor,https://fbref.com/en/matches/724613dd/West-Ham-United-Leicester-City-August-15-2015-Premier-League,1,2
EPL,2015-2016,2,Sun,2015-08-16,13:30,Crystal Palace,Arsenal,24732,Selhurst Park,Lee Mason,https://fbref.com/en/matches/a64b94e8/Crystal-Palace-Arsenal-August-16-2015-Premier-League,1,2
EPL,2015-2016,2,Sun,2015-08-16,16:00,Manchester City,Chelsea,54331,Etihad Stadium,Martin Atkinson,https://fbref.com/en/matches/cb3ba083/Manchester-City-Chelsea-August-16-2015-Premier-League,3,0
EPL,2015-2016,2,Mon,2015-08-17,20:00,Liverpool,Bournemouth,44102,Anfield,Craig Pawson,https://fbref.com/en/matches/c1722c83/Liverpool-Bournemouth-August-17-2015-Premier-League,1,0
EPL,2015-2016,3,Sat,2015-08-22,12:45,Manchester Utd,Newcastle Utd,75354,Old Trafford,Craig Pawson,https://fbref.com/en/matches/25dcee94/Manchester-United-Newcastle-United-August-22-2015-Premier-League,0,0
EPL,2015-2016,3,Sat,2015-08-22,15:00,Leicester City,Tottenham,31971,King Power Stadium,Martin Atkinson,https://fbref.com/en/matches/07d8c9ad/Leicester-City-Tottenham-Hotspur-August-22-2015-Premier-League,1,1
EPL,2015-2016,3,Sat,2015-08-22,15:00,Sunderland,Swansea City,39198,Stadium of Light,Niel Swarbrick,https://fbref.com/en/matches/f9d374f6/Sunderland-Swansea-City-August-22-2015-Premier-League,1,1
EPL,2015-2016,3,Sat,2015-08-22,15:00,Crystal Palace,Aston Villa,25295,Selhurst Park,Keith Stroud,https://fbref.com/en/matches/1f01d3c1/Crystal-Palace-Aston-Villa-August-22-2015-Premier-League,2,1
EPL,2015-2016,3,Sat,2015-08-22,15:00,Norwich City,Stoke City,26771,Carrow Road,Mike Dean,https://fbref.com/en/matches/5a33c81a/Norwich-City-Stoke-City-August-22-2015-Premier-League,1,1
EPL,2015-2016,3,Sat,2015-08-22,15:00,West Ham,Bournemouth,34977,Boleyn Ground,Jonathan Moss,https://fbref.com/en/matches/c1e3afa1/West-Ham-United-Bournemouth-August-22-2015-Premier-League,3,4
EPL,2015-2016,3,Sun,2015-08-23,13:30,West Brom,Chelsea,23256,The Hawthorns,Mark Clattenburg,https://fbref.com/en/matches/77565247/West-Bromwich-Albion-Chelsea-August-23-2015-Premier-League,2,3
EPL,2015-2016,3,Sun,2015-08-23,16:00,Everton,Manchester City,38523,Goodison Park,Anthony Taylor,https://fbref.com/en/matches/a58f55ee/Everton-Manchester-City-August-23-2015-Premier-League,0,2
EPL,2015-2016,3,Sun,2015-08-23,16:00,Watford,Southampton,20166,Vicarage Road Stadium,Andre Marriner,https://fbref.com/en/matches/1de110b6/Watford-Southampton-August-23-2015-Premier-League,0,0
EPL,2015-2016,3,Mon,2015-08-24,20:00,Arsenal,Liverpool,60080,Emirates Stadium,Michael Oliver,https://fbref.com/en/matches/663904f2/Arsenal-Liverpool-August-24-2015-Premier-League,0,0
EPL,2015-2016,4,Sat,2015-08-29,12:45,Newcastle Utd,Arsenal,50388,St. James' Park,Andre Marriner,https://fbref.com/en/matches/833982d1/Newcastle-United-Arsenal-August-29-2015-Premier-League,0,1
EPL,2015-2016,4,Sat,2015-08-29,15:00,Manchester City,Watford,53218,Etihad Stadium,Mark Clattenburg,https://fbref.com/en/matches/f25a110f/Manchester-City-Watford-August-29-2015-Premier-League,2,0
EPL,2015-2016,4,Sat,2015-08-29,15:00,Bournemouth,Leicester City,11155,Vitality Stadium,Niel Swarbrick,https://fbref.com/en/matches/6a866fb8/Bournemouth-Leicester-City-August-29-2015-Premier-League,1,1
EPL,2015-2016,4,Sat,2015-08-29,15:00,Chelsea,Crystal Palace,41581,Stamford Bridge,Craig Pawson,https://fbref.com/en/matches/62a6889f/Chelsea-Crystal-Palace-August-29-2015-Premier-League,1,2
EPL,2015-2016,4,Sat,2015-08-29,15:00,Aston Villa,Sunderland,35399,Villa Park,Robert Madley,https://fbref.com/en/matches/a77bcd00/Aston-Villa-Sunderland-August-29-2015-Premier-League,2,2
EPL,2015-2016,4,Sat,2015-08-29,15:00,Liverpool,West Ham,43680,Anfield,Kevin Friend,https://fbref.com/en/matches/9bc88195/Liverpool-West-Ham-United-August-29-2015-Premier-League,0,3
EPL,2015-2016,4,Sat,2015-08-29,15:00,Stoke City,West Brom,26747,Bet365 Stadium,Michael Oliver,https://fbref.com/en/matches/78b7abfc/Stoke-City-West-Bromwich-Albion-August-29-2015-Premier-League,0,1
EPL,2015-2016,4,Sat,2015-08-29,17:30,Tottenham,Everton,35865,White Hart Lane,Mike Jones,https://fbref.com/en/matches/9fef9371/Tottenham-Hotspur-Everton-August-29-2015-Premier-League,0,0
EPL,2015-2016,4,Sun,2015-08-30,13:30,Southampton,Norwich City,29573,St. Mary's Stadium,Jonathan Moss,https://fbref.com/en/matches/8049f81a/Southampton-Norwich-City-August-30-2015-Premier-League,3,0
EPL,2015-2016,4,Sun,2015-08-30,16:00,Swansea City,Manchester Utd,20828,Liberty Stadium,Martin Atkinson,https://fbref.com/en/matches/513236ec/Swansea-City-Manchester-United-August-30-2015-Premier-League,2,1
EPL,2015-2016,5,Sat,2015-09-12,12:45,Everton,Chelsea,38311,Goodison Park,Andre Marriner,https://fbref.com/en/matches/4e2b0c5e/Everton-Chelsea-September-12-2015-Premier-League,3,1
EPL,2015-2016,5,Sat,2015-09-12,15:00,West Brom,Southampton,24265,The Hawthorns,Stuart Attwell,https://fbref.com/en/matches/9954343e/West-Bromwich-Albion-Southampton-September-12-2015-Premier-League,0,0
EPL,2015-2016,5,Sat,2015-09-12,15:00,Arsenal,Stoke City,59963,Emirates Stadium,Jonathan Moss,https://fbref.com/en/matches/886b884e/Arsenal-Stoke-City-September-12-2015-Premier-League,2,0
EPL,2015-2016,5,Sat,2015-09-12,15:00,Norwich City,Bournemouth,27018,Carrow Road,Martin Atkinson,https://fbref.com/en/matches/602d69bd/Norwich-City-Bournemouth-September-12-2015-Premier-League,3,1
EPL,2015-2016,5,Sat,2015-09-12,15:00,Crystal Palace,Manchester City,25167,Selhurst Park,Mike Jones,https://fbref.com/en/matches/dad43a5a/Crystal-Palace-Manchester-City-September-12-2015-Premier-League,0,1
EPL,2015-2016,5,Sat,2015-09-12,15:00,Watford,Swansea City,20057,Vicarage Road Stadium,Robert Madley,https://fbref.com/en/matches/8c27d5d1/Watford-Swansea-City-September-12-2015-Premier-League,1,0
EPL,2015-2016,5,Sat,2015-09-12,17:30,Manchester Utd,Liverpool,75347,Old Trafford,Michael Oliver,https://fbref.com/en/matches/7f752568/North-West-Derby-Manchester-United-Liverpool-September-12-2015-Premier-League,3,1
EPL,2015-2016,5,Sun,2015-09-13,13:30,Sunderland,Tottenham,40303,Stadium of Light,Craig Pawson,https://fbref.com/en/matches/3f119e2b/Sunderland-Tottenham-Hotspur-September-13-2015-Premier-League,0,1
EPL,2015-2016,5,Sun,2015-09-13,16:00,Leicester City,Aston Villa,31733,King Power Stadium,Mike Dean,https://fbref.com/en/matches/55e43db2/Leicester-City-Aston-Villa-September-13-2015-Premier-League,3,2
EPL,2015-2016,5,Mon,2015-09-14,20:00,West Ham,Newcastle Utd,34907,Boleyn Ground,Anthony Taylor,https://fbref.com/en/matches/f660daba/West-Ham-United-Newcastle-United-September-14-2015-Premier-League,2,0
EPL,2015-2016,6,Sat,2015-09-19,12:45,Chelsea,Arsenal,41584,Stamford Bridge,Mike Dean,https://fbref.com/en/matches/66a9fa0a/North-West-London-Derby-Chelsea-Arsenal-September-19-2015-Premier-League,2,0
EPL,2015-2016,6,Sat,2015-09-19,15:00,Newcastle Utd,Watford,47806,St. James' Park,Roger East,https://fbref.com/en/matches/1bf5d906/Newcastle-United-Watford-September-19-2015-Premier-League,1,2
EPL,2015-2016,6,Sat,2015-09-19,15:00,Stoke City,Leicester City,27642,Bet365 Stadium,Andre Marriner,https://fbref.com/en/matches/e383f18d/Stoke-City-Leicester-City-September-19-2015-Premier-League,2,2
EPL,2015-2016,6,Sat,2015-09-19,15:00,Aston Villa,West Brom,36321,Villa Park,Martin Atkinson,https://fbref.com/en/matches/62c6cd5f/Aston-Villa-West-Bromwich-Albion-September-19-2015-Premier-League,0,1
EPL,2015-2016,6,Sat,2015-09-19,15:00,Bournemouth,Sunderland,11271,Vitality Stadium,Kevin Friend,https://fbref.com/en/matches/ca81e081/Bournemouth-Sunderland-September-19-2015-Premier-League,2,0
EPL,2015-2016,6,Sat,2015-09-19,15:00,Swansea City,Everton,20805,Liberty Stadium,Stuart Attwell,https://fbref.com/en/matches/5c394bdd/Swansea-City-Everton-September-19-2015-Premier-League,0,0
EPL,2015-2016,6,Sat,2015-09-19,17:30,Manchester City,West Ham,53545,Etihad Stadium,Robert Madley,https://fbref.com/en/matches/e575bfd2/Manchester-City-West-Ham-United-September-19-2015-Premier-League,1,2
EPL,2015-2016,6,Sun,2015-09-20,13:30,Tottenham,Crystal Palace,35723,White Hart Lane,Michael Oliver,https://fbref.com/en/matches/55658fd6/Tottenham-Hotspur-Crystal-Palace-September-20-2015-Premier-League,1,0
EPL,2015-2016,6,Sun,2015-09-20,16:00,Southampton,Manchester Utd,31588,St. Mary's Stadium,Mark Clattenburg,https://fbref.com/en/matches/3d27d330/Southampton-Manchester-United-September-20-2015-Premier-League,2,3
EPL,2015-2016,6,Sun,2015-09-20,16:00,Liverpool,Norwich City,44072,Anfield,Anthony Taylor,https://fbref.com/en/matches/152338f8/Liverpool-Norwich-City-September-20-2015-Premier-League,1,1
EPL,2015-2016,7,Sat,2015-09-26,12:45,Tottenham,Manchester City,35867,White Hart Lane,Mark Clattenburg,https://fbref.com/en/matches/a49c9012/Tottenham-Hotspur-Manchester-City-September-26-2015-Premier-League,4,1
EPL,2015-2016,7,Sat,2015-09-26,15:00,Liverpool,Aston Villa,44228,Anfield,Jonathan Moss,https://fbref.com/en/matches/9aadbe68/Liverpool-Aston-Villa-September-26-2015-Premier-League,3,2
EPL,2015-2016,7,Sat,2015-09-26,15:00,Leicester City,Arsenal,32047,King Power Stadium,Craig Pawson,https://fbref.com/en/matches/69e04a8b/Leicester-City-Arsenal-September-26-2015-Premier-League,2,5
EPL,2015-2016,7,Sat,2015-09-26,15:00,Manchester Utd,Sunderland,75328,Old Trafford,Mike Jones,https://fbref.com/en/matches/5f447012/Manchester-United-Sunderland-September-26-2015-Premier-League,3,0
EPL,2015-2016,7,Sat,2015-09-26,15:00,Southampton,Swansea City,30704,St. Mary's Stadium,Roger East,https://fbref.com/en/matches/75a340da/Southampton-Swansea-City-September-26-2015-Premier-League,3,1
EPL,2015-2016,7,Sat,2015-09-26,15:00,Stoke City,Bournemouth,27742,Bet365 Stadium,Lee Mason,https://fbref.com/en/matches/1783ef2e/Stoke-City-Bournemouth-September-26-2015-Premier-League,2,1
EPL,2015-2016,7,Sat,2015-09-26,15:00,West Ham,Norwich City,34857,Boleyn Ground,Mike Dean,https://fbref.com/en/matches/c73b4faa/West-Ham-United-Norwich-City-September-26-2015-Premier-League,2,2
EPL,2015-2016,7,Sat,2015-09-26,17:30,Newcastle Utd,Chelsea,48682,St. James' Park,Martin Atkinson,https://fbref.com/en/matches/df8f1a6d/Newcastle-United-Chelsea-September-26-2015-Premier-League,2,2
EPL,2015-2016,7,Sun,2015-09-27,16:00,Watford,Crystal Palace,20168,Vicarage Road Stadium,Anthony Taylor,https://fbref.com/en/matches/be5c73a0/Watford-Crystal-Palace-September-27-2015-Premier-League,0,1
EPL,2015-2016,7,Mon,2015-09-28,20:00,West Brom,Everton,24240,The Hawthorns,Robert Madley,https://fbref.com/en/matches/c96d7b63/West-Bromwich-Albion-Everton-September-28-2015-Premier-League,2,3
EPL,2015-2016,8,Sat,2015-10-03,12:45,Crystal Palace,West Brom,24033,Selhurst Park,Jonathan Moss,https://fbref.com/en/matches/676a1708/Crystal-Palace-West-Bromwich-Albion-October-3-2015-Premier-League,2,0
EPL,2015-2016,8,Sat,2015-10-03,15:00,Sunderland,West Ham,42932,Stadium of Light,Niel Swarbrick,https://fbref.com/en/matches/926361f7/Sunderland-West-Ham-United-October-3-2015-Premier-League,2,2
EPL,2015-2016,8,Sat,2015-10-03,15:00,Bournemouth,Watford,11187,Vitality Stadium,Michael Oliver,https://fbref.com/en/matches/cd5bc2d2/Bournemouth-Watford-October-3-2015-Premier-League,1,1
EPL,2015-2016,8,Sat,2015-10-03,15:00,Norwich City,Leicester City,27067,Carrow Road,Mark Clattenburg,https://fbref.com/en/matches/5e44f3d4/Norwich-City-Leicester-City-October-3-2015-Premier-League,1,2
EPL,2015-2016,8,Sat,2015-10-03,15:00,Manchester City,Newcastle Utd,53850,Etihad Stadium,Kevin Friend,https://fbref.com/en/matches/5ff1f57c/Manchester-City-Newcastle-United-October-3-2015-Premier-League,6,1
EPL,2015-2016,8,Sat,2015-10-03,15:00,Aston Villa,Stoke City,33189,Villa Park,Mike Jones,https://fbref.com/en/matches/025da833/Aston-Villa-Stoke-City-October-3-2015-Premier-League,0,1
EPL,2015-2016,8,Sat,2015-10-03,17:30,Chelsea,Southampton,41642,Stamford Bridge,Robert Madley,https://fbref.com/en/matches/f45c1a62/Chelsea-Southampton-October-3-2015-Premier-League,1,3
EPL,2015-2016,8,Sun,2015-10-04,13:30,Everton,Liverpool,39598,Goodison Park,Martin Atkinson,https://fbref.com/en/matches/e4976145/Merseyside-Derby-Everton-Liverpool-October-4-2015-Premier-League,1,1
EPL,2015-2016,8,Sun,2015-10-04,16:00,Arsenal,Manchester Utd,60084,Emirates Stadium,Anthony Taylor,https://fbref.com/en/matches/70bb5008/Arsenal-Manchester-United-October-4-2015-Premier-League,3,0
EPL,2015-2016,8,Sun,2015-10-04,16:00,Swansea City,Tottenham,20845,Liberty Stadium,Mike Dean,https://fbref.com/en/matches/a28a9df4/Swansea-City-Tottenham-Hotspur-October-4-2015-Premier-League,2,2
EPL,2015-2016,9,Sat,2015-10-17,12:45,Tottenham,Liverpool,35926,White Hart Lane,Craig Pawson,https://fbref.com/en/matches/cec82d63/Tottenham-Hotspur-Liverpool-October-17-2015-Premier-League,0,0
EPL,2015-2016,9,Sat,2015-10-17,15:00,Southampton,Leicester City,30966,St. Mary's Stadium,Paul Tierney,https://fbref.com/en/matches/2110819e/Southampton-Leicester-City-October-17-2015-Premier-League,2,2
EPL,2015-2016,9,Sat,2015-10-17,15:00,Crystal Palace,West Ham,24812,Selhurst Park,Mark Clattenburg,https://fbref.com/en/matches/ceba57cb/Crystal-Palace-West-Ham-United-October-17-2015-Premier-League,1,3
EPL,2015-2016,9,Sat,2015-10-17,15:00,Everton,Manchester Utd,39553,Goodison Park,Jonathan Moss,https://fbref.com/en/matches/ffa16d45/Everton-Manchester-United-October-17-2015-Premier-League,0,3
EPL,2015-2016,9,Sat,2015-10-17,15:00,West Brom,Sunderland,24225,The Hawthorns,Martin Atkinson,https://fbref.com/en/matches/066d2c92/West-Bromwich-Albion-Sunderland-October-17-2015-Premier-League,1,0
EPL,2015-2016,9,Sat,2015-10-17,15:00,Manchester City,Bournemouth,54502,Etihad Stadium,Mike Dean,https://fbref.com/en/matches/94b58353/Manchester-City-Bournemouth-October-17-2015-Premier-League,5,1
EPL,2015-2016,9,Sat,2015-10-17,15:00,Chelsea,Aston Villa,41596,Stamford Bridge,Roger East,https://fbref.com/en/matches/2fb7296c/Chelsea-Aston-Villa-October-17-2015-Premier-League,2,0
EPL,2015-2016,9,Sat,2015-10-17,17:30,Watford,Arsenal,20721,Vicarage Road Stadium,Mike Jones,https://fbref.com/en/matches/483b03ee/Watford-Arsenal-October-17-2015-Premier-League,0,3
EPL,2015-2016,9,Sun,2015-10-18,16:00,Newcastle Utd,Norwich City,47006,St. James' Park,Anthony Taylor,https://fbref.com/en/matches/8ddab97b/Newcastle-United-Norwich-City-October-18-2015-Premier-League,6,2
EPL,2015-2016,9,Mon,2015-10-19,20:00,Swansea City,Stoke City,20044,Liberty Stadium,Robert Madley,https://fbref.com/en/matches/d0056399/Swansea-City-Stoke-City-October-19-2015-Premier-League,0,1
EPL,2015-2016,10,Sat,2015-10-24,15:00,Leicester City,Crystal Palace,31752,King Power Stadium,Mike Dean,https://fbref.com/en/matches/f556d816/Leicester-City-Crystal-Palace-October-24-2015-Premier-League,1,0
EPL,2015-2016,10,Sat,2015-10-24,15:00,West Ham,Chelsea,34977,Boleyn Ground,Jonathan Moss,https://fbref.com/en/matches/91a8f78c/West-Ham-United-Chelsea-October-24-2015-Premier-League,2,1
EPL,2015-2016,10,Sat,2015-10-24,15:00,Norwich City,West Brom,26983,Carrow Road,Kevin Friend,https://fbref.com/en/matches/99640144/Norwich-City-West-Bromwich-Albion-October-24-2015-Premier-League,0,1
EPL,2015-2016,10,Sat,2015-10-24,15:00,Aston Villa,Swansea City,33324,Villa Park,Niel Swarbrick,https://fbref.com/en/matches/edbe6edf/Aston-Villa-Swansea-City-October-24-2015-Premier-League,1,2
EPL,2015-2016,10,Sat,2015-10-24,15:00,Stoke City,Watford,27587,Bet365 Stadium,Martin Atkinson,https://fbref.com/en/matches/7b36b616/Stoke-City-Watford-October-24-2015-Premier-League,0,2
EPL,2015-2016,10,Sat,2015-10-24,17:30,Arsenal,Everton,59985,Emirates Stadium,Lee Mason,https://fbref.com/en/matches/ada9f753/Arsenal-Everton-October-24-2015-Premier-League,2,1
EPL,2015-2016,10,Sun,2015-10-25,12:00,Sunderland,Newcastle Utd,47653,Stadium of Light,Robert Madley,https://fbref.com/en/matches/aa251e80/Sunderland-Newcastle-United-October-25-2015-Premier-League,3,0
EPL,2015-2016,10,Sun,2015-10-25,14:05,Manchester Utd,Manchester City,75329,Old Trafford,Mark Clattenburg,https://fbref.com/en/matches/c910a121/Manchester-Derby-Manchester-United-Manchester-City-October-25-2015-Premier-League,0,0
EPL,2015-2016,10,Sun,2015-10-25,14:05,Bournemouth,Tottenham,11332,Vitality Stadium,Roger East,https://fbref.com/en/matches/d012513a/Bournemouth-Tottenham-Hotspur-October-25-2015-Premier-League,1,5
EPL,2015-2016,10,Sun,2015-10-25,16:15,Liverpool,Southampton,44171,Anfield,Andre Marriner,https://fbref.com/en/matches/891e8856/Liverpool-Southampton-October-25-2015-Premier-League,1,1
EPL,2015-2016,11,Sat,2015-10-31,12:45,Chelsea,Liverpool,41577,Stamford Bridge,Mark Clattenburg,https://fbref.com/en/matches/ac9a7b0d/Chelsea-Liverpool-October-31-2015-Premier-League,1,3
EPL,2015-2016,11,Sat,2015-10-31,15:00,Swansea City,Arsenal,20937,Liberty Stadium,Kevin Friend,https://fbref.com/en/matches/a5173d30/Swansea-City-Arsenal-October-31-2015-Premier-League,0,3
EPL,2015-2016,11,Sat,2015-10-31,15:00,Crystal Palace,Manchester Utd,24854,Selhurst Park,Mike Jones,https://fbref.com/en/matches/86952f23/Crystal-Palace-Manchester-United-October-31-2015-Premier-League,0,0
EPL,2015-2016,11,Sat,2015-10-31,15:00,West Brom,Leicester City,24150,The Hawthorns,Anthony Taylor,https://fbref.com/en/matches/d7177992/West-Bromwich-Albion-Leicester-City-October-31-2015-Premier-League,2,3
EPL,2015-2016,11,Sat,2015-10-31,15:00,Newcastle Utd,Stoke City,47139,St. James' Park,Roger East,https://fbref.com/en/matches/c0bb7ab6/Newcastle-United-Stoke-City-October-31-2015-Premier-League,0,0
EPL,2015-2016,11,Sat,2015-10-31,15:00,Watford,West Ham,20598,Vicarage Road Stadium,Keith Stroud,https://fbref.com/en/matches/f78f2639/Watford-West-Ham-United-October-31-2015-Premier-League,2,0
EPL,2015-2016,11,Sat,2015-10-31,15:00,Manchester City,Norwich City,53418,Etihad Stadium,Robert Madley,https://fbref.com/en/matches/8838d0a5/Manchester-City-Norwich-City-October-31-2015-Premier-League,2,1
EPL,2015-2016,11,Sun,2015-11-01,13:30,Everton,Sunderland,36617,Goodison Park,Andre Marriner,https://fbref.com/en/matches/5e72b782/Everton-Sunderland-November-1-2015-Premier-League,6,2
EPL,2015-2016,11,Sun,2015-11-01,16:00,Southampton,Bournemouth,31229,St. Mary's Stadium,Craig Pawson,https://fbref.com/en/matches/aabc5427/Southampton-Bournemouth-November-1-2015-Premier-League,2,0
EPL,2015-2016,11,Mon,2015-11-02,20:00,Tottenham,Aston Villa,34882,White Hart Lane,Mike Dean,https://fbref.com/en/matches/a31cada2/Tottenham-Hotspur-Aston-Villa-November-2-2015-Premier-League,3,1
EPL,2015-2016,12,Sat,2015-11-07,12:45,Bournemouth,Newcastle Utd,11155,Vitality Stadium,Lee Mason,https://fbref.com/en/matches/7a97d5be/Bournemouth-Newcastle-United-November-7-2015-Premier-League,0,1
EPL,2015-2016,12,Sat,2015-11-07,15:00,West Ham,Everton,34977,Boleyn Ground,Paul Tierney,https://fbref.com/en/matches/178e3379/West-Ham-United-Everton-November-7-2015-Premier-League,1,1
EPL,2015-2016,12,Sat,2015-11-07,15:00,Manchester Utd,West Brom,75410,Old Trafford,Mike Dean,https://fbref.com/en/matches/b9fb22c9/Manchester-United-West-Bromwich-Albion-November-7-2015-Premier-League,2,0
EPL,2015-2016,12,Sat,2015-11-07,15:00,Leicester City,Watford,32029,King Power Stadium,Roger East,https://fbref.com/en/matches/664143dd/Leicester-City-Watford-November-7-2015-Premier-League,2,1
EPL,2015-2016,12,Sat,2015-11-07,15:00,Sunderland,Southampton,41781,Stadium of Light,Mike Jones,https://fbref.com/en/matches/285d483a/Sunderland-Southampton-November-7-2015-Premier-League,0,1
EPL,2015-2016,12,Sat,2015-11-07,15:00,Norwich City,Swansea City,27029,Carrow Road,Mark Clattenburg,https://fbref.com/en/matches/9351699f/Norwich-City-Swansea-City-November-7-2015-Premier-League,1,0
EPL,2015-2016,12,Sat,2015-11-07,17:30,Stoke City,Chelsea,27550,Bet365 Stadium,Anthony Taylor,https://fbref.com/en/matches/1fd87946/Stoke-City-Chelsea-November-7-2015-Premier-League,1,0
EPL,2015-2016,12,Sun,2015-11-08,13:30,Aston Villa,Manchester City,36757,Villa Park,Craig Pawson,https://fbref.com/en/matches/1eda4c4b/Aston-Villa-Manchester-City-November-8-2015-Premier-League,0,0
EPL,2015-2016,12,Sun,2015-11-08,16:00,Liverpool,Crystal Palace,44115,Anfield,Niel Swarbrick,https://fbref.com/en/matches/89ea5895/Liverpool-Crystal-Palace-November-8-2015-Premier-League,1,2
EPL,2015-2016,12,Sun,2015-11-08,16:00,Arsenal,Tottenham,60060,Emirates Stadium,Martin Atkinson,https://fbref.com/en/matches/a933a6f4/North-London-Derby-Arsenal-Tottenham-Hotspur-November-8-2015-Premier-League,1,1
EPL,2015-2016,13,Sat,2015-11-21,12:45,Watford,Manchester Utd,20702,Vicarage Road Stadium,Robert Madley,https://fbref.com/en/matches/7e046c61/Watford-Manchester-United-November-21-2015-Premier-League,1,2
EPL,2015-2016,13,Sat,2015-11-21,15:00,West Brom,Arsenal,24343,The Hawthorns,Mark Clattenburg,https://fbref.com/en/matches/7fdd5f7e/West-Bromwich-Albion-Arsenal-November-21-2015-Premier-League,2,1
EPL,2015-2016,13,Sat,2015-11-21,15:00,Chelsea,Norwich City,41582,Stamford Bridge,Craig Pawson,https://fbref.com/en/matches/7b47d7c4/Chelsea-Norwich-City-November-21-2015-Premier-League,1,0
EPL,2015-2016,13,Sat,2015-11-21,15:00,Swansea City,Bournemouth,20878,Liberty Stadium,Andre Marriner,https://fbref.com/en/matches/20354312/Swansea-City-Bournemouth-November-21-2015-Premier-League,2,2
EPL,2015-2016,13,Sat,2015-11-21,15:00,Newcastle Utd,Leicester City,50151,St. James' Park,Mike Jones,https://fbref.com/en/matches/19345531/Newcastle-United-Leicester-City-November-21-2015-Premier-League,0,3
EPL,2015-2016,13,Sat,2015-11-21,15:00,Everton,Aston Villa,38424,Goodison Park,Michael Oliver,https://fbref.com/en/matches/47dfdc91/Everton-Aston-Villa-November-21-2015-Premier-League,4,0
EPL,2015-2016,13,Sat,2015-11-21,15:00,Southampton,Stoke City,30039,St. Mary's Stadium,Lee Mason,https://fbref.com/en/matches/2acc02f8/Southampton-Stoke-City-November-21-2015-Premier-League,0,1
EPL,2015-2016,13,Sat,2015-11-21,17:30,Manchester City,Liverpool,54444,Etihad Stadium,Jonathan Moss,https://fbref.com/en/matches/a583fe62/Manchester-City-Liverpool-November-21-2015-Premier-League,1,4
EPL,2015-2016,13,Sun,2015-11-22,16:00,Tottenham,West Ham,35968,White Hart Lane,Anthony Taylor,https://fbref.com/en/matches/598f83ac/Tottenham-Hotspur-West-Ham-United-November-22-2015-Premier-League,4,1
EPL,2015-2016,13,Mon,2015-11-23,20:00,Crystal Palace,Sunderland,24361,Selhurst Park,Martin Atkinson,https://fbref.com/en/matches/d2edefda/Crystal-Palace-Sunderland-November-23-2015-Premier-League,0,1
EPL,2015-2016,14,Sat,2015-11-28,15:00,Aston Villa,Watford,35057,Villa Park,Lee Mason,https://fbref.com/en/matches/ea9b69f4/Aston-Villa-Watford-November-28-2015-Premier-League,2,3
EPL,2015-2016,14,Sat,2015-11-28,15:00,Bournemouth,Everton,11228,Vitality Stadium,Kevin Friend,https://fbref.com/en/matches/4612597b/Bournemouth-Everton-November-28-2015-Premier-League,3,3
EPL,2015-2016,14,Sat,2015-11-28,15:00,Crystal Palace,Newcastle Utd,24833,Selhurst Park,Stuart Attwell,https://fbref.com/en/matches/592586df/Crystal-Palace-Newcastle-United-November-28-2015-Premier-League,5,1
EPL,2015-2016,14,Sat,2015-11-28,15:00,Manchester City,Southampton,54102,Etihad Stadium,Roger East,https://fbref.com/en/matches/98d93343/Manchester-City-Southampton-November-28-2015-Premier-League,3,1
EPL,2015-2016,14,Sat,2015-11-28,15:00,Sunderland,Stoke City,41516,Stadium of Light,Mike Dean,https://fbref.com/en/matches/387d9688/Sunderland-Stoke-City-November-28-2015-Premier-League,2,0
EPL,2015-2016,14,Sat,2015-11-28,17:30,Leicester City,Manchester Utd,32115,King Power Stadium,Craig Pawson,https://fbref.com/en/matches/6a421739/Leicester-City-Manchester-United-November-28-2015-Premier-League,1,1
EPL,2015-2016,14,Sun,2015-11-29,12:00,Tottenham,Chelsea,35639,White Hart Lane,Michael Oliver,https://fbref.com/en/matches/83dd104d/Tottenham-Hotspur-Chelsea-November-29-2015-Premier-League,0,0
EPL,2015-2016,14,Sun,2015-11-29,14:05,West Ham,West Brom,34914,Boleyn Ground,Martin Atkinson,https://fbref.com/en/matches/1d62ede3/West-Ham-United-West-Bromwich-Albion-November-29-2015-Premier-League,1,1
EPL,2015-2016,14,Sun,2015-11-29,16:15,Norwich City,Arsenal,27091,Carrow Road,Jonathan Moss,https://fbref.com/en/matches/c405d35a/Norwich-City-Arsenal-November-29-2015-Premier-League,1,1
EPL,2015-2016,14,Sun,2015-11-29,16:15,Liverpool,Swansea City,43905,Anfield,Anthony Taylor,https://fbref.com/en/matches/56d34675/Liverpool-Swansea-City-November-29-2015-Premier-League,1,0
EPL,2015-2016,15,Sat,2015-12-05,12:45,Stoke City,Manchester City,27264,Bet365 Stadium,Martin Atkinson,https://fbref.com/en/matches/d8e95448/Stoke-City-Manchester-City-December-5-2015-Premier-League,2,0
EPL,2015-2016,15,Sat,2015-12-05,15:00,Manchester Utd,West Ham,75350,Old Trafford,Mark Clattenburg,https://fbref.com/en/matches/7c620663/Manchester-United-West-Ham-United-December-5-2015-Premier-League,0,0
EPL,2015-2016,15,Sat,2015-12-05,15:00,Southampton,Aston Villa,29645,St. Mary's Stadium,Anthony Taylor,https://fbref.com/en/matches/0925bd5b/Southampton-Aston-Villa-December-5-2015-Premier-League,1,1
EPL,2015-2016,15,Sat,2015-12-05,15:00,Watford,Norwich City,20422,Vicarage Road Stadium,Mike Dean,https://fbref.com/en/matches/e9761bcd/Watford-Norwich-City-December-5-2015-Premier-League,2,0
EPL,2015-2016,15,Sat,2015-12-05,15:00,Arsenal,Sunderland,59937,Emirates Stadium,Robert Madley,https://fbref.com/en/matches/203cc04b/Arsenal-Sunderland-December-5-2015-Premier-League,3,1
EPL,2015-2016,15,Sat,2015-12-05,15:00,Swansea City,Leicester City,20836,Liberty Stadium,Michael Oliver,https://fbref.com/en/matches/8bd222b7/Swansea-City-Leicester-City-December-5-2015-Premier-League,0,3
EPL,2015-2016,15,Sat,2015-12-05,15:00,West Brom,Tottenham,23602,The Hawthorns,Jonathan Moss,https://fbref.com/en/matches/4a3203db/West-Bromwich-Albion-Tottenham-Hotspur-December-5-2015-Premier-League,1,1
EPL,2015-2016,15,Sat,2015-12-05,17:30,Chelsea,Bournemouth,41631,Stamford Bridge,Mike Jones,https://fbref.com/en/matches/0ca6147e/Chelsea-Bournemouth-December-5-2015-Premier-League,0,1
EPL,2015-2016,15,Sun,2015-12-06,16:00,Newcastle Utd,Liverpool,51273,St. James' Park,Andre Marriner,https://fbref.com/en/matches/7374bb6a/Newcastle-United-Liverpool-December-6-2015-Premier-League,2,0
EPL,2015-2016,15,Mon,2015-12-07,20:00,Everton,Crystal Palace,35736,Goodison Park,Craig Pawson,https://fbref.com/en/matches/bffc2b50/Everton-Crystal-Palace-December-7-2015-Premier-League,1,1
EPL,2015-2016,16,Sat,2015-12-12,12:45,Norwich City,Everton,27027,Carrow Road,Martin Atkinson,https://fbref.com/en/matches/47af8a65/Norwich-City-Everton-December-12-2015-Premier-League,1,1
EPL,2015-2016,16,Sat,2015-12-12,15:00,Crystal Palace,Southampton,24914,Selhurst Park,Mike Dean,https://fbref.com/en/matches/75412be9/Crystal-Palace-Southampton-December-12-2015-Premier-League,1,0
EPL,2015-2016,16,Sat,2015-12-12,15:00,Sunderland,Watford,43989,Stadium of Light,Graham Scott,https://fbref.com/en/matches/b41f9bf0/Sunderland-Watford-December-12-2015-Premier-League,0,1
EPL,2015-2016,16,Sat,2015-12-12,15:00,Manchester City,Swansea City,53052,Etihad Stadium,Robert Madley,https://fbref.com/en/matches/be37683c/Manchester-City-Swansea-City-December-12-2015-Premier-League,2,1
EPL,2015-2016,16,Sat,2015-12-12,15:00,West Ham,Stoke City,34857,Boleyn Ground,Andre Marriner,https://fbref.com/en/matches/6f795733/West-Ham-United-Stoke-City-December-12-2015-Premier-League,0,0
EPL,2015-2016,16,Sat,2015-12-12,17:30,Bournemouth,Manchester Utd,11334,Vitality Stadium,Anthony Taylor,https://fbref.com/en/matches/cb602d61/Bournemouth-Manchester-United-December-12-2015-Premier-League,2,1
EPL,2015-2016,16,Sun,2015-12-13,13:30,Aston Villa,Arsenal,33285,Villa Park,Kevin Friend,https://fbref.com/en/matches/94c9acf6/Aston-Villa-Arsenal-December-13-2015-Premier-League,0,2
EPL,2015-2016,16,Sun,2015-12-13,16:00,Tottenham,Newcastle Utd,35768,White Hart Lane,Roger East,https://fbref.com/en/matches/b31ba726/Tottenham-Hotspur-Newcastle-United-December-13-2015-Premier-League,1,2
EPL,2015-2016,16,Sun,2015-12-13,16:00,Liverpool,West Brom,44147,Anfield,Craig Pawson,https://fbref.com/en/matches/78365dcc/Liverpool-West-Bromwich-Albion-December-13-2015-Premier-League,2,2
EPL,2015-2016,16,Mon,2015-12-14,20:00,Leicester City,Chelsea,32054,King Power Stadium,Mark Clattenburg,https://fbref.com/en/matches/37cb8a35/Leicester-City-Chelsea-December-14-2015-Premier-League,2,1
EPL,2015-2016,17,Sat,2015-12-19,15:00,West Brom,Bournemouth,26127,The Hawthorns,Mike Dean,https://fbref.com/en/matches/24d9b234/West-Bromwich-Albion-Bournemouth-December-19-2015-Premier-League,1,2
EPL,2015-2016,17,Sat,2015-12-19,15:00,Southampton,Tottenham,31636,St. Mary's Stadium,Kevin Friend,https://fbref.com/en/matches/2bb1225e/Southampton-Tottenham-Hotspur-December-19-2015-Premier-League,0,2
EPL,2015-2016,17,Sat,2015-12-19,15:00,Everton,Leicester City,39570,Goodison Park,Jonathan Moss,https://fbref.com/en/matches/301aea47/Everton-Leicester-City-December-19-2015-Premier-League,2,3
EPL,2015-2016,17,Sat,2015-12-19,15:00,Stoke City,Crystal Palace,27500,Bet365 Stadium,Robert Madley,https://fbref.com/en/matches/0fbae0cb/Stoke-City-Crystal-Palace-December-19-2015-Premier-League,1,2
EPL,2015-2016,17,Sat,2015-12-19,15:00,Chelsea,Sunderland,41562,Stamford Bridge,Roger East,https://fbref.com/en/matches/34f67709/Chelsea-Sunderland-December-19-2015-Premier-League,3,1
EPL,2015-2016,17,Sat,2015-12-19,15:00,Manchester Utd,Norwich City,75320,Old Trafford,Michael Oliver,https://fbref.com/en/matches/8d502375/Manchester-United-Norwich-City-December-19-2015-Premier-League,1,2
EPL,2015-2016,17,Sat,2015-12-19,17:30,Newcastle Utd,Aston Villa,48234,St. James' Park,Martin Atkinson,https://fbref.com/en/matches/ee99727b/Newcastle-United-Aston-Villa-December-19-2015-Premier-League,1,1
EPL,2015-2016,17,Sun,2015-12-20,13:30,Watford,Liverpool,20707,Vicarage Road Stadium,Mark Clattenburg,https://fbref.com/en/matches/f67b84ec/Watford-Liverpool-December-20-2015-Premier-League,3,0
EPL,2015-2016,17,Sun,2015-12-20,16:00,Swansea City,West Ham,20661,Liberty Stadium,Lee Mason,https://fbref.com/en/matches/4a585414/Swansea-City-West-Ham-United-December-20-2015-Premier-League,0,0
EPL,2015-2016,17,Mon,2015-12-21,20:00,Arsenal,Manchester City,60053,Emirates Stadium,Andre Marriner,https://fbref.com/en/matches/872b392d/Arsenal-Manchester-City-December-21-2015-Premier-League,2,1
EPL,2015-2016,18,Sat,2015-12-26,12:45,Stoke City,Manchester Utd,27426,Bet365 Stadium,Kevin Friend,https://fbref.com/en/matches/693de83b/Stoke-City-Manchester-United-December-26-2015-Premier-League,2,0
EPL,2015-2016,18,Sat,2015-12-26,15:00,Manchester City,Sunderland,54523,Etihad Stadium,Anthony Taylor,https://fbref.com/en/matches/36ded974/Manchester-City-Sunderland-December-26-2015-Premier-League,4,1
EPL,2015-2016,18,Sat,2015-12-26,15:00,Liverpool,Leicester City,44123,Anfield,Martin Atkinson,https://fbref.com/en/matches/8bd883d7/Liverpool-Leicester-City-December-26-2015-Premier-League,1,0
EPL,2015-2016,18,Sat,2015-12-26,15:00,Aston Villa,West Ham,38193,Villa Park,Mike Dean,https://fbref.com/en/matches/f8236acb/Aston-Villa-West-Ham-United-December-26-2015-Premier-League,1,1
EPL,2015-2016,18,Sat,2015-12-26,15:00,Swansea City,West Brom,20789,Liberty Stadium,Roger East,https://fbref.com/en/matches/77cbabe9/Swansea-City-West-Bromwich-Albion-December-26-2015-Premier-League,1,0
EPL,2015-2016,18,Sat,2015-12-26,15:00,Bournemouth,Crystal Palace,11218,Vitality Stadium,Michael Oliver,https://fbref.com/en/matches/01820603/Bournemouth-Crystal-Palace-December-26-2015-Premier-League,0,0
EPL,2015-2016,18,Sat,2015-12-26,15:00,Chelsea,Watford,41620,Stamford Bridge,Andre Marriner,https://fbref.com/en/matches/a2ad6029/Chelsea-Watford-December-26-2015-Premier-League,2,2
EPL,2015-2016,18,Sat,2015-12-26,15:00,Tottenham,Norwich City,35198,White Hart Lane,Mike Jones,https://fbref.com/en/matches/2e22c9fd/Tottenham-Hotspur-Norwich-City-December-26-2015-Premier-League,3,0
EPL,2015-2016,18,Sat,2015-12-26,17:30,Newcastle Utd,Everton,51682,St. James' Park,Lee Mason,https://fbref.com/en/matches/41cdb720/Newcastle-United-Everton-December-26-2015-Premier-League,0,1
EPL,2015-2016,18,Sat,2015-12-26,19:45,Southampton,Arsenal,31669,St. Mary's Stadium,Jonathan Moss,https://fbref.com/en/matches/286d0196/Southampton-Arsenal-December-26-2015-Premier-League,4,0
EPL,2015-2016,19,Mon,2015-12-28,15:00,Watford,Tottenham,20730,Vicarage Road Stadium,Anthony Taylor,https://fbref.com/en/matches/0561f571/Watford-Tottenham-Hotspur-December-28-2015-Premier-League,1,2
EPL,2015-2016,19,Mon,2015-12-28,15:00,West Brom,Newcastle Utd,26313,The Hawthorns,Mike Jones,https://fbref.com/en/matches/6d9ee499/West-Bromwich-Albion-Newcastle-United-December-28-2015-Premier-League,1,0
EPL,2015-2016,19,Mon,2015-12-28,15:00,Norwich City,Aston Villa,27071,Carrow Road,Graham Scott,https://fbref.com/en/matches/88ea2492/Norwich-City-Aston-Villa-December-28-2015-Premier-League,2,0
EPL,2015-2016,19,Mon,2015-12-28,15:00,Crystal Palace,Swansea City,23714,Selhurst Park,Niel Swarbrick,https://fbref.com/en/matches/9667e461/Crystal-Palace-Swansea-City-December-28-2015-Premier-League,0,0
EPL,2015-2016,19,Mon,2015-12-28,15:00,Everton,Stoke City,39340,Goodison Park,Mark Clattenburg,https://fbref.com/en/matches/889a660d/Everton-Stoke-City-December-28-2015-Premier-League,3,4
EPL,2015-2016,19,Mon,2015-12-28,17:30,West Ham,Southampton,34977,Boleyn Ground,Michael Oliver,https://fbref.com/en/matches/2333c8df/West-Ham-United-Southampton-December-28-2015-Premier-League,2,1
EPL,2015-2016,19,Mon,2015-12-28,17:30,Manchester Utd,Chelsea,75275,Old Trafford,Martin Atkinson,https://fbref.com/en/matches/ee5182b1/Manchester-United-Chelsea-December-28-2015-Premier-League,0,0
EPL,2015-2016,19,Mon,2015-12-28,17:30,Arsenal,Bournemouth,59983,Emirates Stadium,Roger East,https://fbref.com/en/matches/d953d0bd/Arsenal-Bournemouth-December-28-2015-Premier-League,2,0
EPL,2015-2016,19,Tue,2015-12-29,19:45,Leicester City,Manchester City,32072,King Power Stadium,Craig Pawson,https://fbref.com/en/matches/02a152cf/Leicester-City-Manchester-City-December-29-2015-Premier-League,0,0
EPL,2015-2016,19,Wed,2015-12-30,19:45,Sunderland,Liverpool,45765,Stadium of Light,Kevin Friend,https://fbref.com/en/matches/034b8c78/Sunderland-Liverpool-December-30-2015-Premier-League,0,1
EPL,2015-2016,20,Sat,2016-01-02,12:45,West Ham,Liverpool,34977,Boleyn Ground,Robert Madley,https://fbref.com/en/matches/22bd65d5/West-Ham-United-Liverpool-January-2-2016-Premier-League,2,0
EPL,2015-2016,20,Sat,2016-01-02,15:00,Sunderland,Aston Villa,41535,Stadium of Light,Craig Pawson,https://fbref.com/en/matches/a9494dac/Sunderland-Aston-Villa-January-2-2016-Premier-League,3,1
EPL,2015-2016,20,Sat,2016-01-02,15:00,West Brom,Stoke City,23218,The Hawthorns,Lee Mason,https://fbref.com/en/matches/a5cf696a/West-Bromwich-Albion-Stoke-City-January-2-2016-Premier-League,2,1
EPL,2015-2016,20,Sat,2016-01-02,15:00,Norwich City,Southampton,27022,Carrow Road,Mark Clattenburg,https://fbref.com/en/matches/151c29cc/Norwich-City-Southampton-January-2-2016-Premier-League,1,0
EPL,2015-2016,20,Sat,2016-01-02,15:00,Manchester Utd,Swansea City,75415,Old Trafford,Jonathan Moss,https://fbref.com/en/matches/361c2104/Manchester-United-Swansea-City-January-2-2016-Premier-League,2,1
EPL,2015-2016,20,Sat,2016-01-02,15:00,Arsenal,Newcastle Utd,59257,Emirates Stadium,Anthony Taylor,https://fbref.com/en/matches/994b8926/Arsenal-Newcastle-United-January-2-2016-Premier-League,1,0
EPL,2015-2016,20,Sat,2016-01-02,15:00,Leicester City,Bournemouth,32006,King Power Stadium,Andre Marriner,https://fbref.com/en/matches/d62b637d/Leicester-City-Bournemouth-January-2-2016-Premier-League,0,0
EPL,2015-2016,20,Sat,2016-01-02,17:30,Watford,Manchester City,20676,Vicarage Road Stadium,Martin Atkinson,https://fbref.com/en/matches/dc0bbe7b/Watford-Manchester-City-January-2-2016-Premier-League,1,2
EPL,2015-2016,20,Sun,2016-01-03,13:30,Crystal Palace,Chelsea,24854,Selhurst Park,Kevin Friend,https://fbref.com/en/matches/48138be7/Crystal-Palace-Chelsea-January-3-2016-Premier-League,0,3
EPL,2015-2016,20,Sun,2016-01-03,16:00,Everton,Tottenham,38482,Goodison Park,Michael Oliver,https://fbref.com/en/matches/90ccfe96/Everton-Tottenham-Hotspur-January-3-2016-Premier-League,1,1
EPL,2015-2016,21,Tue,2016-01-12,19:45,Bournemouth,West Ham,11071,Vitality Stadium,Martin Atkinson,https://fbref.com/en/matches/d10464f5/Bournemouth-West-Ham-United-January-12-2016-Premier-League,1,3
EPL,2015-2016,21,Tue,2016-01-12,19:45,Aston Villa,Crystal Palace,28245,Villa Park,Mark Clattenburg,https://fbref.com/en/matches/5430cb6c/Aston-Villa-Crystal-Palace-January-12-2016-Premier-League,1,0
EPL,2015-2016,21,Tue,2016-01-12,19:45,Newcastle Utd,Manchester Utd,49673,St. James' Park,Mike Dean,https://fbref.com/en/matches/9935dde6/Newcastle-United-Manchester-United-January-12-2016-Premier-League,3,3
EPL,2015-2016,21,Wed,2016-01-13,19:45,Southampton,Watford,28399,St. Mary's Stadium,Craig Pawson,https://fbref.com/en/matches/9d8a519a/Southampton-Watford-January-13-2016-Premier-League,2,0
EPL,2015-2016,21,Wed,2016-01-13,19:45,Swansea City,Sunderland,20140,Liberty Stadium,Graham Scott,https://fbref.com/en/matches/248c21a7/Swansea-City-Sunderland-January-13-2016-Premier-League,2,4
EPL,2015-2016,21,Wed,2016-01-13,19:45,Chelsea,West Brom,40945,Stamford Bridge,Anthony Taylor,https://fbref.com/en/matches/cbd5807b/Chelsea-West-Bromwich-Albion-January-13-2016-Premier-League,2,2
EPL,2015-2016,21,Wed,2016-01-13,19:45,Manchester City,Everton,53796,Etihad Stadium,Roger East,https://fbref.com/en/matches/fd8569cf/Manchester-City-Everton-January-13-2016-Premier-League,0,0
EPL,2015-2016,21,Wed,2016-01-13,19:45,Stoke City,Norwich City,27274,Bet365 Stadium,Niel Swarbrick,https://fbref.com/en/matches/3e918925/Stoke-City-Norwich-City-January-13-2016-Premier-League,3,1
EPL,2015-2016,21,Wed,2016-01-13,20:00,Liverpool,Arsenal,44109,Anfield,Mike Jones,https://fbref.com/en/matches/ec3591d1/Liverpool-Arsenal-January-13-2016-Premier-League,3,3
EPL,2015-2016,21,Wed,2016-01-13,20:00,Tottenham,Leicester City,35850,White Hart Lane,Lee Mason,https://fbref.com/en/matches/342f0672/Tottenham-Hotspur-Leicester-City-January-13-2016-Premier-League,0,1
EPL,2015-2016,22,Sat,2016-01-16,12:45,Tottenham,Sunderland,35854,White Hart Lane,Mike Dean,https://fbref.com/en/matches/c4ee4d89/Tottenham-Hotspur-Sunderland-January-16-2016-Premier-League,4,1
EPL,2015-2016,22,Sat,2016-01-16,15:00,Bournemouth,Norwich City,11065,Vitality Stadium,Robert Madley,https://fbref.com/en/matches/0bc45bff/Bournemouth-Norwich-City-January-16-2016-Premier-League,3,0
EPL,2015-2016,22,Sat,2016-01-16,15:00,Manchester City,Crystal Palace,53983,Etihad Stadium,Jonathan Moss,https://fbref.com/en/matches/f7537967/Manchester-City-Crystal-Palace-January-16-2016-Premier-League,4,0
EPL,2015-2016,22,Sat,2016-01-16,15:00,Newcastle Utd,West Ham,50031,St. James' Park,Niel Swarbrick,https://fbref.com/en/matches/d648ab05/Newcastle-United-West-Ham-United-January-16-2016-Premier-League,2,1
EPL,2015-2016,22,Sat,2016-01-16,15:00,Chelsea,Everton,41633,Stamford Bridge,Mike Jones,https://fbref.com/en/matches/6de922d4/Chelsea-Everton-January-16-2016-Premier-League,3,3
EPL,2015-2016,22,Sat,2016-01-16,15:00,Southampton,West Brom,29622,St. Mary's Stadium,Martin Atkinson,https://fbref.com/en/matches/37bbfd24/Southampton-West-Bromwich-Albion-January-16-2016-Premier-League,3,0
EPL,2015-2016,22,Sat,2016-01-16,17:30,Aston Villa,Leicester City,32763,Villa Park,Roger East,https://fbref.com/en/matches/5715d181/Aston-Villa-Leicester-City-January-16-2016-Premier-League,1,1
EPL,2015-2016,22,Sun,2016-01-17,14:05,Liverpool,Manchester Utd,43865,Anfield,Mark Clattenburg,https://fbref.com/en/matches/6ec8243f/North-West-Derby-Liverpool-Manchester-United-January-17-2016-Premier-League,0,1
EPL,2015-2016,22,Sun,2016-01-17,16:15,Stoke City,Arsenal,27683,Bet365 Stadium,Craig Pawson,https://fbref.com/en/matches/bb6fe6ba/Stoke-City-Arsenal-January-17-2016-Premier-League,0,0
EPL,2015-2016,22,Mon,2016-01-18,20:00,Swansea City,Watford,20430,Liberty Stadium,Michael Oliver,https://fbref.com/en/matches/f444b367/Swansea-City-Watford-January-18-2016-Premier-League,1,0
EPL,2015-2016,23,Sat,2016-01-23,12:45,Norwich City,Liverpool,27108,Carrow Road,Lee Mason,https://fbref.com/en/matches/dcce81e2/Norwich-City-Liverpool-January-23-2016-Premier-League,4,5
EPL,2015-2016,23,Sat,2016-01-23,15:00,West Brom,Aston Villa,26165,The Hawthorns,Robert Madley,https://fbref.com/en/matches/6e1a0443/West-Bromwich-Albion-Aston-Villa-January-23-2016-Premier-League,0,0
EPL,2015-2016,23,Sat,2016-01-23,15:00,Watford,Newcastle Utd,20611,Vicarage Road Stadium,Andre Marriner,https://fbref.com/en/matches/17e1a265/Watford-Newcastle-United-January-23-2016-Premier-League,2,1
EPL,2015-2016,23,Sat,2016-01-23,15:00,Sunderland,Bournemouth,41367,Stadium of Light,Roger East,https://fbref.com/en/matches/28d4ad02/Sunderland-Bournemouth-January-23-2016-Premier-League,1,1
EPL,2015-2016,23,Sat,2016-01-23,15:00,Manchester Utd,Southampton,75408,Old Trafford,Mike Jones,https://fbref.com/en/matches/12035b2a/Manchester-United-Southampton-January-23-2016-Premier-League,0,1
EPL,2015-2016,23,Sat,2016-01-23,15:00,Crystal Palace,Tottenham,28467,Selhurst Park,Martin Atkinson,https://fbref.com/en/matches/b84c6793/Crystal-Palace-Tottenham-Hotspur-January-23-2016-Premier-League,1,3
EPL,2015-2016,23,Sat,2016-01-23,15:00,Leicester City,Stoke City,32018,King Power Stadium,Mike Dean,https://fbref.com/en/matches/1bec2f78/Leicester-City-Stoke-City-January-23-2016-Premier-League,3,0
EPL,2015-2016,23,Sat,2016-01-23,17:30,West Ham,Manchester City,34977,Boleyn Ground,Craig Pawson,https://fbref.com/en/matches/7ec8244a/West-Ham-United-Manchester-City-January-23-2016-Premier-League,2,2
EPL,2015-2016,23,Sun,2016-01-24,13:30,Everton,Swansea City,36908,Goodison Park,Anthony Taylor,https://fbref.com/en/matches/4310700a/Everton-Swansea-City-January-24-2016-Premier-League,1,2
EPL,2015-2016,23,Sun,2016-01-24,16:00,Arsenal,Chelsea,60072,Emirates Stadium,Mark Clattenburg,https://fbref.com/en/matches/69ca9a71/North-West-London-Derby-Arsenal-Chelsea-January-24-2016-Premier-League,0,1
EPL,2015-2016,24,Tue,2016-02-02,19:45,Leicester City,Liverpool,32121,King Power Stadium,Andre Marriner,https://fbref.com/en/matches/730a34a9/Leicester-City-Liverpool-February-2-2016-Premier-League,2,0
EPL,2015-2016,24,Tue,2016-02-02,19:45,Sunderland,Manchester City,38852,Stadium of Light,Stuart Attwell,https://fbref.com/en/matches/36f7d04e/Sunderland-Manchester-City-February-2-2016-Premier-League,0,1
EPL,2015-2016,24,Tue,2016-02-02,19:45,West Ham,Aston Villa,34914,Boleyn Ground,Jonathan Moss,https://fbref.com/en/matches/5e42cd8b/West-Ham-United-Aston-Villa-February-2-2016-Premier-League,2,0
EPL,2015-2016,24,Tue,2016-02-02,19:45,Arsenal,Southampton,60044,Emirates Stadium,Lee Mason,https://fbref.com/en/matches/95b5d3e4/Arsenal-Southampton-February-2-2016-Premier-League,0,0
EPL,2015-2016,24,Tue,2016-02-02,19:45,Norwich City,Tottenham,27067,Carrow Road,Kevin Friend,https://fbref.com/en/matches/efbefc7a/Norwich-City-Tottenham-Hotspur-February-2-2016-Premier-League,0,3
EPL,2015-2016,24,Tue,2016-02-02,20:00,Manchester Utd,Stoke City,75234,Old Trafford,Roger East,https://fbref.com/en/matches/90ad6691/Manchester-United-Stoke-City-February-2-2016-Premier-League,3,0
EPL,2015-2016,24,Tue,2016-02-02,20:00,West Brom,Swansea City,22062,The Hawthorns,Niel Swarbrick,https://fbref.com/en/matches/f7a00f0c/West-Bromwich-Albion-Swansea-City-February-2-2016-Premier-League,1,1
EPL,2015-2016,24,Tue,2016-02-02,20:00,Crystal Palace,Bournemouth,24855,Selhurst Park,Mike Jones,https://fbref.com/en/matches/e27d55b0/Crystal-Palace-Bournemouth-February-2-2016-Premier-League,1,2
EPL,2015-2016,24,Wed,2016-02-03,19:45,Everton,Newcastle Utd,36061,Goodison Park,Craig Pawson,https://fbref.com/en/matches/3c1777e3/Everton-Newcastle-United-February-3-2016-Premier-League,3,0
EPL,2015-2016,24,Wed,2016-02-03,19:45,Watford,Chelsea,20910,Vicarage Road Stadium,Mike Dean,https://fbref.com/en/matches/2a4f35dd/Watford-Chelsea-February-3-2016-Premier-League,0,0
EPL,2015-2016,25,Sat,2016-02-06,12:45,Manchester City,Leicester City,54693,Etihad Stadium,Anthony Taylor,https://fbref.com/en/matches/7ffb1e98/Manchester-City-Leicester-City-February-6-2016-Premier-League,1,3
EPL,2015-2016,25,Sat,2016-02-06,15:00,Tottenham,Watford,35997,White Hart Lane,Roger East,https://fbref.com/en/matches/a1dcb650/Tottenham-Hotspur-Watford-February-6-2016-Premier-League,1,0
EPL,2015-2016,25,Sat,2016-02-06,15:00,Stoke City,Everton,27733,Bet365 Stadium,Andre Marriner,https://fbref.com/en/matches/65e02142/Stoke-City-Everton-February-6-2016-Premier-League,0,3
EPL,2015-2016,25,Sat,2016-02-06,15:00,Newcastle Utd,West Brom,50152,St. James' Park,Lee Mason,https://fbref.com/en/matches/d15731c1/Newcastle-United-West-Bromwich-Albion-February-6-2016-Premier-League,1,0
EPL,2015-2016,25,Sat,2016-02-06,15:00,Liverpool,Sunderland,44179,Anfield,Robert Madley,https://fbref.com/en/matches/8ebf4e50/Liverpool-Sunderland-February-6-2016-Premier-League,2,2
EPL,2015-2016,25,Sat,2016-02-06,15:00,Swansea City,Crystal Palace,20492,Liberty Stadium,Mike Dean,https://fbref.com/en/matches/7d9f3a39/Swansea-City-Crystal-Palace-February-6-2016-Premier-League,1,1
EPL,2015-2016,25,Sat,2016-02-06,15:00,Aston Villa,Norwich City,32472,Villa Park,Martin Atkinson,https://fbref.com/en/matches/edf56f2e/Aston-Villa-Norwich-City-February-6-2016-Premier-League,2,0
EPL,2015-2016,25,Sat,2016-02-06,17:30,Southampton,West Ham,29161,St. Mary's Stadium,Mark Clattenburg,https://fbref.com/en/matches/031afa26/Southampton-West-Ham-United-February-6-2016-Premier-League,1,0
EPL,2015-2016,25,Sun,2016-02-07,13:30,Bournemouth,Arsenal,11357,Vitality Stadium,Kevin Friend,https://fbref.com/en/matches/ae9065f7/Bournemouth-Arsenal-February-7-2016-Premier-League,0,2
EPL,2015-2016,25,Sun,2016-02-07,16:00,Chelsea,Manchester Utd,41434,Stamford Bridge,Michael Oliver,https://fbref.com/en/matches/224c4314/Chelsea-Manchester-United-February-7-2016-Premier-League,1,1
EPL,2015-2016,26,Sat,2016-02-13,12:45,Sunderland,Manchester Utd,41687,Stadium of Light,Andre Marriner,https://fbref.com/en/matches/cb8d1c8c/Sunderland-Manchester-United-February-13-2016-Premier-League,2,1
EPL,2015-2016,26,Sat,2016-02-13,15:00,Crystal Palace,Watford,24564,Selhurst Park,Robert Madley,https://fbref.com/en/matches/40d7bd55/Crystal-Palace-Watford-February-13-2016-Premier-League,1,2
EPL,2015-2016,26,Sat,2016-02-13,15:00,Bournemouth,Stoke City,10863,Vitality Stadium,Graham Scott,https://fbref.com/en/matches/fa7acde5/Bournemouth-Stoke-City-February-13-2016-Premier-League,1,3
EPL,2015-2016,26,Sat,2016-02-13,15:00,Swansea City,Southampton,20890,Liberty Stadium,Jonathan Moss,https://fbref.com/en/matches/2c49abac/Swansea-City-Southampton-February-13-2016-Premier-League,0,1
EPL,2015-2016,26,Sat,2016-02-13,15:00,Everton,West Brom,38103,Goodison Park,Michael Oliver,https://fbref.com/en/matches/46e6c5e2/Everton-West-Bromwich-Albion-February-13-2016-Premier-League,0,1
EPL,2015-2016,26,Sat,2016-02-13,15:00,Norwich City,West Ham,27101,Carrow Road,Mike Jones,https://fbref.com/en/matches/a81b425a/Norwich-City-West-Ham-United-February-13-2016-Premier-League,2,2
EPL,2015-2016,26,Sat,2016-02-13,17:30,Chelsea,Newcastle Utd,41622,Stamford Bridge,Roger East,https://fbref.com/en/matches/113f5f99/Chelsea-Newcastle-United-February-13-2016-Premier-League,5,1
EPL,2015-2016,26,Sun,2016-02-14,12:00,Arsenal,Leicester City,60009,Emirates Stadium,Martin Atkinson,https://fbref.com/en/matches/a842f0d2/Arsenal-Leicester-City-February-14-2016-Premier-League,2,1
EPL,2015-2016,26,Sun,2016-02-14,14:05,Aston Villa,Liverpool,35798,Villa Park,Niel Swarbrick,https://fbref.com/en/matches/f29d5aa4/Aston-Villa-Liverpool-February-14-2016-Premier-League,0,6
EPL,2015-2016,26,Sun,2016-02-14,16:15,Manchester City,Tottenham,54551,Etihad Stadium,Mark Clattenburg,https://fbref.com/en/matches/2e18ee84/Manchester-City-Tottenham-Hotspur-February-14-2016-Premier-League,1,2
EPL,2015-2016,27,Sat,2016-02-27,12:45,West Ham,Sunderland,34946,Boleyn Ground,Mike Dean,https://fbref.com/en/matches/74ebaee1/West-Ham-United-Sunderland-February-27-2016-Premier-League,1,0
EPL,2015-2016,27,Sat,2016-02-27,15:00,Stoke City,Aston Villa,27703,Bet365 Stadium,Kevin Friend,https://fbref.com/en/matches/25962ee6/Stoke-City-Aston-Villa-February-27-2016-Premier-League,2,1
EPL,2015-2016,27,Sat,2016-02-27,15:00,Southampton,Chelsea,31688,St. Mary's Stadium,Martin Atkinson,https://fbref.com/en/matches/bf4ae13b/Southampton-Chelsea-February-27-2016-Premier-League,1,2
EPL,2015-2016,27,Sat,2016-02-27,15:00,Watford,Bournemouth,20831,Vicarage Road Stadium,Anthony Taylor,https://fbref.com/en/matches/3410fcdc/Watford-Bournemouth-February-27-2016-Premier-League,0,0
EPL,2015-2016,27,Sat,2016-02-27,15:00,Leicester City,Norwich City,32114,King Power Stadium,Niel Swarbrick,https://fbref.com/en/matches/05fc0918/Leicester-City-Norwich-City-February-27-2016-Premier-League,1,0
EPL,2015-2016,27,Sat,2016-02-27,17:30,West Brom,Crystal Palace,24806,The Hawthorns,Jonathan Moss,https://fbref.com/en/matches/38358fdf/West-Bromwich-Albion-Crystal-Palace-February-27-2016-Premier-League,3,2
EPL,2015-2016,27,Sun,2016-02-28,14:05,Tottenham,Swansea City,35922,White Hart Lane,Mike Jones,https://fbref.com/en/matches/a30cc6cb/Tottenham-Hotspur-Swansea-City-February-28-2016-Premier-League,2,1
EPL,2015-2016,27,Sun,2016-02-28,14:05,Manchester Utd,Arsenal,75329,Old Trafford,Craig Pawson,https://fbref.com/en/matches/5d8bf07d/Manchester-United-Arsenal-February-28-2016-Premier-League,3,2
EPL,2015-2016,28,Tue,2016-03-01,19:45,Sunderland,Crystal Palace,39795,Stadium of Light,Anthony Taylor,https://fbref.com/en/matches/fd8e6f5d/Sunderland-Crystal-Palace-March-1-2016-Premier-League,2,2
EPL,2015-2016,28,Tue,2016-03-01,19:45,Leicester City,West Brom,32018,King Power Stadium,Mark Clattenburg,https://fbref.com/en/matches/24f5b225/Leicester-City-West-Bromwich-Albion-March-1-2016-Premier-League,2,2
EPL,2015-2016,28,Tue,2016-03-01,19:45,Bournemouth,Southampton,11033,Vitality Stadium,Mike Dean,https://fbref.com/en/matches/b9214ee0/Bournemouth-Southampton-March-1-2016-Premier-League,2,0
EPL,2015-2016,28,Tue,2016-03-01,19:45,Norwich City,Chelsea,27091,Carrow Road,Lee Mason,https://fbref.com/en/matches/268c182d/Norwich-City-Chelsea-March-1-2016-Premier-League,1,2
EPL,2015-2016,28,Tue,2016-03-01,19:45,Aston Villa,Everton,29755,Villa Park,Roger East,https://fbref.com/en/matches/6c691212/Aston-Villa-Everton-March-1-2016-Premier-League,1,3
EPL,2015-2016,28,Wed,2016-03-02,19:45,West Ham,Tottenham,34977,Boleyn Ground,Andre Marriner,https://fbref.com/en/matches/3d00ba5d/West-Ham-United-Tottenham-Hotspur-March-2-2016-Premier-League,1,0
EPL,2015-2016,28,Wed,2016-03-02,19:45,Stoke City,Newcastle Utd,27331,Bet365 Stadium,Niel Swarbrick,https://fbref.com/en/matches/3087d86f/Stoke-City-Newcastle-United-March-2-2016-Premier-League,1,0
EPL,2015-2016,28,Wed,2016-03-02,19:45,Arsenal,Swansea City,59905,Emirates Stadium,Robert Madley,https://fbref.com/en/matches/d25a0276/Arsenal-Swansea-City-March-2-2016-Premier-League,1,2
EPL,2015-2016,28,Wed,2016-03-02,20:00,Manchester Utd,Watford,75272,Old Trafford,Mike Jones,https://fbref.com/en/matches/7c548f2f/Manchester-United-Watford-March-2-2016-Premier-League,1,0
EPL,2015-2016,28,Wed,2016-03-02,20:00,Liverpool,Manchester City,43597,Anfield,Martin Atkinson,https://fbref.com/en/matches/eb3817c4/Liverpool-Manchester-City-March-2-2016-Premier-League,3,0
EPL,2015-2016,29,Sat,2016-03-05,12:45,Tottenham,Arsenal,35762,White Hart Lane,Michael Oliver,https://fbref.com/en/matches/d7d8b7ba/North-London-Derby-Tottenham-Hotspur-Arsenal-March-5-2016-Premier-League,2,2
EPL,2015-2016,29,Sat,2016-03-05,15:00,Manchester City,Aston Villa,53892,Etihad Stadium,Lee Mason,https://fbref.com/en/matches/7d913489/Manchester-City-Aston-Villa-March-5-2016-Premier-League,4,0
EPL,2015-2016,29,Sat,2016-03-05,15:00,Southampton,Sunderland,31458,St. Mary's Stadium,Niel Swarbrick,https://fbref.com/en/matches/e144da5b/Southampton-Sunderland-March-5-2016-Premier-League,1,1
EPL,2015-2016,29,Sat,2016-03-05,15:00,Swansea City,Norwich City,20929,Liberty Stadium,Craig Pawson,https://fbref.com/en/matches/3e3b1c25/Swansea-City-Norwich-City-March-5-2016-Premier-League,1,0
EPL,2015-2016,29,Sat,2016-03-05,15:00,Newcastle Utd,Bournemouth,52107,St. James' Park,Paul Tierney,https://fbref.com/en/matches/d4de2ce0/Newcastle-United-Bournemouth-March-5-2016-Premier-League,1,3
EPL,2015-2016,29,Sat,2016-03-05,15:00,Everton,West Ham,39000,Goodison Park,Anthony Taylor,https://fbref.com/en/matches/9a744c2b/Everton-West-Ham-United-March-5-2016-Premier-League,2,3
EPL,2015-2016,29,Sat,2016-03-05,15:00,Chelsea,Stoke City,41381,Stamford Bridge,Mark Clattenburg,https://fbref.com/en/matches/fe425a35/Chelsea-Stoke-City-March-5-2016-Premier-League,1,1
EPL,2015-2016,29,Sat,2016-03-05,17:30,Watford,Leicester City,20884,Vicarage Road Stadium,Jonathan Moss,https://fbref.com/en/matches/d6674f4b/Watford-Leicester-City-March-5-2016-Premier-League,0,1
EPL,2015-2016,29,Sun,2016-03-06,13:30,Crystal Palace,Liverpool,24709,Selhurst Park,Andre Marriner,https://fbref.com/en/matches/9764891d/Crystal-Palace-Liverpool-March-6-2016-Premier-League,1,2
EPL,2015-2016,29,Sun,2016-03-06,16:00,West Brom,Manchester Utd,24878,The Hawthorns,Mike Dean,https://fbref.com/en/matches/7816fbcb/West-Bromwich-Albion-Manchester-United-March-6-2016-Premier-League,1,0
EPL,2015-2016,30,Sat,2016-03-12,12:45,Norwich City,Manchester City,26323,Carrow Road,Jonathan Moss,https://fbref.com/en/matches/c90a41ad/Norwich-City-Manchester-City-March-12-2016-Premier-League,0,0
EPL,2015-2016,30,Sat,2016-03-12,15:00,Bournemouth,Swansea City,11179,Vitality Stadium,Roger East,https://fbref.com/en/matches/1726b180/Bournemouth-Swansea-City-March-12-2016-Premier-League,3,2
EPL,2015-2016,30,Sat,2016-03-12,15:00,Stoke City,Southampton,27833,Bet365 Stadium,Lee Mason,https://fbref.com/en/matches/f977d34e/Stoke-City-Southampton-March-12-2016-Premier-League,1,2
EPL,2015-2016,30,Sun,2016-03-13,16:00,Aston Villa,Tottenham,32393,Villa Park,Anthony Taylor,https://fbref.com/en/matches/416f96a0/Aston-Villa-Tottenham-Hotspur-March-13-2016-Premier-League,0,2
EPL,2015-2016,30,Mon,2016-03-14,20:00,Leicester City,Newcastle Utd,31824,King Power Stadium,Craig Pawson,https://fbref.com/en/matches/728d6e72/Leicester-City-Newcastle-United-March-14-2016-Premier-League,1,0
EPL,2015-2016,31,Sat,2016-03-19,12:45,Everton,Arsenal,39270,Goodison Park,Mark Clattenburg,https://fbref.com/en/matches/265441ef/Everton-Arsenal-March-19-2016-Premier-League,0,2
EPL,2015-2016,31,Sat,2016-03-19,15:00,Watford,Stoke City,20759,Vicarage Road Stadium,Craig Pawson,https://fbref.com/en/matches/12444101/Watford-Stoke-City-March-19-2016-Premier-League,1,2
EPL,2015-2016,31,Sat,2016-03-19,15:00,Crystal Palace,Leicester City,25041,Selhurst Park,Mike Jones,https://fbref.com/en/matches/5ccf76e2/Crystal-Palace-Leicester-City-March-19-2016-Premier-League,0,1
EPL,2015-2016,31,Sat,2016-03-19,15:00,Chelsea,West Ham,41623,Stamford Bridge,Robert Madley,https://fbref.com/en/matches/58a0e3a5/Chelsea-West-Ham-United-March-19-2016-Premier-League,2,2
EPL,2015-2016,31,Sat,2016-03-19,15:00,West Brom,Norwich City,25039,The Hawthorns,Anthony Taylor,https://fbref.com/en/matches/ba9db154/West-Bromwich-Albion-Norwich-City-March-19-2016-Premier-League,0,1
EPL,2015-2016,31,Sat,2016-03-19,17:30,Swansea City,Aston Villa,20454,Liberty Stadium,Mike Dean,https://fbref.com/en/matches/81d0469b/Swansea-City-Aston-Villa-March-19-2016-Premier-League,1,0
EPL,2015-2016,31,Sun,2016-03-20,13:30,Southampton,Liverpool,31596,St. Mary's Stadium,Roger East,https://fbref.com/en/matches/2a17d640/Southampton-Liverpool-March-20-2016-Premier-League,3,2
EPL,2015-2016,31,Sun,2016-03-20,13:30,Newcastle Utd,Sunderland,52311,St. James' Park,Martin Atkinson,https://fbref.com/en/matches/24d3e8f7/Newcastle-United-Sunderland-March-20-2016-Premier-League,1,1
EPL,2015-2016,31,Sun,2016-03-20,16:00,Tottenham,Bournemouth,36084,White Hart Lane,Niel Swarbrick,https://fbref.com/en/matches/88055a1d/Tottenham-Hotspur-Bournemouth-March-20-2016-Premier-League,3,0
EPL,2015-2016,31,Sun,2016-03-20,16:00,Manchester City,Manchester Utd,54557,Etihad Stadium,Michael Oliver,https://fbref.com/en/matches/88726299/Manchester-Derby-Manchester-City-Manchester-United-March-20-2016-Premier-League,0,1
EPL,2015-2016,32,Sat,2016-04-02,12:45,Aston Villa,Chelsea,31120,Villa Park,Niel Swarbrick,https://fbref.com/en/matches/f11b812a/Aston-Villa-Chelsea-April-2-2016-Premier-League,0,4
EPL,2015-2016,32,Sat,2016-04-02,15:00,Stoke City,Swansea City,27649,Bet365 Stadium,Martin Atkinson,https://fbref.com/en/matches/7a0313b2/Stoke-City-Swansea-City-April-2-2016-Premier-League,2,2
EPL,2015-2016,32,Sat,2016-04-02,15:00,Norwich City,Newcastle Utd,27137,Carrow Road,Mike Dean,https://fbref.com/en/matches/360784c0/Norwich-City-Newcastle-United-April-2-2016-Premier-League,3,2
EPL,2015-2016,32,Sat,2016-04-02,15:00,Arsenal,Watford,59981,Emirates Stadium,Anthony Taylor,https://fbref.com/en/matches/21ed8e4b/Arsenal-Watford-April-2-2016-Premier-League,4,0
EPL,2015-2016,32,Sat,2016-04-02,15:00,Sunderland,West Brom,45144,Stadium of Light,Roger East,https://fbref.com/en/matches/b38f5cba/Sunderland-West-Bromwich-Albion-April-2-2016-Premier-League,0,0
EPL,2015-2016,32,Sat,2016-04-02,15:00,Bournemouth,Manchester City,11192,Vitality Stadium,Robert Madley,https://fbref.com/en/matches/caadab6c/Bournemouth-Manchester-City-April-2-2016-Premier-League,0,4
EPL,2015-2016,32,Sat,2016-04-02,15:00,West Ham,Crystal Palace,34857,Boleyn Ground,Mark Clattenburg,https://fbref.com/en/matches/9c5d2c88/West-Ham-United-Crystal-Palace-April-2-2016-Premier-League,2,2
EPL,2015-2016,32,Sat,2016-04-02,17:30,Liverpool,Tottenham,44062,Anfield,Jonathan Moss,https://fbref.com/en/matches/b94ce0a7/Liverpool-Tottenham-Hotspur-April-2-2016-Premier-League,1,1
EPL,2015-2016,32,Sun,2016-04-03,13:30,Leicester City,Southampton,32071,King Power Stadium,Michael Oliver,https://fbref.com/en/matches/c7cfa0ab/Leicester-City-Southampton-April-3-2016-Premier-League,1,0
EPL,2015-2016,32,Sun,2016-04-03,16:00,Manchester Utd,Everton,75341,Old Trafford,Andre Marriner,https://fbref.com/en/matches/68976304/Manchester-United-Everton-April-3-2016-Premier-League,1,0
EPL,2015-2016,33,Sat,2016-04-09,12:45,West Ham,Arsenal,34977,Boleyn Ground,Craig Pawson,https://fbref.com/en/matches/0f990ff0/West-Ham-United-Arsenal-April-9-2016-Premier-League,3,3
EPL,2015-2016,33,Sat,2016-04-09,15:00,Watford,Everton,20663,Vicarage Road Stadium,Kevin Friend,https://fbref.com/en/matches/b23d094c/Watford-Everton-April-9-2016-Premier-League,1,1
EPL,2015-2016,33,Sat,2016-04-09,15:00,Aston Villa,Bournemouth,31057,Villa Park,Martin Atkinson,https://fbref.com/en/matches/94a55e09/Aston-Villa-Bournemouth-April-9-2016-Premier-League,1,2
EPL,2015-2016,33,Sat,2016-04-09,15:00,Swansea City,Chelsea,20966,Liberty Stadium,Andre Marriner,https://fbref.com/en/matches/118aaff9/Swansea-City-Chelsea-April-9-2016-Premier-League,1,0
EPL,2015-2016,33,Sat,2016-04-09,15:00,Crystal Palace,Norwich City,24960,Selhurst Park,Michael Oliver,https://fbref.com/en/matches/0c59215c/Crystal-Palace-Norwich-City-April-9-2016-Premier-League,1,0
EPL,2015-2016,33,Sat,2016-04-09,15:00,Southampton,Newcastle Utd,31542,St. Mary's Stadium,Robert Madley,https://fbref.com/en/matches/1fd8c0e8/Southampton-Newcastle-United-April-9-2016-Premier-League,3,1
EPL,2015-2016,33,Sat,2016-04-09,17:30,Manchester City,West Brom,53920,Etihad Stadium,Mike Jones,https://fbref.com/en/matches/465efeb6/Manchester-City-West-Bromwich-Albion-April-9-2016-Premier-League,2,1
EPL,2015-2016,33,Sun,2016-04-10,13:30,Sunderland,Leicester City,46531,Stadium of Light,Anthony Taylor,https://fbref.com/en/matches/d79a08fb/Sunderland-Leicester-City-April-10-2016-Premier-League,0,2
EPL,2015-2016,33,Sun,2016-04-10,16:00,Liverpool,Stoke City,43688,Anfield,Mark Clattenburg,https://fbref.com/en/matches/fe311727/Liverpool-Stoke-City-April-10-2016-Premier-League,4,1
EPL,2015-2016,33,Sun,2016-04-10,16:00,Tottenham,Manchester Utd,35761,White Hart Lane,Mike Dean,https://fbref.com/en/matches/07515c37/Tottenham-Hotspur-Manchester-United-April-10-2016-Premier-League,3,0
EPL,2015-2016,35,Wed,2016-04-13,20:00,Crystal Palace,Everton,23528,Selhurst Park,Mike Jones,https://fbref.com/en/matches/72538011/Crystal-Palace-Everton-April-13-2016-Premier-League,0,0
EPL,2015-2016,34,Sat,2016-04-16,12:45,Norwich City,Sunderland,27117,Carrow Road,Andre Marriner,https://fbref.com/en/matches/33fb2fb2/Norwich-City-Sunderland-April-16-2016-Premier-League,0,3
EPL,2015-2016,34,Sat,2016-04-16,15:00,West Brom,Watford,25515,The Hawthorns,Michael Oliver,https://fbref.com/en/matches/d6946fc5/West-Bromwich-Albion-Watford-April-16-2016-Premier-League,0,1
EPL,2015-2016,34,Sat,2016-04-16,15:00,Newcastle Utd,Swansea City,48949,St. James' Park,Lee Mason,https://fbref.com/en/matches/269cd666/Newcastle-United-Swansea-City-April-16-2016-Premier-League,3,0
EPL,2015-2016,34,Sat,2016-04-16,15:00,Manchester Utd,Aston Villa,75411,Old Trafford,Kevin Friend,https://fbref.com/en/matches/bce67b15/Manchester-United-Aston-Villa-April-16-2016-Premier-League,1,0
EPL,2015-2016,34,Sat,2016-04-16,15:00,Everton,Southampton,36761,Goodison Park,Craig Pawson,https://fbref.com/en/matches/609038dc/Everton-Southampton-April-16-2016-Premier-League,1,1
EPL,2015-2016,34,Sat,2016-04-16,17:30,Chelsea,Manchester City,41212,Stamford Bridge,Mike Dean,https://fbref.com/en/matches/c0d9bda5/Chelsea-Manchester-City-April-16-2016-Premier-League,0,3
EPL,2015-2016,34,Sun,2016-04-17,13:30,Bournemouth,Liverpool,11386,Vitality Stadium,Mike Jones,https://fbref.com/en/matches/c2375b7b/Bournemouth-Liverpool-April-17-2016-Premier-League,1,2
EPL,2015-2016,34,Sun,2016-04-17,13:30,Leicester City,West Ham,32104,King Power Stadium,Jonathan Moss,https://fbref.com/en/matches/c3846b41/Leicester-City-West-Ham-United-April-17-2016-Premier-League,2,2
EPL,2015-2016,34,Sun,2016-04-17,16:00,Arsenal,Crystal Palace,59961,Emirates Stadium,Roger East,https://fbref.com/en/matches/1e581960/Arsenal-Crystal-Palace-April-17-2016-Premier-League,1,1
EPL,2015-2016,34,Mon,2016-04-18,20:00,Stoke City,Tottenham,27442,Bet365 Stadium,Niel Swarbrick,https://fbref.com/en/matches/34de2c66/Stoke-City-Tottenham-Hotspur-April-18-2016-Premier-League,0,4
EPL,2015-2016,27,Tue,2016-04-19,19:45,Newcastle Utd,Manchester City,46424,St. James' Park,Kevin Friend,https://fbref.com/en/matches/2df616f6/Newcastle-United-Manchester-City-April-19-2016-Premier-League,1,1
EPL,2015-2016,30,Wed,2016-04-20,19:45,West Ham,Watford,34857,Boleyn Ground,Mike Dean,https://fbref.com/en/matches/b8861dcc/West-Ham-United-Watford-April-20-2016-Premier-League,3,1
EPL,2015-2016,27,Wed,2016-04-20,20:00,Liverpool,Everton,43854,Anfield,Robert Madley,https://fbref.com/en/matches/622e5344/Merseyside-Derby-Liverpool-Everton-April-20-2016-Premier-League,4,0
EPL,2015-2016,30,Wed,2016-04-20,20:00,Manchester Utd,Crystal Palace,75277,Old Trafford,Lee Mason,https://fbref.com/en/matches/1a775ba7/Manchester-United-Crystal-Palace-April-20-2016-Premier-League,2,0
EPL,2015-2016,30,Thu,2016-04-21,19:45,Arsenal,West Brom,59568,Emirates Stadium,Jonathan Moss,https://fbref.com/en/matches/c8d5eca5/Arsenal-West-Bromwich-Albion-April-21-2016-Premier-League,2,0
EPL,2015-2016,35,Sat,2016-04-23,12:45,Manchester City,Stoke City,53974,Etihad Stadium,Robert Madley,https://fbref.com/en/matches/ee22b1dc/Manchester-City-Stoke-City-April-23-2016-Premier-League,4,0
EPL,2015-2016,35,Sat,2016-04-23,15:00,Aston Villa,Southampton,29729,Villa Park,Niel Swarbrick,https://fbref.com/en/matches/60ebc884/Aston-Villa-Southampton-April-23-2016-Premier-League,2,4
EPL,2015-2016,35,Sat,2016-04-23,15:00,Bournemouth,Chelsea,11365,Vitality Stadium,Roger East,https://fbref.com/en/matches/ca64768c/Bournemouth-Chelsea-April-23-2016-Premier-League,1,4
EPL,2015-2016,35,Sat,2016-04-23,15:00,Liverpool,Newcastle Utd,43837,Anfield,Andre Marriner,https://fbref.com/en/matches/f234ece6/Liverpool-Newcastle-United-April-23-2016-Premier-League,2,2
EPL,2015-2016,35,Sun,2016-04-24,14:05,Sunderland,Arsenal,45420,Stadium of Light,Mike Dean,https://fbref.com/en/matches/2f86d664/Sunderland-Arsenal-April-24-2016-Premier-League,0,0
EPL,2015-2016,35,Sun,2016-04-24,16:15,Leicester City,Swansea City,31962,King Power Stadium,Mark Clattenburg,https://fbref.com/en/matches/98683761/Leicester-City-Swansea-City-April-24-2016-Premier-League,4,0
EPL,2015-2016,35,Mon,2016-04-25,20:00,Tottenham,West Brom,35923,White Hart Lane,Mike Jones,https://fbref.com/en/matches/bd22b7ce/Tottenham-Hotspur-West-Bromwich-Albion-April-25-2016-Premier-League,1,1
EPL,2015-2016,36,Sat,2016-04-30,15:00,Everton,Bournemouth,38345,Goodison Park,Niel Swarbrick,https://fbref.com/en/matches/4f898f0c/Everton-Bournemouth-April-30-2016-Premier-League,2,1
EPL,2015-2016,36,Sat,2016-04-30,15:00,Newcastle Utd,Crystal Palace,52107,St. James' Park,Mike Dean,https://fbref.com/en/matches/b3b21078/Newcastle-United-Crystal-Palace-April-30-2016-Premier-League,1,0
EPL,2015-2016,36,Sat,2016-04-30,15:00,Watford,Aston Villa,20653,Vicarage Road Stadium,Anthony Taylor,https://fbref.com/en/matches/61031e0b/Watford-Aston-Villa-April-30-2016-Premier-League,3,2
EPL,2015-2016,36,Sat,2016-04-30,15:00,Stoke City,Sunderland,27667,Bet365 Stadium,Craig Pawson,https://fbref.com/en/matches/90eab69c/Stoke-City-Sunderland-April-30-2016-Premier-League,1,1
EPL,2015-2016,36,Sat,2016-04-30,15:00,West Brom,West Ham,25031,The Hawthorns,Lee Mason,https://fbref.com/en/matches/632fda2d/West-Bromwich-Albion-West-Ham-United-April-30-2016-Premier-League,0,3
EPL,2015-2016,36,Sat,2016-04-30,17:30,Arsenal,Norwich City,59989,Emirates Stadium,Mike Jones,https://fbref.com/en/matches/ab4dc164/Arsenal-Norwich-City-April-30-2016-Premier-League,1,0
EPL,2015-2016,36,Sun,2016-05-01,12:00,Swansea City,Liverpool,20972,Liberty Stadium,Roger East,https://fbref.com/en/matches/ef832853/Swansea-City-Liverpool-May-1-2016-Premier-League,3,1
EPL,2015-2016,36,Sun,2016-05-01,14:05,Manchester Utd,Leicester City,75275,Old Trafford,Michael Oliver,https://fbref.com/en/matches/5e33e956/Manchester-United-Leicester-City-May-1-2016-Premier-League,1,1
EPL,2015-2016,36,Sun,2016-05-01,16:30,Southampton,Manchester City,31472,St. Mary's Stadium,Andre Marriner,https://fbref.com/en/matches/bf0ff891/Southampton-Manchester-City-May-1-2016-Premier-League,4,2
EPL,2015-2016,36,Mon,2016-05-02,20:00,Chelsea,Tottenham,41545,Stamford Bridge,Mark Clattenburg,https://fbref.com/en/matches/001f8b37/Chelsea-Tottenham-Hotspur-May-2-2016-Premier-League,2,2
EPL,2015-2016,37,Sat,2016-05-07,12:45,Norwich City,Manchester Utd,27132,Carrow Road,Craig Pawson,https://fbref.com/en/matches/3f6507ad/Norwich-City-Manchester-United-May-7-2016-Premier-League,0,1
EPL,2015-2016,37,Sat,2016-05-07,15:00,Sunderland,Chelsea,47050,Stadium of Light,Mike Jones,https://fbref.com/en/matches/663af43d/Sunderland-Chelsea-May-7-2016-Premier-League,3,2
EPL,2015-2016,37,Sat,2016-05-07,15:00,Crystal Palace,Stoke City,23990,Selhurst Park,Kevin Friend,https://fbref.com/en/matches/f127e699/Crystal-Palace-Stoke-City-May-7-2016-Premier-League,2,1
EPL,2015-2016,37,Sat,2016-05-07,15:00,West Ham,Swansea City,34907,Boleyn Ground,Michael Oliver,https://fbref.com/en/matches/862e2e4b/West-Ham-United-Swansea-City-May-7-2016-Premier-League,1,4
EPL,2015-2016,37,Sat,2016-05-07,15:00,Aston Villa,Newcastle Utd,33055,Villa Park,Robert Madley,https://fbref.com/en/matches/68575c7a/Aston-Villa-Newcastle-United-May-7-2016-Premier-League,0,0
EPL,2015-2016,37,Sat,2016-05-07,15:00,Bournemouth,West Brom,11040,Vitality Stadium,Mark Clattenburg,https://fbref.com/en/matches/531622c6/Bournemouth-West-Bromwich-Albion-May-7-2016-Premier-League,1,1
EPL,2015-2016,37,Sat,2016-05-07,17:30,Leicester City,Everton,32140,King Power Stadium,Andre Marriner,https://fbref.com/en/matches/cfee0621/Leicester-City-Everton-May-7-2016-Premier-League,3,1
EPL,2015-2016,37,Sun,2016-05-08,13:30,Tottenham,Southampton,35748,White Hart Lane,Jonathan Moss,https://fbref.com/en/matches/6c33b99a/Tottenham-Hotspur-Southampton-May-8-2016-Premier-League,1,2
EPL,2015-2016,37,Sun,2016-05-08,16:00,Liverpool,Watford,43341,Anfield,Lee Mason,https://fbref.com/en/matches/28ac4722/Liverpool-Watford-May-8-2016-Premier-League,2,0
EPL,2015-2016,37,Sun,2016-05-08,16:00,Manchester City,Arsenal,54425,Etihad Stadium,Anthony Taylor,https://fbref.com/en/matches/55352594/Manchester-City-Arsenal-May-8-2016-Premier-League,2,2
EPL,2015-2016,35,Tue,2016-05-10,20:30,West Ham,Manchester Utd,34602,Boleyn Ground,Mike Dean,https://fbref.com/en/matches/e0cd22b9/West-Ham-United-Manchester-United-May-10-2016-Premier-League,3,2
EPL,2015-2016,30,Wed,2016-05-11,19:45,Sunderland,Everton,46454,Stadium of Light,Anthony Taylor,https://fbref.com/en/matches/eb00ba4f/Sunderland-Everton-May-11-2016-Premier-League,3,0
EPL,2015-2016,35,Wed,2016-05-11,19:45,Norwich City,Watford,26279,Carrow Road,Roger East,https://fbref.com/en/matches/3d1994e0/Norwich-City-Watford-May-11-2016-Premier-League,4,2
EPL,2015-2016,30,Wed,2016-05-11,20:00,Liverpool,Chelsea,43210,Anfield,Michael Oliver,https://fbref.com/en/matches/39167c28/Liverpool-Chelsea-May-11-2016-Premier-League,1,1
EPL,2015-2016,38,Sun,2016-05-15,15:00,Everton,Norwich City,36691,Goodison Park,Lee Mason,https://fbref.com/en/matches/8946cf1d/Everton-Norwich-City-May-15-2016-Premier-League,3,0
EPL,2015-2016,38,Sun,2016-05-15,15:00,Watford,Sunderland,21012,Vicarage Road Stadium,Kevin Friend,https://fbref.com/en/matches/33a59591/Watford-Sunderland-May-15-2016-Premier-League,2,2
EPL,2015-2016,38,Sun,2016-05-15,15:00,Arsenal,Aston Villa,60007,Emirates Stadium,Mark Clattenburg,https://fbref.com/en/matches/bd9e0fcd/Arsenal-Aston-Villa-May-15-2016-Premier-League,4,0
EPL,2015-2016,38,Sun,2016-05-15,15:00,Stoke City,West Ham,27721,Bet365 Stadium,Mike Jones,https://fbref.com/en/matches/c2771d49/Stoke-City-West-Ham-United-May-15-2016-Premier-League,2,1
EPL,2015-2016,38,Sun,2016-05-15,15:00,West Brom,Liverpool,26196,The Hawthorns,Robert Madley,https://fbref.com/en/matches/1b0492e7/West-Bromwich-Albion-Liverpool-May-15-2016-Premier-League,1,1
EPL,2015-2016,38,Sun,2016-05-15,15:00,Swansea City,Manchester City,20934,Liberty Stadium,Mike Dean,https://fbref.com/en/matches/058aaceb/Swansea-City-Manchester-City-May-15-2016-Premier-League,1,1
EPL,2015-2016,38,Sun,2016-05-15,15:00,Southampton,Crystal Palace,31313,St. Mary's Stadium,Michael Oliver,https://fbref.com/en/matches/02d04e18/Southampton-Crystal-Palace-May-15-2016-Premier-League,4,1
EPL,2015-2016,38,Sun,2016-05-15,15:00,Chelsea,Leicester City,41494,Stamford Bridge,Craig Pawson,https://fbref.com/en/matches/699c7ed2/Chelsea-Leicester-City-May-15-2016-Premier-League,1,1
EPL,2015-2016,38,Sun,2016-05-15,15:00,Newcastle Utd,Tottenham,52183,St. James' Park,Anthony Taylor,https://fbref.com/en/matches/049e324a/Newcastle-United-Tottenham-Hotspur-May-15-2016-Premier-League,5,1
EPL,2015-2016,38,Tue,2016-05-17,20:00,Manchester Utd,Bournemouth,74363,Old Trafford,Jonathan Moss,https://fbref.com/en/matches/3b007c71/Manchester-United-Bournemouth-May-17-2016-Premier-League,3,1
