League,Season,Round,Wk,Day,Date,Time,HomeTeam,xG_Home,xG_Away,AwayTeam,Attendance,Venue,Referee,Match Report,HomeScore,AwayScore
Bundesliga,2018-2019,Regular Season,1,Fri,2018-08-24,20:30,Bayern Munich,2.8,0.9,Hoffenheim,75000,Allianz Arena,Bastian Dankert,https://fbref.com/en/matches/2d71c150/Bayern-Munich-Hoffenheim-August-24-2018-Bundesliga,3,1
Bundesliga,2018-2019,Regular Season,1,Sat,2018-08-25,15:30,Düsseldorf,1.3,1.3,Augsburg,40996,Merkur Spielarena,Markus Schmidt,https://fbref.com/en/matches/05a8c375/Dusseldorf-Augsburg-August-25-2018-Bundesliga,1,2
Bundesliga,2018-2019,Regular Season,1,Sat,2018-08-25,15:30,Hertha BSC,1.4,1.3,Nürnberg,52729,Olympiastadion Berlin,Tobias Welz,https://fbref.com/en/matches/192de586/Hertha-BSC-Nurnberg-August-25-2018-Bundesliga,1,0
Bundesliga,2018-2019,Regular Season,1,Sat,2018-08-25,15:30,Wolfsburg,1.3,1.4,Schalke 04,26621,Volkswagen Arena,Patrick Ittrich,https://fbref.com/en/matches/68b2ba8a/Wolfsburg-Schalke-04-August-25-2018-Bundesliga,2,1
Bundesliga,2018-2019,Regular Season,1,Sat,2018-08-25,15:30,Werder Bremen,1.8,1.0,Hannover 96,42100,Weserstadion,Felix Brych,https://fbref.com/en/matches/3c44775e/Werder-Bremen-Hannover-96-August-25-2018-Bundesliga,1,1
Bundesliga,2018-2019,Regular Season,1,Sat,2018-08-25,15:30,Freiburg,2.0,0.9,Eint Frankfurt,24000,Schwarzwald-Stadion,Manuel Gräfe,https://fbref.com/en/matches/9c4f1720/Freiburg-Eintracht-Frankfurt-August-25-2018-Bundesliga,0,2
Bundesliga,2018-2019,Regular Season,1,Sat,2018-08-25,18:30,M'Gladbach,4.1,1.4,Leverkusen,53087,Stadion im Borussia-Park,Christian Dingert,https://fbref.com/en/matches/96b00eb9/Monchengladbach-Bayer-Leverkusen-August-25-2018-Bundesliga,2,0
Bundesliga,2018-2019,Regular Season,1,Sun,2018-08-26,15:30,Mainz 05,1.1,1.0,Stuttgart,28705,Opel Arena,Daniel Siebert,https://fbref.com/en/matches/ab725d34/Mainz-05-Stuttgart-August-26-2018-Bundesliga,1,0
Bundesliga,2018-2019,Regular Season,1,Sun,2018-08-26,18:00,Dortmund,1.0,1.6,RB Leipzig,80365,Signal Iduna Park,Deniz Aytekin,https://fbref.com/en/matches/fbbdd6b2/Dortmund-RB-Leipzig-August-26-2018-Bundesliga,4,1
Bundesliga,2018-2019,Regular Season,2,Fri,2018-08-31,20:30,Hannover 96,0.8,0.7,Dortmund,49000,HDI-Arena,Felix Zwayer,https://fbref.com/en/matches/00328c4a/Hannover-96-Dortmund-August-31-2018-Bundesliga,0,0
Bundesliga,2018-2019,Regular Season,2,Sat,2018-09-01,15:30,Eint Frankfurt,1.2,1.7,Werder Bremen,50000,Commerzbank-Arena,Sören Storks,https://fbref.com/en/matches/4d495618/Eintracht-Frankfurt-Werder-Bremen-September-1-2018-Bundesliga,1,2
Bundesliga,2018-2019,Regular Season,2,Sat,2018-09-01,15:30,Leverkusen,1.5,1.2,Wolfsburg,26247,BayArena,Sven Jablonski,https://fbref.com/en/matches/509c4a57/Bayer-Leverkusen-Wolfsburg-September-1-2018-Bundesliga,1,3
Bundesliga,2018-2019,Regular Season,2,Sat,2018-09-01,15:30,Augsburg,1.1,1.1,M'Gladbach,29580,WWK Arena,Frank Willenborg,https://fbref.com/en/matches/16fe4fac/Augsburg-Monchengladbach-September-1-2018-Bundesliga,1,1
Bundesliga,2018-2019,Regular Season,2,Sat,2018-09-01,15:30,Nürnberg,1.2,0.4,Mainz 05,37781,Max-Morlock-Stadion,Guido Winkmann,https://fbref.com/en/matches/1957ced0/Nurnberg-Mainz-05-September-1-2018-Bundesliga,1,1
Bundesliga,2018-2019,Regular Season,2,Sat,2018-09-01,15:30,Hoffenheim,3.5,2.7,Freiburg,28619,PreZero Arena,Robert Hartmann,https://fbref.com/en/matches/4336e7ef/Hoffenheim-Freiburg-September-1-2018-Bundesliga,3,1
Bundesliga,2018-2019,Regular Season,2,Sat,2018-09-01,18:30,Stuttgart,0.2,1.8,Bayern Munich,58680,Mercedes-Benz Arena,Harm Osmers,https://fbref.com/en/matches/c3e88598/Stuttgart-Bayern-Munich-September-1-2018-Bundesliga,0,3
Bundesliga,2018-2019,Regular Season,2,Sun,2018-09-02,15:30,RB Leipzig,1.8,1.2,Düsseldorf,34975,Red Bull Arena,Marco Fritz,https://fbref.com/en/matches/a3d02ead/RB-Leipzig-Dusseldorf-September-2-2018-Bundesliga,1,1
Bundesliga,2018-2019,Regular Season,2,Sun,2018-09-02,18:00,Schalke 04,1.8,0.6,Hertha BSC,60181,Veltins-Arena,Sascha Stegemann,https://fbref.com/en/matches/bd1b09d2/Schalke-04-Hertha-BSC-September-2-2018-Bundesliga,0,2
Bundesliga,2018-2019,Regular Season,3,Fri,2018-09-14,20:30,Dortmund,0.9,0.3,Eint Frankfurt,81000,Signal Iduna Park,Benjamin Cortus,https://fbref.com/en/matches/2e9e9b3d/Dortmund-Eintracht-Frankfurt-September-14-2018-Bundesliga,3,1
Bundesliga,2018-2019,Regular Season,3,Sat,2018-09-15,15:30,Düsseldorf,1.5,2.3,Hoffenheim,40111,Merkur Spielarena,Tobias Stieler,https://fbref.com/en/matches/dfc19f6c/Dusseldorf-Hoffenheim-September-15-2018-Bundesliga,2,1
Bundesliga,2018-2019,Regular Season,3,Sat,2018-09-15,15:30,Mainz 05,2.8,0.7,Augsburg,21105,Opel Arena,Martin Petersen,https://fbref.com/en/matches/fca3b92a/Mainz-05-Augsburg-September-15-2018-Bundesliga,2,1
Bundesliga,2018-2019,Regular Season,3,Sat,2018-09-15,15:30,Bayern Munich,1.3,0.8,Leverkusen,75000,Allianz Arena,Tobias Welz,https://fbref.com/en/matches/46d956ee/Bayern-Munich-Bayer-Leverkusen-September-15-2018-Bundesliga,3,1
Bundesliga,2018-2019,Regular Season,3,Sat,2018-09-15,15:30,Wolfsburg,2.0,0.8,Hertha BSC,25090,Volkswagen Arena,Christian Dingert,https://fbref.com/en/matches/2158228d/Wolfsburg-Hertha-BSC-September-15-2018-Bundesliga,2,2
Bundesliga,2018-2019,Regular Season,3,Sat,2018-09-15,15:30,RB Leipzig,2.3,1.2,Hannover 96,38937,Red Bull Arena,Robert Kampka,https://fbref.com/en/matches/2ea0f5ef/RB-Leipzig-Hannover-96-September-15-2018-Bundesliga,3,2
Bundesliga,2018-2019,Regular Season,3,Sat,2018-09-15,18:30,M'Gladbach,1.3,1.6,Schalke 04,54022,Stadion im Borussia-Park,Manuel Gräfe,https://fbref.com/en/matches/4edf61e8/Monchengladbach-Schalke-04-September-15-2018-Bundesliga,2,1
Bundesliga,2018-2019,Regular Season,3,Sun,2018-09-16,15:30,Werder Bremen,0.7,1.0,Nürnberg,42100,Weserstadion,Daniel Schlager,https://fbref.com/en/matches/245a034e/Werder-Bremen-Nurnberg-September-16-2018-Bundesliga,1,1
Bundesliga,2018-2019,Regular Season,3,Sun,2018-09-16,18:00,Freiburg,1.1,1.0,Stuttgart,24000,Schwarzwald-Stadion,Deniz Aytekin,https://fbref.com/en/matches/0109e2f9/Freiburg-Stuttgart-September-16-2018-Bundesliga,3,3
Bundesliga,2018-2019,Regular Season,4,Fri,2018-09-21,20:30,Stuttgart,1.4,0.9,Düsseldorf,54410,Mercedes-Benz Arena,Robert Hartmann,https://fbref.com/en/matches/a4d833f7/Stuttgart-Dusseldorf-September-21-2018-Bundesliga,0,0
Bundesliga,2018-2019,Regular Season,4,Sat,2018-09-22,15:30,Augsburg,2.2,1.5,Werder Bremen,28434,WWK Arena,Felix Zwayer,https://fbref.com/en/matches/c955366f/Augsburg-Werder-Bremen-September-22-2018-Bundesliga,2,3
Bundesliga,2018-2019,Regular Season,4,Sat,2018-09-22,15:30,Hertha BSC,2.8,2.2,M'Gladbach,51852,Olympiastadion Berlin,Markus Schmidt,https://fbref.com/en/matches/35d30fee/Hertha-BSC-Monchengladbach-September-22-2018-Bundesliga,4,2
Bundesliga,2018-2019,Regular Season,4,Sat,2018-09-22,15:30,Wolfsburg,0.7,2.0,Freiburg,23011,Volkswagen Arena,Sascha Stegemann,https://fbref.com/en/matches/40ca9e78/Wolfsburg-Freiburg-September-22-2018-Bundesliga,1,3
Bundesliga,2018-2019,Regular Season,4,Sat,2018-09-22,15:30,Hoffenheim,2.1,1.3,Dortmund,30150,PreZero Arena,Harm Osmers,https://fbref.com/en/matches/c5cdb30a/Hoffenheim-Dortmund-September-22-2018-Bundesliga,1,1
Bundesliga,2018-2019,Regular Season,4,Sat,2018-09-22,15:30,Nürnberg,1.2,0.7,Hannover 96,36736,Max-Morlock-Stadion,Bastian Dankert,https://fbref.com/en/matches/90d0f261/Nurnberg-Hannover-96-September-22-2018-Bundesliga,2,0
Bundesliga,2018-2019,Regular Season,4,Sat,2018-09-22,18:30,Schalke 04,0.4,2.4,Bayern Munich,62271,Veltins-Arena,Daniel Siebert,https://fbref.com/en/matches/2bd3ce0b/Schalke-04-Bayern-Munich-September-22-2018-Bundesliga,0,2
Bundesliga,2018-2019,Regular Season,4,Sun,2018-09-23,15:30,Leverkusen,1.3,0.8,Mainz 05,27473,BayArena,Marco Fritz,https://fbref.com/en/matches/bfec2515/Bayer-Leverkusen-Mainz-05-September-23-2018-Bundesliga,1,0
Bundesliga,2018-2019,Regular Season,4,Sun,2018-09-23,18:00,Eint Frankfurt,1.6,1.5,RB Leipzig,43800,Commerzbank-Arena,Felix Brych,https://fbref.com/en/matches/5bc9ec11/Eintracht-Frankfurt-RB-Leipzig-September-23-2018-Bundesliga,1,1
Bundesliga,2018-2019,Regular Season,5,Tue,2018-09-25,18:30,Werder Bremen,2.5,1.0,Hertha BSC,39100,Weserstadion,Guido Winkmann,https://fbref.com/en/matches/25b91a32/Werder-Bremen-Hertha-BSC-September-25-2018-Bundesliga,3,1
Bundesliga,2018-2019,Regular Season,5,Tue,2018-09-25,20:30,Freiburg,1.5,0.8,Schalke 04,24000,Schwarzwald-Stadion,Frank Willenborg,https://fbref.com/en/matches/2c5a5bed/Freiburg-Schalke-04-September-25-2018-Bundesliga,1,0
Bundesliga,2018-2019,Regular Season,5,Tue,2018-09-25,20:30,Bayern Munich,1.7,1.3,Augsburg,75000,Allianz Arena,Sören Storks,https://fbref.com/en/matches/17b39dc8/Bayern-Munich-Augsburg-September-25-2018-Bundesliga,1,1
Bundesliga,2018-2019,Regular Season,5,Tue,2018-09-25,20:30,Hannover 96,1.7,1.9,Hoffenheim,33500,HDI-Arena,Christian Dingert,https://fbref.com/en/matches/2ee18252/Hannover-96-Hoffenheim-September-25-2018-Bundesliga,1,3
Bundesliga,2018-2019,Regular Season,5,Wed,2018-09-26,18:30,Düsseldorf,2.2,1.7,Leverkusen,40046,Merkur Spielarena,Manuel Gräfe,https://fbref.com/en/matches/5470a6be/Dusseldorf-Bayer-Leverkusen-September-26-2018-Bundesliga,1,2
Bundesliga,2018-2019,Regular Season,5,Wed,2018-09-26,20:30,M'Gladbach,1.6,1.3,Eint Frankfurt,41257,Stadion im Borussia-Park,Sven Jablonski,https://fbref.com/en/matches/3adcdef9/Monchengladbach-Eintracht-Frankfurt-September-26-2018-Bundesliga,3,1
Bundesliga,2018-2019,Regular Season,5,Wed,2018-09-26,20:30,Mainz 05,0.4,1.0,Wolfsburg,19205,Opel Arena,Tobias Stieler,https://fbref.com/en/matches/c3c7027a/Mainz-05-Wolfsburg-September-26-2018-Bundesliga,0,0
Bundesliga,2018-2019,Regular Season,5,Wed,2018-09-26,20:30,Dortmund,2.1,0.1,Nürnberg,75700,Signal Iduna Park,Patrick Ittrich,https://fbref.com/en/matches/77d6900c/Dortmund-Nurnberg-September-26-2018-Bundesliga,7,0
Bundesliga,2018-2019,Regular Season,5,Wed,2018-09-26,20:30,RB Leipzig,3.2,0.7,Stuttgart,32187,Red Bull Arena,Robert Schröder,https://fbref.com/en/matches/605b6da1/RB-Leipzig-Stuttgart-September-26-2018-Bundesliga,2,0
Bundesliga,2018-2019,Regular Season,6,Fri,2018-09-28,20:30,Hertha BSC,1.1,1.8,Bayern Munich,74669,Olympiastadion Berlin,Marco Fritz,https://fbref.com/en/matches/3777a8b5/Hertha-BSC-Bayern-Munich-September-28-2018-Bundesliga,2,0
Bundesliga,2018-2019,Regular Season,6,Sat,2018-09-29,15:30,Schalke 04,1.0,0.9,Mainz 05,61810,Veltins-Arena,Benjamin Cortus,https://fbref.com/en/matches/90906274/Schalke-04-Mainz-05-September-29-2018-Bundesliga,1,0
Bundesliga,2018-2019,Regular Season,6,Sat,2018-09-29,15:30,Stuttgart,2.3,1.5,Werder Bremen,58569,Mercedes-Benz Arena,Tobias Welz,https://fbref.com/en/matches/cdd2d30f/Stuttgart-Werder-Bremen-September-29-2018-Bundesliga,2,1
Bundesliga,2018-2019,Regular Season,6,Sat,2018-09-29,15:30,Hoffenheim,1.8,1.6,RB Leipzig,28115,PreZero Arena,Deniz Aytekin,https://fbref.com/en/matches/15d9bc1b/Hoffenheim-RB-Leipzig-September-29-2018-Bundesliga,1,2
Bundesliga,2018-2019,Regular Season,6,Sat,2018-09-29,15:30,Wolfsburg,1.3,0.7,M'Gladbach,24100,Volkswagen Arena,Felix Zwayer,https://fbref.com/en/matches/69f4b9a7/Wolfsburg-Monchengladbach-September-29-2018-Bundesliga,2,2
Bundesliga,2018-2019,Regular Season,6,Sat,2018-09-29,15:30,Nürnberg,2.2,1.1,Düsseldorf,36102,Max-Morlock-Stadion,Harm Osmers,https://fbref.com/en/matches/cfba1277/Nurnberg-Dusseldorf-September-29-2018-Bundesliga,3,0
Bundesliga,2018-2019,Regular Season,6,Sat,2018-09-29,18:30,Leverkusen,1.1,2.7,Dortmund,30210,BayArena,Felix Brych,https://fbref.com/en/matches/8cdb2de1/Bayer-Leverkusen-Dortmund-September-29-2018-Bundesliga,2,4
Bundesliga,2018-2019,Regular Season,6,Sun,2018-09-30,15:30,Eint Frankfurt,2.1,0.4,Hannover 96,46300,Commerzbank-Arena,Robert Hartmann,https://fbref.com/en/matches/6c561d38/Eintracht-Frankfurt-Hannover-96-September-30-2018-Bundesliga,4,1
Bundesliga,2018-2019,Regular Season,6,Sun,2018-09-30,18:00,Augsburg,3.8,1.5,Freiburg,26488,WWK Arena,Robert Kampka,https://fbref.com/en/matches/46f641e9/Augsburg-Freiburg-September-30-2018-Bundesliga,4,1
Bundesliga,2018-2019,Regular Season,7,Fri,2018-10-05,20:30,Werder Bremen,1.0,0.4,Wolfsburg,42100,Weserstadion,Martin Petersen,https://fbref.com/en/matches/7f5680df/Werder-Bremen-Wolfsburg-October-5-2018-Bundesliga,2,0
Bundesliga,2018-2019,Regular Season,7,Sat,2018-10-06,15:30,Düsseldorf,0.6,1.6,Schalke 04,52000,Merkur Spielarena,Sven Jablonski,https://fbref.com/en/matches/bbc47daf/Dusseldorf-Schalke-04-October-6-2018-Bundesliga,0,2
Bundesliga,2018-2019,Regular Season,7,Sat,2018-10-06,15:30,Dortmund,1.9,2.2,Augsburg,81365,Signal Iduna Park,Markus Schmidt,https://fbref.com/en/matches/b8631e1e/Dortmund-Augsburg-October-6-2018-Bundesliga,4,3
Bundesliga,2018-2019,Regular Season,7,Sat,2018-10-06,15:30,Mainz 05,2.1,1.5,Hertha BSC,22405,Opel Arena,Daniel Schlager,https://fbref.com/en/matches/11c5fbc6/Mainz-05-Hertha-BSC-October-6-2018-Bundesliga,0,0
Bundesliga,2018-2019,Regular Season,7,Sat,2018-10-06,15:30,Hannover 96,1.7,0.9,Stuttgart,40800,HDI-Arena,Sascha Stegemann,https://fbref.com/en/matches/8023d4f5/Hannover-96-Stuttgart-October-6-2018-Bundesliga,3,1
Bundesliga,2018-2019,Regular Season,7,Sat,2018-10-06,18:30,Bayern Munich,1.6,0.5,M'Gladbach,75000,Allianz Arena,Frank Willenborg,https://fbref.com/en/matches/fdbf07ac/Bayern-Munich-Monchengladbach-October-6-2018-Bundesliga,0,3
Bundesliga,2018-2019,Regular Season,7,Sun,2018-10-07,13:30,Freiburg,0.3,1.1,Leverkusen,23800,Schwarzwald-Stadion,Bastian Dankert,https://fbref.com/en/matches/0eb89ed8/Freiburg-Bayer-Leverkusen-October-7-2018-Bundesliga,0,0
Bundesliga,2018-2019,Regular Season,7,Sun,2018-10-07,15:30,Hoffenheim,2.2,1.0,Eint Frankfurt,29785,PreZero Arena,Daniel Siebert,https://fbref.com/en/matches/50c867b9/Hoffenheim-Eintracht-Frankfurt-October-7-2018-Bundesliga,1,2
Bundesliga,2018-2019,Regular Season,7,Sun,2018-10-07,18:00,RB Leipzig,2.1,0.2,Nürnberg,37389,Red Bull Arena,Tobias Stieler,https://fbref.com/en/matches/55dbe02c/RB-Leipzig-Nurnberg-October-7-2018-Bundesliga,6,0
Bundesliga,2018-2019,Regular Season,8,Fri,2018-10-19,20:30,Eint Frankfurt,3.7,1.0,Düsseldorf,51000,Commerzbank-Arena,Deniz Aytekin,https://fbref.com/en/matches/9b5b9f0c/Eintracht-Frankfurt-Dusseldorf-October-19-2018-Bundesliga,7,1
Bundesliga,2018-2019,Regular Season,8,Sat,2018-10-20,15:30,Augsburg,0.2,0.9,RB Leipzig,28703,WWK Arena,Tobias Welz,https://fbref.com/en/matches/e840ca88/Augsburg-RB-Leipzig-October-20-2018-Bundesliga,0,0
Bundesliga,2018-2019,Regular Season,8,Sat,2018-10-20,15:30,Stuttgart,1.0,1.2,Dortmund,59000,Mercedes-Benz Arena,Manuel Gräfe,https://fbref.com/en/matches/6ec96471/Stuttgart-Dortmund-October-20-2018-Bundesliga,0,4
Bundesliga,2018-2019,Regular Season,8,Sat,2018-10-20,15:30,Wolfsburg,1.4,2.7,Bayern Munich,30000,Volkswagen Arena,Guido Winkmann,https://fbref.com/en/matches/1c00de56/Wolfsburg-Bayern-Munich-October-20-2018-Bundesliga,1,3
Bundesliga,2018-2019,Regular Season,8,Sat,2018-10-20,15:30,Leverkusen,2.2,0.6,Hannover 96,26435,BayArena,Patrick Ittrich,https://fbref.com/en/matches/e3363230/Bayer-Leverkusen-Hannover-96-October-20-2018-Bundesliga,2,2
Bundesliga,2018-2019,Regular Season,8,Sat,2018-10-20,15:30,Nürnberg,1.3,2.2,Hoffenheim,36472,Max-Morlock-Stadion,Felix Zwayer,https://fbref.com/en/matches/f5982893/Nurnberg-Hoffenheim-October-20-2018-Bundesliga,1,3
Bundesliga,2018-2019,Regular Season,8,Sat,2018-10-20,18:30,Schalke 04,1.4,0.4,Werder Bremen,62271,Veltins-Arena,Christian Dingert,https://fbref.com/en/matches/84c45f6e/Schalke-04-Werder-Bremen-October-20-2018-Bundesliga,0,2
Bundesliga,2018-2019,Regular Season,8,Sun,2018-10-21,15:30,Hertha BSC,1.1,0.7,Freiburg,53716,Olympiastadion Berlin,Benjamin Cortus,https://fbref.com/en/matches/e07fb84a/Hertha-BSC-Freiburg-October-21-2018-Bundesliga,1,1
Bundesliga,2018-2019,Regular Season,8,Sun,2018-10-21,18:00,M'Gladbach,2.6,1.2,Mainz 05,51123,Stadion im Borussia-Park,Sören Storks,https://fbref.com/en/matches/605edc51/Monchengladbach-Mainz-05-October-21-2018-Bundesliga,4,0
Bundesliga,2018-2019,Regular Season,9,Fri,2018-10-26,20:30,Freiburg,1.5,1.2,M'Gladbach,24000,Schwarzwald-Stadion,Robert Hartmann,https://fbref.com/en/matches/8a1ab771/Freiburg-Monchengladbach-October-26-2018-Bundesliga,3,1
Bundesliga,2018-2019,Regular Season,9,Sat,2018-10-27,15:30,Mainz 05,0.3,2.2,Bayern Munich,33305,Opel Arena,Harm Osmers,https://fbref.com/en/matches/16b7b575/Mainz-05-Bayern-Munich-October-27-2018-Bundesliga,1,2
Bundesliga,2018-2019,Regular Season,9,Sat,2018-10-27,15:30,Hannover 96,0.8,1.6,Augsburg,37600,HDI-Arena,Robert Kampka,https://fbref.com/en/matches/e4c90b24/Hannover-96-Augsburg-October-27-2018-Bundesliga,1,2
Bundesliga,2018-2019,Regular Season,9,Sat,2018-10-27,15:30,Düsseldorf,0.6,2.0,Wolfsburg,38043,Merkur Spielarena,Daniel Schlager,https://fbref.com/en/matches/cbce9c5f/Dusseldorf-Wolfsburg-October-27-2018-Bundesliga,0,3
Bundesliga,2018-2019,Regular Season,9,Sat,2018-10-27,15:30,Dortmund,3.7,2.1,Hertha BSC,81000,Signal Iduna Park,Sascha Stegemann,https://fbref.com/en/matches/6998b126/Dortmund-Hertha-BSC-October-27-2018-Bundesliga,2,2
Bundesliga,2018-2019,Regular Season,9,Sat,2018-10-27,18:30,Hoffenheim,2.9,0.5,Stuttgart,30150,PreZero Arena,Frank Willenborg,https://fbref.com/en/matches/a2b5a71f/Hoffenheim-Stuttgart-October-27-2018-Bundesliga,4,0
Bundesliga,2018-2019,Regular Season,9,Sun,2018-10-28,13:30,Nürnberg,1.0,1.6,Eint Frankfurt,42154,Max-Morlock-Stadion,Robert Schröder,https://fbref.com/en/matches/09ae74b1/Nurnberg-Eintracht-Frankfurt-October-28-2018-Bundesliga,1,1
Bundesliga,2018-2019,Regular Season,9,Sun,2018-10-28,15:30,RB Leipzig,0.7,0.5,Schalke 04,41939,Red Bull Arena,Felix Brych,https://fbref.com/en/matches/95e78da6/RB-Leipzig-Schalke-04-October-28-2018-Bundesliga,0,0
Bundesliga,2018-2019,Regular Season,9,Sun,2018-10-28,18:00,Werder Bremen,1.9,3.9,Leverkusen,40400,Weserstadion,Marco Fritz,https://fbref.com/en/matches/f17a87c2/Werder-Bremen-Bayer-Leverkusen-October-28-2018-Bundesliga,2,6
Bundesliga,2018-2019,Regular Season,10,Fri,2018-11-02,20:30,Stuttgart,1.0,3.1,Eint Frankfurt,58016,Mercedes-Benz Arena,Sven Jablonski,https://fbref.com/en/matches/1593c53b/Stuttgart-Eintracht-Frankfurt-November-2-2018-Bundesliga,0,3
Bundesliga,2018-2019,Regular Season,10,Sat,2018-11-03,15:30,Bayern Munich,2.0,0.3,Freiburg,75000,Allianz Arena,Felix Zwayer,https://fbref.com/en/matches/408f6dc6/Bayern-Munich-Freiburg-November-3-2018-Bundesliga,1,1
Bundesliga,2018-2019,Regular Season,10,Sat,2018-11-03,15:30,Augsburg,1.6,1.4,Nürnberg,30660,WWK Arena,Patrick Ittrich,https://fbref.com/en/matches/1e678cd2/Augsburg-Nurnberg-November-3-2018-Bundesliga,2,2
Bundesliga,2018-2019,Regular Season,10,Sat,2018-11-03,15:30,Leverkusen,1.6,1.6,Hoffenheim,27589,BayArena,Tobias Stieler,https://fbref.com/en/matches/a1e1179b/Bayer-Leverkusen-Hoffenheim-November-3-2018-Bundesliga,1,4
Bundesliga,2018-2019,Regular Season,10,Sat,2018-11-03,15:30,Wolfsburg,0.6,1.4,Dortmund,30000,Volkswagen Arena,Daniel Siebert,https://fbref.com/en/matches/375b60fd/Wolfsburg-Dortmund-November-3-2018-Bundesliga,0,1
Bundesliga,2018-2019,Regular Season,10,Sat,2018-11-03,15:30,Schalke 04,2.8,1.9,Hannover 96,61959,Veltins-Arena,Markus Schmidt,https://fbref.com/en/matches/c93e3407/Schalke-04-Hannover-96-November-3-2018-Bundesliga,3,1
Bundesliga,2018-2019,Regular Season,10,Sat,2018-11-03,18:30,Hertha BSC,1.4,3.7,RB Leipzig,50382,Olympiastadion Berlin,Deniz Aytekin,https://fbref.com/en/matches/17aa3a1a/Hertha-BSC-RB-Leipzig-November-3-2018-Bundesliga,0,3
Bundesliga,2018-2019,Regular Season,10,Sun,2018-11-04,15:30,M'Gladbach,3.5,0.8,Düsseldorf,54022,Stadion im Borussia-Park,Felix Brych,https://fbref.com/en/matches/c29225cf/Monchengladbach-Dusseldorf-November-4-2018-Bundesliga,3,0
Bundesliga,2018-2019,Regular Season,10,Sun,2018-11-04,18:00,Mainz 05,0.8,1.6,Werder Bremen,25105,Opel Arena,Guido Winkmann,https://fbref.com/en/matches/cdadcded/Mainz-05-Werder-Bremen-November-4-2018-Bundesliga,2,1
Bundesliga,2018-2019,Regular Season,11,Fri,2018-11-09,20:30,Hannover 96,2.1,3.2,Wolfsburg,35800,HDI-Arena,Marco Fritz,https://fbref.com/en/matches/0909b53d/Hannover-96-Wolfsburg-November-9-2018-Bundesliga,2,1
Bundesliga,2018-2019,Regular Season,11,Sat,2018-11-10,15:30,Freiburg,1.3,0.9,Mainz 05,24000,Schwarzwald-Stadion,Sascha Stegemann,https://fbref.com/en/matches/3fdf54f5/Freiburg-Mainz-05-November-10-2018-Bundesliga,1,3
Bundesliga,2018-2019,Regular Season,11,Sat,2018-11-10,15:30,Hoffenheim,2.3,1.3,Augsburg,27009,PreZero Arena,Robert Schröder,https://fbref.com/en/matches/56b0ce56/Hoffenheim-Augsburg-November-10-2018-Bundesliga,2,1
Bundesliga,2018-2019,Regular Season,11,Sat,2018-11-10,15:30,Werder Bremen,1.4,2.0,M'Gladbach,42100,Weserstadion,Sören Storks,https://fbref.com/en/matches/2fbfcdf0/Werder-Bremen-Monchengladbach-November-10-2018-Bundesliga,1,3
Bundesliga,2018-2019,Regular Season,11,Sat,2018-11-10,15:30,Düsseldorf,2.7,0.8,Hertha BSC,38743,Merkur Spielarena,Robert Hartmann,https://fbref.com/en/matches/dc45d2c0/Dusseldorf-Hertha-BSC-November-10-2018-Bundesliga,4,1
Bundesliga,2018-2019,Regular Season,11,Sat,2018-11-10,15:30,Nürnberg,0.5,1.5,Stuttgart,50000,Max-Morlock-Stadion,Christian Dingert,https://fbref.com/en/matches/dca51b78/Nurnberg-Stuttgart-November-10-2018-Bundesliga,0,2
Bundesliga,2018-2019,Regular Season,11,Sat,2018-11-10,18:30,Dortmund,2.5,2.1,Bayern Munich,81365,Signal Iduna Park,Manuel Gräfe,https://fbref.com/en/matches/80e16d9f/Der-Klassiker-Dortmund-Bayern-Munich-November-10-2018-Bundesliga,3,2
Bundesliga,2018-2019,Regular Season,11,Sun,2018-11-11,15:30,RB Leipzig,2.2,0.4,Leverkusen,36155,Red Bull Arena,Martin Petersen,https://fbref.com/en/matches/160d8be8/RB-Leipzig-Bayer-Leverkusen-November-11-2018-Bundesliga,3,0
Bundesliga,2018-2019,Regular Season,11,Sun,2018-11-11,18:00,Eint Frankfurt,1.7,0.8,Schalke 04,50700,Commerzbank-Arena,Benjamin Cortus,https://fbref.com/en/matches/901aa2bf/Eintracht-Frankfurt-Schalke-04-November-11-2018-Bundesliga,3,0
Bundesliga,2018-2019,Regular Season,12,Fri,2018-11-23,20:30,Leverkusen,2.9,0.6,Stuttgart,24632,BayArena,Robert Schröder,https://fbref.com/en/matches/cdcf899e/Bayer-Leverkusen-Stuttgart-November-23-2018-Bundesliga,2,0
Bundesliga,2018-2019,Regular Season,12,Sat,2018-11-24,15:30,Mainz 05,1.0,1.2,Dortmund,33305,Opel Arena,Deniz Aytekin,https://fbref.com/en/matches/8483dbb6/Mainz-05-Dortmund-November-24-2018-Bundesliga,1,2
Bundesliga,2018-2019,Regular Season,12,Sat,2018-11-24,15:30,Wolfsburg,1.7,0.5,RB Leipzig,22832,Volkswagen Arena,Tobias Stieler,https://fbref.com/en/matches/e10ce14b/Wolfsburg-RB-Leipzig-November-24-2018-Bundesliga,1,0
Bundesliga,2018-2019,Regular Season,12,Sat,2018-11-24,15:30,Bayern Munich,2.6,1.5,Düsseldorf,75000,Allianz Arena,Sven Jablonski,https://fbref.com/en/matches/e3cafb23/Bayern-Munich-Dusseldorf-November-24-2018-Bundesliga,3,3
Bundesliga,2018-2019,Regular Season,12,Sat,2018-11-24,15:30,Augsburg,2.2,3.5,Eint Frankfurt,30660,WWK Arena,Felix Zwayer,https://fbref.com/en/matches/8f259109/Augsburg-Eintracht-Frankfurt-November-24-2018-Bundesliga,1,3
Bundesliga,2018-2019,Regular Season,12,Sat,2018-11-24,15:30,Hertha BSC,3.3,1.5,Hoffenheim,44508,Olympiastadion Berlin,Tobias Welz,https://fbref.com/en/matches/e6ab4097/Hertha-BSC-Hoffenheim-November-24-2018-Bundesliga,3,3
Bundesliga,2018-2019,Regular Season,12,Sat,2018-11-24,18:30,Schalke 04,2.7,2.1,Nürnberg,62271,Veltins-Arena,Guido Winkmann,https://fbref.com/en/matches/2c7e942c/Schalke-04-Nurnberg-November-24-2018-Bundesliga,5,2
Bundesliga,2018-2019,Regular Season,12,Sun,2018-11-25,15:30,Freiburg,2.8,2.3,Werder Bremen,24000,Schwarzwald-Stadion,Bastian Dankert,https://fbref.com/en/matches/1fda1fe9/Freiburg-Werder-Bremen-November-25-2018-Bundesliga,1,1
Bundesliga,2018-2019,Regular Season,12,Sun,2018-11-25,18:00,M'Gladbach,1.8,0.5,Hannover 96,48692,Stadion im Borussia-Park,Daniel Siebert,https://fbref.com/en/matches/29f4426a/Monchengladbach-Hannover-96-November-25-2018-Bundesliga,4,1
Bundesliga,2018-2019,Regular Season,13,Fri,2018-11-30,20:30,Düsseldorf,1.6,0.9,Mainz 05,37091,Merkur Spielarena,Manuel Gräfe,https://fbref.com/en/matches/338f5362/Dusseldorf-Mainz-05-November-30-2018-Bundesliga,0,1
Bundesliga,2018-2019,Regular Season,13,Sat,2018-12-01,15:30,Stuttgart,0.6,1.1,Augsburg,52739,Mercedes-Benz Arena,Harm Osmers,https://fbref.com/en/matches/7b202b8b/Stuttgart-Augsburg-December-1-2018-Bundesliga,1,0
Bundesliga,2018-2019,Regular Season,13,Sat,2018-12-01,15:30,Werder Bremen,0.5,2.4,Bayern Munich,42100,Weserstadion,Christian Dingert,https://fbref.com/en/matches/0bee12d0/Werder-Bremen-Bayern-Munich-December-1-2018-Bundesliga,1,2
Bundesliga,2018-2019,Regular Season,13,Sat,2018-12-01,15:30,Dortmund,2.5,0.1,Freiburg,81365,Signal Iduna Park,Frank Willenborg,https://fbref.com/en/matches/a7c9f6fe/Dortmund-Freiburg-December-1-2018-Bundesliga,2,0
Bundesliga,2018-2019,Regular Season,13,Sat,2018-12-01,15:30,Hannover 96,1.1,1.3,Hertha BSC,35800,HDI-Arena,Felix Brych,https://fbref.com/en/matches/07257832/Hannover-96-Hertha-BSC-December-1-2018-Bundesliga,0,2
Bundesliga,2018-2019,Regular Season,13,Sat,2018-12-01,18:30,Hoffenheim,2.1,2.2,Schalke 04,30000,PreZero Arena,Robert Kampka,https://fbref.com/en/matches/a805dead/Hoffenheim-Schalke-04-December-1-2018-Bundesliga,1,1
Bundesliga,2018-2019,Regular Season,13,Sun,2018-12-02,15:30,RB Leipzig,2.1,0.6,M'Gladbach,41939,Red Bull Arena,Markus Schmidt,https://fbref.com/en/matches/4a3e031e/RB-Leipzig-Monchengladbach-December-2-2018-Bundesliga,2,0
Bundesliga,2018-2019,Regular Season,13,Sun,2018-12-02,18:00,Eint Frankfurt,1.7,1.1,Wolfsburg,48000,Commerzbank-Arena,Sascha Stegemann,https://fbref.com/en/matches/96db73f0/Eintracht-Frankfurt-Wolfsburg-December-2-2018-Bundesliga,1,2
Bundesliga,2018-2019,Regular Season,13,Mon,2018-12-03,20:30,Nürnberg,0.7,1.6,Leverkusen,32238,Max-Morlock-Stadion,Bibiana Steinhaus,https://fbref.com/en/matches/b20bc7a2/Nurnberg-Bayer-Leverkusen-December-3-2018-Bundesliga,1,1
Bundesliga,2018-2019,Regular Season,14,Fri,2018-12-07,20:30,Werder Bremen,1.9,1.2,Düsseldorf,41500,Weserstadion,Marco Fritz,https://fbref.com/en/matches/43048a20/Werder-Bremen-Dusseldorf-December-7-2018-Bundesliga,3,1
Bundesliga,2018-2019,Regular Season,14,Sat,2018-12-08,15:30,Wolfsburg,0.5,2.0,Hoffenheim,20602,Volkswagen Arena,Felix Zwayer,https://fbref.com/en/matches/7a7eb137/Wolfsburg-Hoffenheim-December-8-2018-Bundesliga,2,2
Bundesliga,2018-2019,Regular Season,14,Sat,2018-12-08,15:30,Bayern Munich,2.1,0.2,Nürnberg,75000,Allianz Arena,Tobias Stieler,https://fbref.com/en/matches/b7c1dddd/Bayern-Munich-Nurnberg-December-8-2018-Bundesliga,3,0
Bundesliga,2018-2019,Regular Season,14,Sat,2018-12-08,15:30,Schalke 04,1.4,1.5,Dortmund,61767,Veltins-Arena,Daniel Siebert,https://fbref.com/en/matches/965a2728/Revierderby-Schalke-04-Dortmund-December-8-2018-Bundesliga,1,2
Bundesliga,2018-2019,Regular Season,14,Sat,2018-12-08,15:30,Leverkusen,1.7,0.8,Augsburg,25558,BayArena,Bastian Dankert,https://fbref.com/en/matches/c46dac13/Bayer-Leverkusen-Augsburg-December-8-2018-Bundesliga,1,0
Bundesliga,2018-2019,Regular Season,14,Sat,2018-12-08,15:30,Freiburg,2.0,1.0,RB Leipzig,23800,Schwarzwald-Stadion,Tobias Welz,https://fbref.com/en/matches/bb712af6/Freiburg-RB-Leipzig-December-8-2018-Bundesliga,3,0
Bundesliga,2018-2019,Regular Season,14,Sat,2018-12-08,18:30,Hertha BSC,0.4,1.4,Eint Frankfurt,42578,Olympiastadion Berlin,Daniel Schlager,https://fbref.com/en/matches/fad459ce/Hertha-BSC-Eintracht-Frankfurt-December-8-2018-Bundesliga,1,0
Bundesliga,2018-2019,Regular Season,14,Sun,2018-12-09,15:30,Mainz 05,2.8,1.4,Hannover 96,23305,Opel Arena,Robert Hartmann,https://fbref.com/en/matches/4b081411/Mainz-05-Hannover-96-December-9-2018-Bundesliga,1,1
Bundesliga,2018-2019,Regular Season,14,Sun,2018-12-09,18:00,M'Gladbach,1.2,0.9,Stuttgart,48590,Stadion im Borussia-Park,Deniz Aytekin,https://fbref.com/en/matches/7c3e2d95/Monchengladbach-Stuttgart-December-9-2018-Bundesliga,3,0
Bundesliga,2018-2019,Regular Season,15,Fri,2018-12-14,20:30,Nürnberg,0.8,0.8,Wolfsburg,29604,Max-Morlock-Stadion,Sven Jablonski,https://fbref.com/en/matches/9d464121/Nurnberg-Wolfsburg-December-14-2018-Bundesliga,0,2
Bundesliga,2018-2019,Regular Season,15,Sat,2018-12-15,15:30,Hoffenheim,2.8,0.5,M'Gladbach,30150,PreZero Arena,Benjamin Cortus,https://fbref.com/en/matches/60f958cf/Hoffenheim-Monchengladbach-December-15-2018-Bundesliga,0,0
Bundesliga,2018-2019,Regular Season,15,Sat,2018-12-15,15:30,Augsburg,1.9,0.6,Schalke 04,27233,WWK Arena,Manuel Gräfe,https://fbref.com/en/matches/c55cfd03/Augsburg-Schalke-04-December-15-2018-Bundesliga,1,1
Bundesliga,2018-2019,Regular Season,15,Sat,2018-12-15,15:30,Stuttgart,1.0,1.1,Hertha BSC,47680,Mercedes-Benz Arena,Sascha Stegemann,https://fbref.com/en/matches/db4160e1/Stuttgart-Hertha-BSC-December-15-2018-Bundesliga,2,1
Bundesliga,2018-2019,Regular Season,15,Sat,2018-12-15,15:30,Hannover 96,0.1,3.4,Bayern Munich,49000,HDI-Arena,Sören Storks,https://fbref.com/en/matches/3ed68156/Hannover-96-Bayern-Munich-December-15-2018-Bundesliga,0,4
Bundesliga,2018-2019,Regular Season,15,Sat,2018-12-15,15:30,Düsseldorf,2.1,0.9,Freiburg,39301,Merkur Spielarena,Harm Osmers,https://fbref.com/en/matches/91f67156/Dusseldorf-Freiburg-December-15-2018-Bundesliga,2,0
Bundesliga,2018-2019,Regular Season,15,Sat,2018-12-15,18:30,Dortmund,2.3,0.4,Werder Bremen,81365,Signal Iduna Park,Guido Winkmann,https://fbref.com/en/matches/ffcd2c03/Dortmund-Werder-Bremen-December-15-2018-Bundesliga,2,1
Bundesliga,2018-2019,Regular Season,15,Sun,2018-12-16,15:30,RB Leipzig,3.2,1.0,Mainz 05,30136,Red Bull Arena,Martin Petersen,https://fbref.com/en/matches/7205bc42/RB-Leipzig-Mainz-05-December-16-2018-Bundesliga,4,1
Bundesliga,2018-2019,Regular Season,15,Sun,2018-12-16,18:00,Eint Frankfurt,3.5,1.1,Leverkusen,46500,Commerzbank-Arena,Felix Brych,https://fbref.com/en/matches/6ba7c350/Eintracht-Frankfurt-Bayer-Leverkusen-December-16-2018-Bundesliga,2,1
Bundesliga,2018-2019,Regular Season,16,Tue,2018-12-18,18:30,M'Gladbach,2.7,0.9,Nürnberg,42323,Stadion im Borussia-Park,Robert Schröder,https://fbref.com/en/matches/293a495c/Monchengladbach-Nurnberg-December-18-2018-Bundesliga,2,0
Bundesliga,2018-2019,Regular Season,16,Tue,2018-12-18,20:30,Hertha BSC,2.0,0.6,Augsburg,27939,Olympiastadion Berlin,Frank Willenborg,https://fbref.com/en/matches/e1951938/Hertha-BSC-Augsburg-December-18-2018-Bundesliga,2,2
Bundesliga,2018-2019,Regular Season,16,Tue,2018-12-18,20:30,Düsseldorf,1.6,0.9,Dortmund,52000,Merkur Spielarena,Tobias Welz,https://fbref.com/en/matches/578e2f7d/Dusseldorf-Dortmund-December-18-2018-Bundesliga,2,1
Bundesliga,2018-2019,Regular Season,16,Tue,2018-12-18,20:30,Wolfsburg,1.2,0.6,Stuttgart,21780,Volkswagen Arena,Robert Hartmann,https://fbref.com/en/matches/5d61840b/Wolfsburg-Stuttgart-December-18-2018-Bundesliga,2,0
Bundesliga,2018-2019,Regular Season,16,Wed,2018-12-19,18:30,Schalke 04,1.8,0.5,Leverkusen,61548,Veltins-Arena,Deniz Aytekin,https://fbref.com/en/matches/68be633d/Schalke-04-Bayer-Leverkusen-December-19-2018-Bundesliga,1,2
Bundesliga,2018-2019,Regular Season,16,Wed,2018-12-19,20:30,Freiburg,1.9,1.7,Hannover 96,23500,Schwarzwald-Stadion,Christian Dingert,https://fbref.com/en/matches/c2b78663/Freiburg-Hannover-96-December-19-2018-Bundesliga,1,1
Bundesliga,2018-2019,Regular Season,16,Wed,2018-12-19,20:30,Werder Bremen,2.5,1.5,Hoffenheim,40003,Weserstadion,Markus Schmidt,https://fbref.com/en/matches/fa4fffaf/Werder-Bremen-Hoffenheim-December-19-2018-Bundesliga,1,1
Bundesliga,2018-2019,Regular Season,16,Wed,2018-12-19,20:30,Mainz 05,1.5,1.1,Eint Frankfurt,30805,Opel Arena,Daniel Siebert,https://fbref.com/en/matches/35e81ca0/Mainz-05-Eintracht-Frankfurt-December-19-2018-Bundesliga,2,2
Bundesliga,2018-2019,Regular Season,16,Wed,2018-12-19,20:30,Bayern Munich,1.8,0.4,RB Leipzig,75000,Allianz Arena,Marco Fritz,https://fbref.com/en/matches/fa8d5429/Bayern-Munich-RB-Leipzig-December-19-2018-Bundesliga,1,0
Bundesliga,2018-2019,Regular Season,17,Fri,2018-12-21,20:30,Dortmund,1.7,0.6,M'Gladbach,81365,Signal Iduna Park,Felix Zwayer,https://fbref.com/en/matches/46a281bb/Dortmund-Monchengladbach-December-21-2018-Bundesliga,2,1
Bundesliga,2018-2019,Regular Season,17,Sat,2018-12-22,15:30,RB Leipzig,1.9,2.0,Werder Bremen,40455,Red Bull Arena,Bibiana Steinhaus,https://fbref.com/en/matches/ea19f9d7/RB-Leipzig-Werder-Bremen-December-22-2018-Bundesliga,3,2
Bundesliga,2018-2019,Regular Season,17,Sat,2018-12-22,15:30,Leverkusen,2.5,1.6,Hertha BSC,27647,BayArena,Tobias Stieler,https://fbref.com/en/matches/d7baa594/Bayer-Leverkusen-Hertha-BSC-December-22-2018-Bundesliga,3,1
Bundesliga,2018-2019,Regular Season,17,Sat,2018-12-22,15:30,Stuttgart,1.6,2.2,Schalke 04,54022,Mercedes-Benz Arena,Felix Brych,https://fbref.com/en/matches/700cbf45/Stuttgart-Schalke-04-December-22-2018-Bundesliga,1,3
Bundesliga,2018-2019,Regular Season,17,Sat,2018-12-22,15:30,Nürnberg,0.7,0.4,Freiburg,36190,Max-Morlock-Stadion,Robert Kampka,https://fbref.com/en/matches/15a9df4e/Nurnberg-Freiburg-December-22-2018-Bundesliga,0,1
Bundesliga,2018-2019,Regular Season,17,Sat,2018-12-22,15:30,Hannover 96,0.5,0.9,Düsseldorf,34200,HDI-Arena,Bastian Dankert,https://fbref.com/en/matches/04e05299/Hannover-96-Dusseldorf-December-22-2018-Bundesliga,0,1
Bundesliga,2018-2019,Regular Season,17,Sat,2018-12-22,18:30,Eint Frankfurt,1.1,1.9,Bayern Munich,51500,Commerzbank-Arena,Manuel Gräfe,https://fbref.com/en/matches/498de542/Eintracht-Frankfurt-Bayern-Munich-December-22-2018-Bundesliga,0,3
Bundesliga,2018-2019,Regular Season,17,Sun,2018-12-23,15:30,Augsburg,0.9,2.1,Wolfsburg,28152,WWK Arena,Sören Storks,https://fbref.com/en/matches/70a8ef80/Augsburg-Wolfsburg-December-23-2018-Bundesliga,2,3
Bundesliga,2018-2019,Regular Season,17,Sun,2018-12-23,18:00,Hoffenheim,3.1,1.3,Mainz 05,28216,PreZero Arena,Sascha Stegemann,https://fbref.com/en/matches/bdeb0872/Hoffenheim-Mainz-05-December-23-2018-Bundesliga,1,1
Bundesliga,2018-2019,Regular Season,18,Fri,2019-01-18,20:30,Hoffenheim,1.0,2.7,Bayern Munich,30150,PreZero Arena,Tobias Welz,https://fbref.com/en/matches/b0e79335/Hoffenheim-Bayern-Munich-January-18-2019-Bundesliga,1,3
Bundesliga,2018-2019,Regular Season,18,Sat,2019-01-19,15:30,Hannover 96,0.9,2.7,Werder Bremen,44300,HDI-Arena,Marco Fritz,https://fbref.com/en/matches/1dad690a/Hannover-96-Werder-Bremen-January-19-2019-Bundesliga,0,1
Bundesliga,2018-2019,Regular Season,18,Sat,2019-01-19,15:30,Leverkusen,1.8,0.7,M'Gladbach,29628,BayArena,Daniel Siebert,https://fbref.com/en/matches/ec3b7521/Bayer-Leverkusen-Monchengladbach-January-19-2019-Bundesliga,0,1
Bundesliga,2018-2019,Regular Season,18,Sat,2019-01-19,15:30,Eint Frankfurt,2.7,1.6,Freiburg,49200,Commerzbank-Arena,Sven Jablonski,https://fbref.com/en/matches/6863d31d/Eintracht-Frankfurt-Freiburg-January-19-2019-Bundesliga,3,1
Bundesliga,2018-2019,Regular Season,18,Sat,2019-01-19,15:30,Stuttgart,2.8,1.7,Mainz 05,51881,Mercedes-Benz Arena,Tobias Stieler,https://fbref.com/en/matches/fc607c01/Stuttgart-Mainz-05-January-19-2019-Bundesliga,2,3
Bundesliga,2018-2019,Regular Season,18,Sat,2019-01-19,15:30,Augsburg,0.8,1.1,Düsseldorf,27568,WWK Arena,Christian Dingert,https://fbref.com/en/matches/e9911489/Augsburg-Dusseldorf-January-19-2019-Bundesliga,1,2
Bundesliga,2018-2019,Regular Season,18,Sat,2019-01-19,18:30,RB Leipzig,1.3,1.0,Dortmund,41939,Red Bull Arena,Deniz Aytekin,https://fbref.com/en/matches/223350ea/RB-Leipzig-Dortmund-January-19-2019-Bundesliga,0,1
Bundesliga,2018-2019,Regular Season,18,Sun,2019-01-20,15:30,Nürnberg,1.0,2.3,Hertha BSC,36112,Max-Morlock-Stadion,Guido Winkmann,https://fbref.com/en/matches/5270b553/Nurnberg-Hertha-BSC-January-20-2019-Bundesliga,1,3
Bundesliga,2018-2019,Regular Season,18,Sun,2019-01-20,18:00,Schalke 04,2.5,1.4,Wolfsburg,58827,Veltins-Arena,Manuel Gräfe,https://fbref.com/en/matches/c52ed709/Schalke-04-Wolfsburg-January-20-2019-Bundesliga,2,1
Bundesliga,2018-2019,Regular Season,19,Fri,2019-01-25,20:30,Hertha BSC,0.9,1.0,Schalke 04,43027,Olympiastadion Berlin,Felix Brych,https://fbref.com/en/matches/2461f724/Hertha-BSC-Schalke-04-January-25-2019-Bundesliga,2,2
Bundesliga,2018-2019,Regular Season,19,Sat,2019-01-26,15:30,Mainz 05,3.0,0.5,Nürnberg,22005,Opel Arena,Bastian Dankert,https://fbref.com/en/matches/5cd763a2/Mainz-05-Nurnberg-January-26-2019-Bundesliga,2,1
Bundesliga,2018-2019,Regular Season,19,Sat,2019-01-26,15:30,Dortmund,2.2,0.8,Hannover 96,81365,Signal Iduna Park,Manuel Gräfe,https://fbref.com/en/matches/74a75bd8/Dortmund-Hannover-96-January-26-2019-Bundesliga,5,1
Bundesliga,2018-2019,Regular Season,19,Sat,2019-01-26,15:30,Freiburg,2.0,2.5,Hoffenheim,23900,Schwarzwald-Stadion,Bibiana Steinhaus,https://fbref.com/en/matches/f2f574d1/Freiburg-Hoffenheim-January-26-2019-Bundesliga,2,4
Bundesliga,2018-2019,Regular Season,19,Sat,2019-01-26,15:30,Wolfsburg,0.7,3.1,Leverkusen,21736,Volkswagen Arena,Felix Zwayer,https://fbref.com/en/matches/120a6b63/Wolfsburg-Bayer-Leverkusen-January-26-2019-Bundesliga,0,3
Bundesliga,2018-2019,Regular Season,19,Sat,2019-01-26,15:30,M'Gladbach,1.9,0.6,Augsburg,42509,Stadion im Borussia-Park,Harm Osmers,https://fbref.com/en/matches/57b73044/Monchengladbach-Augsburg-January-26-2019-Bundesliga,2,0
Bundesliga,2018-2019,Regular Season,19,Sat,2019-01-26,18:30,Werder Bremen,3.5,1.6,Eint Frankfurt,42100,Weserstadion,Markus Schmidt,https://fbref.com/en/matches/eaadfedb/Werder-Bremen-Eintracht-Frankfurt-January-26-2019-Bundesliga,2,2
Bundesliga,2018-2019,Regular Season,19,Sun,2019-01-27,15:30,Bayern Munich,2.2,0.9,Stuttgart,75000,Allianz Arena,Frank Willenborg,https://fbref.com/en/matches/a901c871/Bayern-Munich-Stuttgart-January-27-2019-Bundesliga,4,1
Bundesliga,2018-2019,Regular Season,19,Sun,2019-01-27,18:00,Düsseldorf,0.3,2.4,RB Leipzig,34394,Merkur Spielarena,Robert Hartmann,https://fbref.com/en/matches/7e93c1ca/Dusseldorf-RB-Leipzig-January-27-2019-Bundesliga,0,4
Bundesliga,2018-2019,Regular Season,20,Fri,2019-02-01,20:30,Hannover 96,0.1,3.0,RB Leipzig,32400,HDI-Arena,Daniel Schlager,https://fbref.com/en/matches/3b4074fc/Hannover-96-RB-Leipzig-February-1-2019-Bundesliga,0,3
Bundesliga,2018-2019,Regular Season,20,Sat,2019-02-02,15:30,Hoffenheim,1.8,0.9,Düsseldorf,24747,PreZero Arena,Benjamin Cortus,https://fbref.com/en/matches/9ff74804/Hoffenheim-Dusseldorf-February-2-2019-Bundesliga,1,1
Bundesliga,2018-2019,Regular Season,20,Sat,2019-02-02,15:30,Hertha BSC,1.4,1.2,Wolfsburg,39259,Olympiastadion Berlin,Bastian Dankert,https://fbref.com/en/matches/3c076ec9/Hertha-BSC-Wolfsburg-February-2-2019-Bundesliga,0,1
Bundesliga,2018-2019,Regular Season,20,Sat,2019-02-02,15:30,Eint Frankfurt,1.0,1.5,Dortmund,51500,Commerzbank-Arena,Felix Zwayer,https://fbref.com/en/matches/61aef840/Eintracht-Frankfurt-Dortmund-February-2-2019-Bundesliga,1,1
Bundesliga,2018-2019,Regular Season,20,Sat,2019-02-02,15:30,Leverkusen,1.7,1.6,Bayern Munich,30210,BayArena,Tobias Stieler,https://fbref.com/en/matches/6378e865/Bayer-Leverkusen-Bayern-Munich-February-2-2019-Bundesliga,3,1
Bundesliga,2018-2019,Regular Season,20,Sat,2019-02-02,15:30,Nürnberg,1.3,0.9,Werder Bremen,35753,Max-Morlock-Stadion,Robert Kampka,https://fbref.com/en/matches/c1b712f6/Nurnberg-Werder-Bremen-February-2-2019-Bundesliga,1,1
Bundesliga,2018-2019,Regular Season,20,Sat,2019-02-02,18:30,Schalke 04,0.4,1.6,M'Gladbach,62271,Veltins-Arena,Marco Fritz,https://fbref.com/en/matches/d2173667/Schalke-04-Monchengladbach-February-2-2019-Bundesliga,0,2
Bundesliga,2018-2019,Regular Season,20,Sun,2019-02-03,15:30,Augsburg,3.3,0.3,Mainz 05,25733,WWK Arena,Sören Storks,https://fbref.com/en/matches/05dc1148/Augsburg-Mainz-05-February-3-2019-Bundesliga,3,0
Bundesliga,2018-2019,Regular Season,20,Sun,2019-02-03,18:00,Stuttgart,1.3,2.1,Freiburg,51009,Mercedes-Benz Arena,Deniz Aytekin,https://fbref.com/en/matches/78ddf538/Stuttgart-Freiburg-February-3-2019-Bundesliga,2,2
Bundesliga,2018-2019,Regular Season,21,Fri,2019-02-08,20:30,Mainz 05,1.7,2.7,Leverkusen,21905,Opel Arena,Robert Schröder,https://fbref.com/en/matches/840b4dde/Mainz-05-Bayer-Leverkusen-February-8-2019-Bundesliga,1,5
Bundesliga,2018-2019,Regular Season,21,Sat,2019-02-09,15:30,Hannover 96,1.7,1.1,Nürnberg,33700,HDI-Arena,Tobias Welz,https://fbref.com/en/matches/ca175c9c/Hannover-96-Nurnberg-February-9-2019-Bundesliga,2,0
Bundesliga,2018-2019,Regular Season,21,Sat,2019-02-09,15:30,Freiburg,1.0,1.7,Wolfsburg,23600,Schwarzwald-Stadion,Felix Brych,https://fbref.com/en/matches/4e00c6fa/Freiburg-Wolfsburg-February-9-2019-Bundesliga,3,3
Bundesliga,2018-2019,Regular Season,21,Sat,2019-02-09,15:30,Dortmund,2.5,1.3,Hoffenheim,81365,Signal Iduna Park,Marco Fritz,https://fbref.com/en/matches/a23bb367/Dortmund-Hoffenheim-February-9-2019-Bundesliga,3,3
Bundesliga,2018-2019,Regular Season,21,Sat,2019-02-09,15:30,RB Leipzig,1.7,0.4,Eint Frankfurt,38330,Red Bull Arena,Guido Winkmann,https://fbref.com/en/matches/e5f4a948/RB-Leipzig-Eintracht-Frankfurt-February-9-2019-Bundesliga,0,0
Bundesliga,2018-2019,Regular Season,21,Sat,2019-02-09,15:30,M'Gladbach,1.1,1.6,Hertha BSC,48232,Stadion im Borussia-Park,Martin Petersen,https://fbref.com/en/matches/27380b1c/Monchengladbach-Hertha-BSC-February-9-2019-Bundesliga,0,3
Bundesliga,2018-2019,Regular Season,21,Sat,2019-02-09,18:30,Bayern Munich,2.2,0.8,Schalke 04,75000,Allianz Arena,Daniel Siebert,https://fbref.com/en/matches/2d460aea/Bayern-Munich-Schalke-04-February-9-2019-Bundesliga,3,1
Bundesliga,2018-2019,Regular Season,21,Sun,2019-02-10,15:30,Werder Bremen,1.2,1.2,Augsburg,40138,Weserstadion,Manuel Gräfe,https://fbref.com/en/matches/deb1bda9/Werder-Bremen-Augsburg-February-10-2019-Bundesliga,4,0
Bundesliga,2018-2019,Regular Season,21,Sun,2019-02-10,18:00,Düsseldorf,1.9,1.2,Stuttgart,40211,Merkur Spielarena,Christian Dingert,https://fbref.com/en/matches/8c87e772/Dusseldorf-Stuttgart-February-10-2019-Bundesliga,3,0
Bundesliga,2018-2019,Regular Season,22,Fri,2019-02-15,20:30,Augsburg,0.4,1.8,Bayern Munich,30660,WWK Arena,Bibiana Steinhaus,https://fbref.com/en/matches/ed0daadb/Augsburg-Bayern-Munich-February-15-2019-Bundesliga,2,3
Bundesliga,2018-2019,Regular Season,22,Sat,2019-02-16,15:30,Stuttgart,1.2,1.2,RB Leipzig,46072,Mercedes-Benz Arena,Felix Zwayer,https://fbref.com/en/matches/f701d234/Stuttgart-RB-Leipzig-February-16-2019-Bundesliga,1,3
Bundesliga,2018-2019,Regular Season,22,Sat,2019-02-16,15:30,Wolfsburg,2.0,0.8,Mainz 05,20334,Volkswagen Arena,Benjamin Cortus,https://fbref.com/en/matches/80da51a6/Wolfsburg-Mainz-05-February-16-2019-Bundesliga,3,0
Bundesliga,2018-2019,Regular Season,22,Sat,2019-02-16,15:30,Schalke 04,0.5,1.0,Freiburg,58271,Veltins-Arena,Frank Willenborg,https://fbref.com/en/matches/60f9905f/Schalke-04-Freiburg-February-16-2019-Bundesliga,0,0
Bundesliga,2018-2019,Regular Season,22,Sat,2019-02-16,15:30,Hoffenheim,3.4,0.4,Hannover 96,23404,PreZero Arena,Daniel Siebert,https://fbref.com/en/matches/3153c734/Hoffenheim-Hannover-96-February-16-2019-Bundesliga,3,0
Bundesliga,2018-2019,Regular Season,22,Sat,2019-02-16,18:30,Hertha BSC,1.1,0.5,Werder Bremen,49627,Olympiastadion Berlin,Sören Storks,https://fbref.com/en/matches/8238f9ce/Hertha-BSC-Werder-Bremen-February-16-2019-Bundesliga,1,1
Bundesliga,2018-2019,Regular Season,22,Sun,2019-02-17,15:30,Eint Frankfurt,1.0,1.2,M'Gladbach,51500,Commerzbank-Arena,Deniz Aytekin,https://fbref.com/en/matches/721d0916/Eintracht-Frankfurt-Monchengladbach-February-17-2019-Bundesliga,1,1
Bundesliga,2018-2019,Regular Season,22,Sun,2019-02-17,18:00,Leverkusen,1.8,0.2,Düsseldorf,27717,BayArena,Markus Schmidt,https://fbref.com/en/matches/6c3e29bf/Bayer-Leverkusen-Dusseldorf-February-17-2019-Bundesliga,2,0
Bundesliga,2018-2019,Regular Season,22,Mon,2019-02-18,20:30,Nürnberg,0.3,1.4,Dortmund,50000,Max-Morlock-Stadion,Harm Osmers,https://fbref.com/en/matches/caf163f1/Nurnberg-Dortmund-February-18-2019-Bundesliga,0,0
Bundesliga,2018-2019,Regular Season,23,Fri,2019-02-22,20:30,Werder Bremen,1.0,0.9,Stuttgart,41000,Weserstadion,Robert Hartmann,https://fbref.com/en/matches/fc08da57/Werder-Bremen-Stuttgart-February-22-2019-Bundesliga,1,1
Bundesliga,2018-2019,Regular Season,23,Sat,2019-02-23,15:30,Mainz 05,2.8,0.8,Schalke 04,26005,Opel Arena,Sven Jablonski,https://fbref.com/en/matches/136a4d84/Mainz-05-Schalke-04-February-23-2019-Bundesliga,3,0
Bundesliga,2018-2019,Regular Season,23,Sat,2019-02-23,15:30,Bayern Munich,0.7,0.4,Hertha BSC,75000,Allianz Arena,Harm Osmers,https://fbref.com/en/matches/30d9d52c/Bayern-Munich-Hertha-BSC-February-23-2019-Bundesliga,1,0
Bundesliga,2018-2019,Regular Season,23,Sat,2019-02-23,15:30,M'Gladbach,1.2,0.9,Wolfsburg,48041,Stadion im Borussia-Park,Robert Kampka,https://fbref.com/en/matches/9c135ce7/Monchengladbach-Wolfsburg-February-23-2019-Bundesliga,0,3
Bundesliga,2018-2019,Regular Season,23,Sat,2019-02-23,15:30,Freiburg,2.1,1.3,Augsburg,23600,Schwarzwald-Stadion,Tobias Welz,https://fbref.com/en/matches/63c3a6fd/Freiburg-Augsburg-February-23-2019-Bundesliga,5,1
Bundesliga,2018-2019,Regular Season,23,Sat,2019-02-23,18:30,Düsseldorf,1.6,0.1,Nürnberg,41816,Merkur Spielarena,Sascha Stegemann,https://fbref.com/en/matches/7b135379/Dusseldorf-Nurnberg-February-23-2019-Bundesliga,2,1
Bundesliga,2018-2019,Regular Season,23,Sun,2019-02-24,15:30,Hannover 96,0.5,1.9,Eint Frankfurt,39100,HDI-Arena,Marco Fritz,https://fbref.com/en/matches/538b5bcf/Hannover-96-Eintracht-Frankfurt-February-24-2019-Bundesliga,0,3
Bundesliga,2018-2019,Regular Season,23,Sun,2019-02-24,18:00,Dortmund,1.2,0.9,Leverkusen,81029,Signal Iduna Park,Christian Dingert,https://fbref.com/en/matches/43a71ff7/Dortmund-Bayer-Leverkusen-February-24-2019-Bundesliga,3,2
Bundesliga,2018-2019,Regular Season,23,Mon,2019-02-25,20:30,RB Leipzig,1.3,1.2,Hoffenheim,33569,Red Bull Arena,Felix Brych,https://fbref.com/en/matches/6d0c472a/RB-Leipzig-Hoffenheim-February-25-2019-Bundesliga,1,1
Bundesliga,2018-2019,Regular Season,24,Fri,2019-03-01,20:30,Augsburg,0.9,2.2,Dortmund,30660,WWK Arena,Tobias Stieler,https://fbref.com/en/matches/480315ae/Augsburg-Dortmund-March-1-2019-Bundesliga,2,1
Bundesliga,2018-2019,Regular Season,24,Sat,2019-03-02,15:30,Leverkusen,2.2,0.3,Freiburg,26607,BayArena,Guido Winkmann,https://fbref.com/en/matches/08f5a5b3/Bayer-Leverkusen-Freiburg-March-2-2019-Bundesliga,2,0
Bundesliga,2018-2019,Regular Season,24,Sat,2019-03-02,15:30,Eint Frankfurt,1.6,2.0,Hoffenheim,49500,Commerzbank-Arena,Manuel Gräfe,https://fbref.com/en/matches/a007612d/Eintracht-Frankfurt-Hoffenheim-March-2-2019-Bundesliga,3,2
Bundesliga,2018-2019,Regular Season,24,Sat,2019-03-02,15:30,Hertha BSC,1.4,0.6,Mainz 05,33981,Olympiastadion Berlin,Deniz Aytekin,https://fbref.com/en/matches/aeb9b25e/Hertha-BSC-Mainz-05-March-2-2019-Bundesliga,2,1
Bundesliga,2018-2019,Regular Season,24,Sat,2019-03-02,15:30,Schalke 04,0.7,2.1,Düsseldorf,60322,Veltins-Arena,Felix Brych,https://fbref.com/en/matches/fd0d5470/Schalke-04-Dusseldorf-March-2-2019-Bundesliga,0,4
Bundesliga,2018-2019,Regular Season,24,Sat,2019-03-02,15:30,Nürnberg,1.1,1.3,RB Leipzig,34532,Max-Morlock-Stadion,Daniel Schlager,https://fbref.com/en/matches/3eff956d/Nurnberg-RB-Leipzig-March-2-2019-Bundesliga,0,1
Bundesliga,2018-2019,Regular Season,24,Sat,2019-03-02,18:30,M'Gladbach,0.7,4.7,Bayern Munich,54022,Stadion im Borussia-Park,Felix Zwayer,https://fbref.com/en/matches/cc83f62b/Monchengladbach-Bayern-Munich-March-2-2019-Bundesliga,1,5
Bundesliga,2018-2019,Regular Season,24,Sun,2019-03-03,15:30,Stuttgart,2.0,0.1,Hannover 96,55781,Mercedes-Benz Arena,Bastian Dankert,https://fbref.com/en/matches/b9c824d9/Stuttgart-Hannover-96-March-3-2019-Bundesliga,5,1
Bundesliga,2018-2019,Regular Season,24,Sun,2019-03-03,18:00,Wolfsburg,1.2,1.3,Werder Bremen,28101,Volkswagen Arena,Daniel Siebert,https://fbref.com/en/matches/d97fbe16/Wolfsburg-Werder-Bremen-March-3-2019-Bundesliga,1,1
Bundesliga,2018-2019,Regular Season,25,Fri,2019-03-08,20:30,Werder Bremen,2.5,1.1,Schalke 04,42100,Weserstadion,Martin Petersen,https://fbref.com/en/matches/bb20b49d/Werder-Bremen-Schalke-04-March-8-2019-Bundesliga,4,2
Bundesliga,2018-2019,Regular Season,25,Sat,2019-03-09,15:30,RB Leipzig,1.5,0.2,Augsburg,38590,Red Bull Arena,Sven Jablonski,https://fbref.com/en/matches/17f250e0/RB-Leipzig-Augsburg-March-9-2019-Bundesliga,0,0
Bundesliga,2018-2019,Regular Season,25,Sat,2019-03-09,15:30,Bayern Munich,3.3,0.1,Wolfsburg,75000,Allianz Arena,Sascha Stegemann,https://fbref.com/en/matches/b8130eac/Bayern-Munich-Wolfsburg-March-9-2019-Bundesliga,6,0
Bundesliga,2018-2019,Regular Season,25,Sat,2019-03-09,15:30,Freiburg,1.4,1.2,Hertha BSC,24000,Schwarzwald-Stadion,Robert Schröder,https://fbref.com/en/matches/4df16aa7/Freiburg-Hertha-BSC-March-9-2019-Bundesliga,2,1
Bundesliga,2018-2019,Regular Season,25,Sat,2019-03-09,15:30,Dortmund,2.0,0.7,Stuttgart,81365,Signal Iduna Park,Benjamin Cortus,https://fbref.com/en/matches/91a39fe1/Dortmund-Stuttgart-March-9-2019-Bundesliga,3,1
Bundesliga,2018-2019,Regular Season,25,Sat,2019-03-09,18:30,Mainz 05,0.6,1.7,M'Gladbach,30405,Opel Arena,Markus Schmidt,https://fbref.com/en/matches/0c2a6390/Mainz-05-Monchengladbach-March-9-2019-Bundesliga,0,1
Bundesliga,2018-2019,Regular Season,25,Sun,2019-03-10,15:30,Hoffenheim,2.2,0.6,Nürnberg,29015,PreZero Arena,Christian Dingert,https://fbref.com/en/matches/50323c34/Hoffenheim-Nurnberg-March-10-2019-Bundesliga,2,1
Bundesliga,2018-2019,Regular Season,25,Sun,2019-03-10,18:00,Hannover 96,1.2,2.4,Leverkusen,33800,HDI-Arena,Sören Storks,https://fbref.com/en/matches/0f824b05/Hannover-96-Bayer-Leverkusen-March-10-2019-Bundesliga,2,3
Bundesliga,2018-2019,Regular Season,25,Mon,2019-03-11,20:30,Düsseldorf,0.6,2.3,Eint Frankfurt,41419,Merkur Spielarena,Robert Hartmann,https://fbref.com/en/matches/72ede6cc/Dusseldorf-Eintracht-Frankfurt-March-11-2019-Bundesliga,0,3
Bundesliga,2018-2019,Regular Season,26,Fri,2019-03-15,20:30,M'Gladbach,1.5,0.5,Freiburg,46832,Stadion im Borussia-Park,Robert Kampka,https://fbref.com/en/matches/9073f724/Monchengladbach-Freiburg-March-15-2019-Bundesliga,1,1
Bundesliga,2018-2019,Regular Season,26,Sat,2019-03-16,15:30,Schalke 04,1.2,1.3,RB Leipzig,59913,Veltins-Arena,Guido Winkmann,https://fbref.com/en/matches/17ea1585/Schalke-04-RB-Leipzig-March-16-2019-Bundesliga,0,1
Bundesliga,2018-2019,Regular Season,26,Sat,2019-03-16,15:30,Augsburg,1.0,1.7,Hannover 96,28136,WWK Arena,Manuel Gräfe,https://fbref.com/en/matches/051149a8/Augsburg-Hannover-96-March-16-2019-Bundesliga,3,1
Bundesliga,2018-2019,Regular Season,26,Sat,2019-03-16,15:30,Wolfsburg,4.2,1.4,Düsseldorf,25350,Volkswagen Arena,Bastian Dankert,https://fbref.com/en/matches/95629df9/Wolfsburg-Dusseldorf-March-16-2019-Bundesliga,5,2
Bundesliga,2018-2019,Regular Season,26,Sat,2019-03-16,15:30,Stuttgart,1.1,2.3,Hoffenheim,56743,Mercedes-Benz Arena,Felix Zwayer,https://fbref.com/en/matches/c19c666e/Stuttgart-Hoffenheim-March-16-2019-Bundesliga,1,1
Bundesliga,2018-2019,Regular Season,26,Sat,2019-03-16,18:30,Hertha BSC,1.6,2.9,Dortmund,74649,Olympiastadion Berlin,Tobias Welz,https://fbref.com/en/matches/86994c33/Hertha-BSC-Dortmund-March-16-2019-Bundesliga,2,3
Bundesliga,2018-2019,Regular Season,26,Sun,2019-03-17,13:30,Leverkusen,1.6,1.1,Werder Bremen,30210,BayArena,Deniz Aytekin,https://fbref.com/en/matches/87f5895d/Bayer-Leverkusen-Werder-Bremen-March-17-2019-Bundesliga,1,3
Bundesliga,2018-2019,Regular Season,26,Sun,2019-03-17,15:30,Eint Frankfurt,2.9,0.5,Nürnberg,51500,Commerzbank-Arena,Bibiana Steinhaus,https://fbref.com/en/matches/36cd6979/Eintracht-Frankfurt-Nurnberg-March-17-2019-Bundesliga,1,0
Bundesliga,2018-2019,Regular Season,26,Sun,2019-03-17,18:00,Bayern Munich,2.3,0.3,Mainz 05,75000,Allianz Arena,Frank Willenborg,https://fbref.com/en/matches/9475e52e/Bayern-Munich-Mainz-05-March-17-2019-Bundesliga,6,0
Bundesliga,2018-2019,Regular Season,27,Fri,2019-03-29,20:30,Hoffenheim,1.7,2.3,Leverkusen,28350,PreZero Arena,Harm Osmers,https://fbref.com/en/matches/0714f674/Hoffenheim-Bayer-Leverkusen-March-29-2019-Bundesliga,4,1
Bundesliga,2018-2019,Regular Season,27,Sat,2019-03-30,15:30,Nürnberg,1.2,0.9,Augsburg,42658,Max-Morlock-Stadion,Daniel Siebert,https://fbref.com/en/matches/a2b3f4db/Nurnberg-Augsburg-March-30-2019-Bundesliga,3,0
Bundesliga,2018-2019,Regular Season,27,Sat,2019-03-30,15:30,Freiburg,0.7,2.3,Bayern Munich,24000,Schwarzwald-Stadion,Christian Dingert,https://fbref.com/en/matches/6b96a0fb/Freiburg-Bayern-Munich-March-30-2019-Bundesliga,1,1
Bundesliga,2018-2019,Regular Season,27,Sat,2019-03-30,15:30,Werder Bremen,1.4,0.9,Mainz 05,40711,Weserstadion,Marco Fritz,https://fbref.com/en/matches/a9a000b7/Werder-Bremen-Mainz-05-March-30-2019-Bundesliga,3,1
Bundesliga,2018-2019,Regular Season,27,Sat,2019-03-30,15:30,Düsseldorf,1.4,0.9,M'Gladbach,52500,Merkur Spielarena,Tobias Stieler,https://fbref.com/en/matches/14117b76/Dusseldorf-Monchengladbach-March-30-2019-Bundesliga,3,1
Bundesliga,2018-2019,Regular Season,27,Sat,2019-03-30,15:30,Dortmund,1.1,0.2,Wolfsburg,81365,Signal Iduna Park,Markus Schmidt,https://fbref.com/en/matches/a9d723fb/Dortmund-Wolfsburg-March-30-2019-Bundesliga,2,0
Bundesliga,2018-2019,Regular Season,27,Sat,2019-03-30,18:30,RB Leipzig,3.8,0.9,Hertha BSC,41939,Red Bull Arena,Sören Storks,https://fbref.com/en/matches/cd52067c/RB-Leipzig-Hertha-BSC-March-30-2019-Bundesliga,5,0
Bundesliga,2018-2019,Regular Season,27,Sun,2019-03-31,15:30,Hannover 96,1.0,0.5,Schalke 04,44500,HDI-Arena,Sven Jablonski,https://fbref.com/en/matches/29a149a6/Hannover-96-Schalke-04-March-31-2019-Bundesliga,0,1
Bundesliga,2018-2019,Regular Season,27,Sun,2019-03-31,18:00,Eint Frankfurt,1.0,0.5,Stuttgart,51500,Commerzbank-Arena,Felix Brych,https://fbref.com/en/matches/00ee37ac/Eintracht-Frankfurt-Stuttgart-March-31-2019-Bundesliga,3,0
Bundesliga,2018-2019,Regular Season,28,Fri,2019-04-05,20:30,Mainz 05,1.6,1.4,Freiburg,27305,Opel Arena,Sven Jablonski,https://fbref.com/en/matches/4d69c331/Mainz-05-Freiburg-April-5-2019-Bundesliga,5,0
Bundesliga,2018-2019,Regular Season,28,Sat,2019-04-06,15:30,Leverkusen,1.6,1.5,RB Leipzig,28845,BayArena,Tobias Welz,https://fbref.com/en/matches/08c9f762/Bayer-Leverkusen-RB-Leipzig-April-6-2019-Bundesliga,2,4
Bundesliga,2018-2019,Regular Season,28,Sat,2019-04-06,15:30,Wolfsburg,1.5,1.0,Hannover 96,23512,Volkswagen Arena,Benjamin Cortus,https://fbref.com/en/matches/003b8f20/Wolfsburg-Hannover-96-April-6-2019-Bundesliga,3,1
Bundesliga,2018-2019,Regular Season,28,Sat,2019-04-06,15:30,Hertha BSC,1.3,2.8,Düsseldorf,51604,Olympiastadion Berlin,Christian Dingert,https://fbref.com/en/matches/14f65c0c/Hertha-BSC-Dusseldorf-April-6-2019-Bundesliga,1,2
Bundesliga,2018-2019,Regular Season,28,Sat,2019-04-06,15:30,Stuttgart,2.8,2.6,Nürnberg,58757,Mercedes-Benz Arena,Frank Willenborg,https://fbref.com/en/matches/c8d4c209/Stuttgart-Nurnberg-April-6-2019-Bundesliga,1,1
Bundesliga,2018-2019,Regular Season,28,Sat,2019-04-06,15:30,Schalke 04,0.7,2.2,Eint Frankfurt,61842,Veltins-Arena,Sascha Stegemann,https://fbref.com/en/matches/f32c6baf/Schalke-04-Eintracht-Frankfurt-April-6-2019-Bundesliga,1,2
Bundesliga,2018-2019,Regular Season,28,Sat,2019-04-06,18:30,Bayern Munich,3.5,0.4,Dortmund,75000,Allianz Arena,Manuel Gräfe,https://fbref.com/en/matches/2dadf99a/Der-Klassiker-Bayern-Munich-Dortmund-April-6-2019-Bundesliga,5,0
Bundesliga,2018-2019,Regular Season,28,Sun,2019-04-07,15:30,Augsburg,0.4,2.7,Hoffenheim,27552,WWK Arena,Robert Schröder,https://fbref.com/en/matches/a07e1c23/Augsburg-Hoffenheim-April-7-2019-Bundesliga,0,4
Bundesliga,2018-2019,Regular Season,28,Sun,2019-04-07,18:00,M'Gladbach,1.4,0.8,Werder Bremen,54022,Stadion im Borussia-Park,Daniel Schlager,https://fbref.com/en/matches/a245a320/Monchengladbach-Werder-Bremen-April-7-2019-Bundesliga,1,1
Bundesliga,2018-2019,Regular Season,29,Fri,2019-04-12,20:30,Nürnberg,1.9,1.2,Schalke 04,50000,Max-Morlock-Stadion,Robert Kampka,https://fbref.com/en/matches/19e4f4e1/Nurnberg-Schalke-04-April-12-2019-Bundesliga,1,1
Bundesliga,2018-2019,Regular Season,29,Sat,2019-04-13,15:30,Stuttgart,0.5,2.5,Leverkusen,53657,Mercedes-Benz Arena,Tobias Stieler,https://fbref.com/en/matches/6831c785/Stuttgart-Bayer-Leverkusen-April-13-2019-Bundesliga,0,1
Bundesliga,2018-2019,Regular Season,29,Sat,2019-04-13,15:30,Werder Bremen,1.5,0.7,Freiburg,42100,Weserstadion,Bibiana Steinhaus,https://fbref.com/en/matches/49b7020f/Werder-Bremen-Freiburg-April-13-2019-Bundesliga,2,1
Bundesliga,2018-2019,Regular Season,29,Sat,2019-04-13,15:30,RB Leipzig,1.6,0.4,Wolfsburg,41212,Red Bull Arena,Daniel Siebert,https://fbref.com/en/matches/313d2dae/RB-Leipzig-Wolfsburg-April-13-2019-Bundesliga,2,0
Bundesliga,2018-2019,Regular Season,29,Sat,2019-04-13,15:30,Hannover 96,0.8,1.9,M'Gladbach,40200,HDI-Arena,Felix Brych,https://fbref.com/en/matches/862e9aa4/Hannover-96-Monchengladbach-April-13-2019-Bundesliga,0,1
Bundesliga,2018-2019,Regular Season,29,Sat,2019-04-13,18:30,Dortmund,1.4,3.2,Mainz 05,81365,Signal Iduna Park,Deniz Aytekin,https://fbref.com/en/matches/a32f4fbb/Dortmund-Mainz-05-April-13-2019-Bundesliga,2,1
Bundesliga,2018-2019,Regular Season,29,Sun,2019-04-14,13:30,Hoffenheim,3.2,0.4,Hertha BSC,28010,PreZero Arena,Martin Petersen,https://fbref.com/en/matches/6f16389f/Hoffenheim-Hertha-BSC-April-14-2019-Bundesliga,2,0
Bundesliga,2018-2019,Regular Season,29,Sun,2019-04-14,15:30,Düsseldorf,0.9,3.7,Bayern Munich,54600,Merkur Spielarena,Felix Zwayer,https://fbref.com/en/matches/cb90525c/Dusseldorf-Bayern-Munich-April-14-2019-Bundesliga,1,4
Bundesliga,2018-2019,Regular Season,29,Sun,2019-04-14,18:00,Eint Frankfurt,1.7,2.3,Augsburg,51000,Commerzbank-Arena,Bastian Dankert,https://fbref.com/en/matches/1fda77e0/Eintracht-Frankfurt-Augsburg-April-14-2019-Bundesliga,1,3
Bundesliga,2018-2019,Regular Season,30,Sat,2019-04-20,15:30,Bayern Munich,2.7,0.2,Werder Bremen,75000,Allianz Arena,Tobias Welz,https://fbref.com/en/matches/2f4aa1f5/Bayern-Munich-Werder-Bremen-April-20-2019-Bundesliga,1,0
Bundesliga,2018-2019,Regular Season,30,Sat,2019-04-20,15:30,Augsburg,2.7,1.7,Stuttgart,30660,WWK Arena,Manuel Gräfe,https://fbref.com/en/matches/affc0fe8/Augsburg-Stuttgart-April-20-2019-Bundesliga,6,0
Bundesliga,2018-2019,Regular Season,30,Sat,2019-04-20,15:30,Mainz 05,3.4,2.4,Düsseldorf,29205,Opel Arena,Markus Schmidt,https://fbref.com/en/matches/aca37691/Mainz-05-Dusseldorf-April-20-2019-Bundesliga,3,1
Bundesliga,2018-2019,Regular Season,30,Sat,2019-04-20,15:30,Leverkusen,1.5,0.2,Nürnberg,26405,BayArena,Guido Winkmann,https://fbref.com/en/matches/840ce0cb/Bayer-Leverkusen-Nurnberg-April-20-2019-Bundesliga,2,0
Bundesliga,2018-2019,Regular Season,30,Sat,2019-04-20,18:30,M'Gladbach,1.7,2.2,RB Leipzig,51757,Stadion im Borussia-Park,Harm Osmers,https://fbref.com/en/matches/101530b8/Monchengladbach-RB-Leipzig-April-20-2019-Bundesliga,1,2
Bundesliga,2018-2019,Regular Season,30,Sat,2019-04-20,20:30,Schalke 04,1.9,1.9,Hoffenheim,58958,Veltins-Arena,Christian Dingert,https://fbref.com/en/matches/6f5ad83d/Schalke-04-Hoffenheim-April-20-2019-Bundesliga,2,5
Bundesliga,2018-2019,Regular Season,30,Sun,2019-04-21,15:30,Freiburg,0.6,2.8,Dortmund,24000,Schwarzwald-Stadion,Robert Hartmann,https://fbref.com/en/matches/ce284ede/Freiburg-Dortmund-April-21-2019-Bundesliga,0,4
Bundesliga,2018-2019,Regular Season,30,Sun,2019-04-21,18:00,Hertha BSC,1.5,0.7,Hannover 96,38916,Olympiastadion Berlin,Sascha Stegemann,https://fbref.com/en/matches/ae563dd4/Hertha-BSC-Hannover-96-April-21-2019-Bundesliga,0,0
Bundesliga,2018-2019,Regular Season,30,Mon,2019-04-22,20:30,Wolfsburg,2.0,1.1,Eint Frankfurt,26102,Volkswagen Arena,Marco Fritz,https://fbref.com/en/matches/415a29f8/Wolfsburg-Eintracht-Frankfurt-April-22-2019-Bundesliga,1,1
Bundesliga,2018-2019,Regular Season,31,Fri,2019-04-26,20:30,Augsburg,0.3,2.2,Leverkusen,26404,WWK Arena,Frank Willenborg,https://fbref.com/en/matches/e3c5739e/Augsburg-Bayer-Leverkusen-April-26-2019-Bundesliga,1,4
Bundesliga,2018-2019,Regular Season,31,Sat,2019-04-27,15:30,RB Leipzig,1.7,0.9,Freiburg,40826,Red Bull Arena,Robert Schröder,https://fbref.com/en/matches/e3479527/RB-Leipzig-Freiburg-April-27-2019-Bundesliga,2,1
Bundesliga,2018-2019,Regular Season,31,Sat,2019-04-27,15:30,Eint Frankfurt,1.2,1.5,Hertha BSC,51500,Commerzbank-Arena,Sven Jablonski,https://fbref.com/en/matches/c3c39e38/Eintracht-Frankfurt-Hertha-BSC-April-27-2019-Bundesliga,0,0
Bundesliga,2018-2019,Regular Season,31,Sat,2019-04-27,15:30,Hannover 96,1.0,2.2,Mainz 05,30400,HDI-Arena,Sören Storks,https://fbref.com/en/matches/9b67a029/Hannover-96-Mainz-05-April-27-2019-Bundesliga,1,0
Bundesliga,2018-2019,Regular Season,31,Sat,2019-04-27,15:30,Düsseldorf,1.9,2.7,Werder Bremen,52500,Merkur Spielarena,Benjamin Cortus,https://fbref.com/en/matches/2e76f65a/Dusseldorf-Werder-Bremen-April-27-2019-Bundesliga,4,1
Bundesliga,2018-2019,Regular Season,31,Sat,2019-04-27,15:30,Dortmund,0.9,1.1,Schalke 04,80196,Signal Iduna Park,Felix Zwayer,https://fbref.com/en/matches/066e3e47/Revierderby-Dortmund-Schalke-04-April-27-2019-Bundesliga,2,4
Bundesliga,2018-2019,Regular Season,31,Sat,2019-04-27,18:30,Stuttgart,1.5,1.5,M'Gladbach,56730,Mercedes-Benz Arena,Bastian Dankert,https://fbref.com/en/matches/e36d3ced/Stuttgart-Monchengladbach-April-27-2019-Bundesliga,1,0
Bundesliga,2018-2019,Regular Season,31,Sun,2019-04-28,15:30,Hoffenheim,2.4,1.5,Wolfsburg,27725,PreZero Arena,Deniz Aytekin,https://fbref.com/en/matches/b59bd9ce/Hoffenheim-Wolfsburg-April-28-2019-Bundesliga,1,4
Bundesliga,2018-2019,Regular Season,31,Sun,2019-04-28,18:00,Nürnberg,1.5,1.8,Bayern Munich,50000,Max-Morlock-Stadion,Tobias Stieler,https://fbref.com/en/matches/68f552be/Nurnberg-Bayern-Munich-April-28-2019-Bundesliga,1,1
Bundesliga,2018-2019,Regular Season,32,Fri,2019-05-03,20:30,Mainz 05,1.4,2.3,RB Leipzig,23805,Opel Arena,Bibiana Steinhaus,https://fbref.com/en/matches/5c0c22ff/Mainz-05-RB-Leipzig-May-3-2019-Bundesliga,3,3
Bundesliga,2018-2019,Regular Season,32,Sat,2019-05-04,15:30,Bayern Munich,3.3,0.9,Hannover 96,75000,Allianz Arena,Christian Dingert,https://fbref.com/en/matches/8ba5ed54/Bayern-Munich-Hannover-96-May-4-2019-Bundesliga,3,1
Bundesliga,2018-2019,Regular Season,32,Sat,2019-05-04,15:30,M'Gladbach,1.2,3.0,Hoffenheim,51807,Stadion im Borussia-Park,Sascha Stegemann,https://fbref.com/en/matches/d88079fd/Monchengladbach-Hoffenheim-May-4-2019-Bundesliga,2,2
Bundesliga,2018-2019,Regular Season,32,Sat,2019-05-04,15:30,Wolfsburg,1.4,0.6,Nürnberg,22512,Volkswagen Arena,Daniel Siebert,https://fbref.com/en/matches/4f155066/Wolfsburg-Nurnberg-May-4-2019-Bundesliga,2,0
Bundesliga,2018-2019,Regular Season,32,Sat,2019-05-04,15:30,Hertha BSC,2.3,1.4,Stuttgart,48668,Olympiastadion Berlin,Daniel Schlager,https://fbref.com/en/matches/0e59cb2d/Hertha-BSC-Stuttgart-May-4-2019-Bundesliga,3,1
Bundesliga,2018-2019,Regular Season,32,Sat,2019-05-04,18:30,Werder Bremen,1.0,2.1,Dortmund,42100,Weserstadion,Marco Fritz,https://fbref.com/en/matches/5fad6240/Werder-Bremen-Dortmund-May-4-2019-Bundesliga,2,2
Bundesliga,2018-2019,Regular Season,32,Sun,2019-05-05,13:30,Schalke 04,1.4,0.3,Augsburg,59841,Veltins-Arena,Manuel Gräfe,https://fbref.com/en/matches/8459bd0f/Schalke-04-Augsburg-May-5-2019-Bundesliga,0,0
Bundesliga,2018-2019,Regular Season,32,Sun,2019-05-05,15:30,Freiburg,1.0,0.8,Düsseldorf,24000,Schwarzwald-Stadion,Tobias Welz,https://fbref.com/en/matches/576fdefd/Freiburg-Dusseldorf-May-5-2019-Bundesliga,1,1
Bundesliga,2018-2019,Regular Season,32,Sun,2019-05-05,18:00,Leverkusen,2.8,0.1,Eint Frankfurt,30210,BayArena,Robert Hartmann,https://fbref.com/en/matches/fa611375/Bayer-Leverkusen-Eintracht-Frankfurt-May-5-2019-Bundesliga,6,1
Bundesliga,2018-2019,Regular Season,33,Sat,2019-05-11,15:30,Hannover 96,1.8,0.6,Freiburg,38100,HDI-Arena,Robert Hartmann,https://fbref.com/en/matches/448e24e4/Hannover-96-Freiburg-May-11-2019-Bundesliga,3,0
Bundesliga,2018-2019,Regular Season,33,Sat,2019-05-11,15:30,Leverkusen,1.8,1.4,Schalke 04,30210,BayArena,Deniz Aytekin,https://fbref.com/en/matches/48fa50ac/Bayer-Leverkusen-Schalke-04-May-11-2019-Bundesliga,1,1
Bundesliga,2018-2019,Regular Season,33,Sat,2019-05-11,15:30,Augsburg,1.3,2.5,Hertha BSC,29307,WWK Arena,Guido Winkmann,https://fbref.com/en/matches/cd823be3/Augsburg-Hertha-BSC-May-11-2019-Bundesliga,3,4
Bundesliga,2018-2019,Regular Season,33,Sat,2019-05-11,15:30,Stuttgart,0.7,0.5,Wolfsburg,54068,Mercedes-Benz Arena,Felix Brych,https://fbref.com/en/matches/c80aada7/Stuttgart-Wolfsburg-May-11-2019-Bundesliga,3,0
Bundesliga,2018-2019,Regular Season,33,Sat,2019-05-11,15:30,RB Leipzig,0.6,1.3,Bayern Munich,41939,Red Bull Arena,Manuel Gräfe,https://fbref.com/en/matches/8e8124ef/RB-Leipzig-Bayern-Munich-May-11-2019-Bundesliga,0,0
Bundesliga,2018-2019,Regular Season,33,Sat,2019-05-11,15:30,Nürnberg,0.8,2.0,M'Gladbach,50000,Max-Morlock-Stadion,Frank Willenborg,https://fbref.com/en/matches/02703856/Nurnberg-Monchengladbach-May-11-2019-Bundesliga,0,4
Bundesliga,2018-2019,Regular Season,33,Sat,2019-05-11,15:30,Hoffenheim,2.3,0.8,Werder Bremen,30150,PreZero Arena,Bastian Dankert,https://fbref.com/en/matches/26c4d0d9/Hoffenheim-Werder-Bremen-May-11-2019-Bundesliga,0,1
Bundesliga,2018-2019,Regular Season,33,Sat,2019-05-11,15:30,Dortmund,1.2,1.4,Düsseldorf,81365,Signal Iduna Park,Tobias Stieler,https://fbref.com/en/matches/dde5d4cc/Dortmund-Dusseldorf-May-11-2019-Bundesliga,3,2
Bundesliga,2018-2019,Regular Season,33,Sun,2019-05-12,18:00,Eint Frankfurt,1.3,1.1,Mainz 05,51500,Commerzbank-Arena,Harm Osmers,https://fbref.com/en/matches/70050a84/Eintracht-Frankfurt-Mainz-05-May-12-2019-Bundesliga,0,2
Bundesliga,2018-2019,Regular Season,34,Sat,2019-05-18,15:30,Mainz 05,2.7,1.5,Hoffenheim,28305,Opel Arena,Deniz Aytekin,https://fbref.com/en/matches/947b6749/Mainz-05-Hoffenheim-May-18-2019-Bundesliga,4,2
Bundesliga,2018-2019,Regular Season,34,Sat,2019-05-18,15:30,M'Gladbach,0.5,2.0,Dortmund,54022,Stadion im Borussia-Park,Manuel Gräfe,https://fbref.com/en/matches/d1f02acc/Monchengladbach-Dortmund-May-18-2019-Bundesliga,0,2
Bundesliga,2018-2019,Regular Season,34,Sat,2019-05-18,15:30,Werder Bremen,1.0,1.6,RB Leipzig,42100,Weserstadion,Felix Brych,https://fbref.com/en/matches/d2f0564b/Werder-Bremen-RB-Leipzig-May-18-2019-Bundesliga,2,1
Bundesliga,2018-2019,Regular Season,34,Sat,2019-05-18,15:30,Bayern Munich,4.3,0.8,Eint Frankfurt,75000,Allianz Arena,Sascha Stegemann,https://fbref.com/en/matches/1721a767/Bayern-Munich-Eintracht-Frankfurt-May-18-2019-Bundesliga,5,1
Bundesliga,2018-2019,Regular Season,34,Sat,2019-05-18,15:30,Düsseldorf,2.0,1.0,Hannover 96,50000,Merkur Spielarena,Benjamin Cortus,https://fbref.com/en/matches/529ae2fe/Dusseldorf-Hannover-96-May-18-2019-Bundesliga,2,1
Bundesliga,2018-2019,Regular Season,34,Sat,2019-05-18,15:30,Wolfsburg,2.5,0.7,Augsburg,24456,Volkswagen Arena,Felix Zwayer,https://fbref.com/en/matches/e2891005/Wolfsburg-Augsburg-May-18-2019-Bundesliga,8,1
Bundesliga,2018-2019,Regular Season,34,Sat,2019-05-18,15:30,Freiburg,1.2,0.9,Nürnberg,24000,Schwarzwald-Stadion,Markus Schmidt,https://fbref.com/en/matches/ead1544a/Freiburg-Nurnberg-May-18-2019-Bundesliga,5,1
Bundesliga,2018-2019,Regular Season,34,Sat,2019-05-18,15:30,Schalke 04,0.8,1.0,Stuttgart,61676,Veltins-Arena,Robert Schröder,https://fbref.com/en/matches/4b3124e4/Schalke-04-Stuttgart-May-18-2019-Bundesliga,0,0
Bundesliga,2018-2019,Regular Season,34,Sat,2019-05-18,15:30,Hertha BSC,1.3,2.0,Leverkusen,59287,Olympiastadion Berlin,Marco Fritz,https://fbref.com/en/matches/1ccb7f2a/Hertha-BSC-Bayer-Leverkusen-May-18-2019-Bundesliga,1,5
Bundesliga,2018-2019,German 1/2 Relegation/Promotion Playoffs,,Thu,2019-05-23,20:30,Stuttgart,,,Union Berlin,58619,Mercedes-Benz Arena,,Match Report,2,2
Bundesliga,2018-2019,German 1/2 Relegation/Promotion Playoffs,,Mon,2019-05-27,20:30,Union Berlin,,,Stuttgart,22012,Stadion An der Alten Försterei,,Match Report,0,0
