League,Season,Rk,Player,Nation,Pos,Squad,Age,Born,MP,Starts,Min,90s,Gls,Ast,G-PK,PK,PKatt,CrdY,CrdR
EPL,2014-2015,1,Patrick van Aanholt,nl NED,DF,Sunderland,23,1990,28,26,"2,307",25.6,0,5,0,0,0,4,0
EPL,2014-2015,2,Rolando Aarons,eng ENG,MF,Newcastle Utd,18,1995,4,0,132,1.5,1,0,1,0,0,1,0
EPL,2014-2015,3,Mehdi Abeid,dz ALG,MF,Newcastle Utd,21,1992,13,7,664,7.4,0,0,0,0,0,0,0
EPL,2014-2015,4,Charlie Adam,sco SCO,MF,Stoke City,28,1985,29,15,"1,511",16.8,7,1,6,1,1,5,0
EPL,2014-2015,5,Emmanuel Adebayor,tg TOG,FW,Tottenham,30,1984,13,9,813,9.0,2,1,2,0,0,1,0
EPL,2014-2015,6,Adrián,es ESP,GK,West Ham,27,1987,38,38,"3,392",37.7,0,0,,,,3,1
EPL,2014-2015,7,Gabby Agbonlahor,eng ENG,"FW,MF",Aston Villa,27,1986,34,30,"2,693",29.9,6,1,6,0,0,7,1
EPL,2014-2015,8,Sergio Agüero,ar ARG,FW,Manchester City,26,1988,33,30,"2,531",28.1,26,8,21,5,6,4,0
EPL,2014-2015,9,Nathan Aké,nl NED,"DF,MF",Chelsea,19,1995,1,0,18,0.2,0,0,0,0,0,0,0
EPL,2014-2015,10,Chuba Akpom,eng ENG,FW,Arsenal,18,1995,3,0,30,0.3,0,0,0,0,0,0,0
EPL,2014-2015,11,Marc Albrighton,eng ENG,"FW,MF",Leicester City,24,1989,18,10,"1,031",11.5,2,3,2,0,0,3,0
EPL,2014-2015,12,Antolín Alcaraz,py PAR,DF,Everton,32,1982,8,6,527,5.9,0,0,0,0,0,2,1
EPL,2014-2015,13,Toby Alderweireld,be BEL,DF,Southampton,25,1989,26,26,"2,261",25.1,1,0,1,0,0,3,0
EPL,2014-2015,14,Joe Allen,wal WAL,MF,Liverpool,24,1990,21,16,"1,470",16.3,1,0,1,0,0,3,0
EPL,2014-2015,15,Jak Alnwick,eng ENG,GK,Newcastle Utd,21,1993,6,5,495,5.5,0,0,0,0,0,0,0
EPL,2014-2015,16,Jozy Altidore,us USA,FW,Sunderland,24,1989,11,2,311,3.5,0,0,0,0,0,0,0
EPL,2014-2015,17,Sone Aluko,ng NGA,"FW,MF",Hull City,25,1989,25,13,"1,242",13.8,1,0,1,0,0,2,0
EPL,2014-2015,18,Ricky Álvarez,ar ARG,MF,Sunderland,26,1988,13,5,497,5.5,0,0,0,0,0,3,0
EPL,2014-2015,19,Morgan Amalfitano,fr FRA,MF,West Ham,29,1985,24,14,"1,184",13.2,3,1,3,0,0,3,0
EPL,2014-2015,20,Jordi Amat,es ESP,DF,Swansea City,22,1992,10,7,588,6.5,0,0,0,0,0,3,0
EPL,2014-2015,21,Sammy Ameobi,eng ENG,"FW,MF",Newcastle Utd,22,1992,25,15,"1,418",15.8,2,2,2,0,0,2,0
EPL,2014-2015,22,Shola Ameobi,ng NGA,FW,Crystal Palace,32,1981,4,0,42,0.5,0,0,0,0,0,0,0
EPL,2014-2015,23,Anderson,br BRA,MF,Manchester Utd,26,1988,1,0,21,0.2,0,0,0,0,0,0,0
EPL,2014-2015,24,Victor Anichebe,ng NGA,FW,West Brom,26,1988,21,11,"1,035",11.5,3,1,3,0,0,0,0
EPL,2014-2015,25,Vurnon Anita,cw CUW,"DF,MF",Newcastle Utd,25,1989,19,17,"1,266",14.1,0,0,0,0,0,3,0
EPL,2014-2015,Rk,Player,Nation,Pos,Squad,Age,Born,MP,Starts,Min,90s,Gls,Ast,G-PK,PK,PKatt,CrdY,CrdR
EPL,2014-2015,26,Scott Arfield,ca CAN,MF,Burnley,25,1988,37,36,"3,202",35.6,2,2,2,0,1,6,0
EPL,2014-2015,27,Adam Armstrong,eng ENG,"FW,MF",Newcastle Utd,17,1997,11,1,211,2.3,0,1,0,0,0,1,0
EPL,2014-2015,28,Marko Arnautović,at AUT,"FW,MF",Stoke City,25,1989,29,20,"1,918",21.3,1,5,1,0,0,2,0
EPL,2014-2015,29,Mikel Arteta,es ESP,MF,Arsenal,32,1982,7,6,447,5.0,0,1,0,0,0,1,0
EPL,2014-2015,30,Oussama Assaidi,ma MAR,"FW,MF",Stoke City,25,1988,9,1,231,2.6,0,1,0,0,0,1,0
EPL,2014-2015,31,Christian Atsu,gh GHA,"FW,MF",Everton,22,1992,5,1,113,1.3,0,1,0,0,0,0,0
EPL,2014-2015,32,Charlie Austin,eng ENG,FW,QPR,25,1989,35,35,"3,066",34.1,18,6,15,3,5,5,1
EPL,2014-2015,33,César Azpilicueta,es ESP,DF,Chelsea,24,1989,29,29,"2,482",27.6,0,3,0,0,0,1,1
EPL,2014-2015,34,Leandro Bacuna,cw CUW,"DF,MF",Aston Villa,22,1991,19,10,983,10.9,0,5,0,0,0,1,0
EPL,2014-2015,35,Leighton Baines,eng ENG,DF,Everton,29,1984,31,31,"2,773",30.8,2,9,0,2,3,4,0
EPL,2014-2015,36,Chris Baird,nir NIR,"DF,MF",West Brom,32,1982,19,9,806,9.0,0,0,0,0,0,2,0
EPL,2014-2015,37,Nathan Baker,eng ENG,DF,Aston Villa,23,1991,11,8,764,8.5,0,0,0,0,0,0,0
EPL,2014-2015,38,Mario Balotelli,it ITA,FW,Liverpool,23,1990,16,10,939,10.4,1,0,1,0,0,5,0
EPL,2014-2015,39,Barry Bannan,sco SCO,MF,Crystal Palace,24,1989,7,2,138,1.5,0,0,0,0,0,1,0
EPL,2014-2015,40,Phil Bardsley,sco SCO,DF,Stoke City,29,1985,25,24,"2,082",23.1,0,1,0,0,0,6,0
EPL,2014-2015,41,Ross Barkley,eng ENG,MF,Everton,20,1993,29,22,"1,961",21.8,2,2,2,0,1,1,0
EPL,2014-2015,42,Ashley Barnes,eng ENG,FW,Burnley,24,1989,35,28,"2,416",26.8,5,2,5,0,0,5,1
EPL,2014-2015,43,Modou Barrow,gm GAM,"FW,MF",Swansea City,21,1992,11,1,286,3.2,0,1,0,0,0,1,0
EPL,2014-2015,44,Gareth Barry,eng ENG,MF,Everton,33,1981,33,33,"2,823",31.4,0,2,0,0,0,11,1
EPL,2014-2015,45,Kyle Bartley,eng ENG,DF,Swansea City,23,1991,7,7,630,7.0,0,0,0,0,0,2,0
EPL,2014-2015,46,Joey Barton,eng ENG,MF,QPR,31,1982,28,27,"2,349",26.1,1,3,1,0,0,11,1
EPL,2014-2015,47,Asmir Begović,ba BIH,GK,Stoke City,27,1987,35,35,"3,150",35.0,0,0,0,0,0,3,0
EPL,2014-2015,48,Héctor Bellerín,es ESP,"DF,MF",Arsenal,19,1995,20,17,"1,563",17.4,2,1,2,0,0,5,0
EPL,2014-2015,49,Hatem Ben Arfa,fr FRA,"FW,MF",Hull City,27,1987,8,5,383,4.3,0,0,0,0,0,1,0
EPL,2014-2015,50,Darren Bent,eng ENG,FW,Aston Villa,30,1984,7,0,83,0.9,0,0,0,0,0,0,0
EPL,2014-2015,Rk,Player,Nation,Pos,Squad,Age,Born,MP,Starts,Min,90s,Gls,Ast,G-PK,PK,PKatt,CrdY,CrdR
EPL,2014-2015,51,Nabil Bentaleb,dz ALG,MF,Tottenham,19,1994,26,25,"2,193",24.4,0,2,0,0,0,8,0
EPL,2014-2015,52,Christian Benteke,be BEL,FW,Aston Villa,23,1990,29,26,"2,379",26.4,13,2,12,1,1,1,1
EPL,2014-2015,53,Saido Berahino,bi BDI,"FW,MF",West Brom,20,1993,38,32,"2,924",32.5,14,1,10,4,4,2,0
EPL,2014-2015,54,Ryan Bertrand,eng ENG,"DF,MF",Southampton,24,1989,34,34,"3,054",33.9,2,2,2,0,0,3,1
EPL,2014-2015,55,Muhamed Bešić,ba BIH,"DF,MF",Everton,21,1992,23,15,"1,284",14.3,0,0,0,0,0,8,0
EPL,2014-2015,56,Mame Biram Diouf,sn SEN,"FW,MF",Stoke City,26,1987,34,28,"2,433",27.0,11,3,11,0,0,7,0
EPL,2014-2015,57,Tyler Blackett,eng ENG,DF,Manchester Utd,20,1994,11,6,654,7.3,0,0,0,0,0,3,1
EPL,2014-2015,58,Sebastián Blanco,ar ARG,"FW,MF",West Brom,26,1988,3,0,39,0.4,0,0,0,0,0,1,0
EPL,2014-2015,59,Daley Blind,nl NED,"DF,MF",Manchester Utd,24,1990,25,25,"2,169",24.1,2,2,2,0,0,4,0
EPL,2014-2015,60,Yannick Bolasie,cd COD,"FW,MF",Crystal Palace,25,1989,34,31,"2,769",30.8,4,6,4,0,0,3,0
EPL,2014-2015,61,Wilfried Bony,ci CIV,FW,Manchester City,25,1988,10,2,302,3.4,2,1,2,0,0,1,0
EPL,2014-2015,62,Wilfried Bony,ci CIV,FW,Swansea City,25,1988,20,16,"1,297",14.4,9,2,8,1,1,3,1
EPL,2014-2015,63,Fabio Borini,it ITA,"FW,MF",Liverpool,23,1991,12,3,397,4.4,1,1,1,0,0,2,1
EPL,2014-2015,64,Dedryck Boyata,be BEL,DF,Manchester City,23,1990,2,1,92,1.0,0,0,0,0,0,1,0
EPL,2014-2015,65,George Boyd,sco SCO,"FW,MF",Hull City,28,1985,1,0,10,0.1,0,0,0,0,0,0,0
EPL,2014-2015,66,George Boyd,sco SCO,"FW,MF",Burnley,28,1985,35,35,"3,005",33.4,5,2,5,0,0,7,0
EPL,2014-2015,67,Robbie Brady,ie IRL,"DF,FW",Hull City,22,1992,27,17,"1,759",19.5,0,2,0,0,0,2,0
EPL,2014-2015,68,Liam Bridcutt,sco SCO,"DF,MF",Sunderland,25,1989,18,10,912,10.1,0,2,0,0,0,7,1
EPL,2014-2015,69,Leon Britton,eng ENG,MF,Swansea City,31,1982,9,7,534,5.9,0,0,0,0,0,1,0
EPL,2014-2015,70,Izzy Brown,eng ENG,"FW,MF",Chelsea,17,1997,1,0,12,0.1,0,0,0,0,0,0,0
EPL,2014-2015,71,Wes Brown,eng ENG,DF,Sunderland,34,1979,25,23,"1,993",22.1,0,0,0,0,0,5,1
EPL,2014-2015,72,Tyias Browning,eng ENG,DF,Everton,20,1994,2,0,31,0.3,0,0,0,0,0,0,0
EPL,2014-2015,73,Alex Bruce,nir NIR,DF,Hull City,29,1984,22,17,"1,449",16.1,0,1,0,0,0,3,0
EPL,2014-2015,74,Chris Brunt,nir NIR,"DF,MF",West Brom,29,1984,34,33,"2,894",32.2,2,9,2,0,0,5,0
EPL,2014-2015,75,Will Buckley,eng ENG,"FW,MF",Sunderland,24,1989,22,9,876,9.7,0,2,0,0,0,2,0
EPL,2014-2015,Rk,Player,Nation,Pos,Squad,Age,Born,MP,Starts,Min,90s,Gls,Ast,G-PK,PK,PKatt,CrdY,CrdR
EPL,2014-2015,76,Reece Burke,eng ENG,DF,West Ham,17,1996,5,4,415,4.6,0,0,0,0,0,0,0
EPL,2014-2015,77,Jack Butland,eng ENG,GK,Stoke City,21,1993,3,3,270,3.0,0,0,0,0,0,0,0
EPL,2014-2015,78,Willy Caballero,ar ARG,GK,Manchester City,32,1981,2,2,180,2.0,0,0,0,0,0,0,0
EPL,2014-2015,79,Rémy Cabella,fr FRA,"FW,MF",Newcastle Utd,24,1990,31,21,"1,943",21.6,1,2,1,0,0,2,0
EPL,2014-2015,80,Gary Cahill,eng ENG,DF,Chelsea,28,1985,36,33,"2,986",33.2,1,1,1,0,0,5,0
EPL,2014-2015,81,Esteban Cambiasso,ar ARG,MF,Leicester City,33,1980,31,27,"2,415",26.8,5,1,5,0,0,1,0
EPL,2014-2015,82,Geoff Cameron,us USA,"DF,MF",Stoke City,29,1985,27,21,"2,138",23.8,0,1,0,0,0,4,0
EPL,2014-2015,83,Fraizer Campbell,eng ENG,FW,Crystal Palace,26,1987,20,13,"1,172",13.0,4,0,4,0,0,5,0
EPL,2014-2015,84,Joel Campbell,cr CRC,"FW,MF",Arsenal,22,1992,4,0,41,0.5,0,0,0,0,0,0,0
EPL,2014-2015,85,Emre Can,de GER,"DF,MF",Liverpool,20,1994,27,23,"2,065",22.9,1,0,1,0,0,3,1
EPL,2014-2015,86,Étienne Capoue,fr FRA,MF,Tottenham,26,1988,12,11,897,10.0,0,0,0,0,0,2,0
EPL,2014-2015,87,Michael Carrick,eng ENG,MF,Manchester Utd,33,1981,18,16,"1,457",16.2,1,2,1,0,0,1,0
EPL,2014-2015,88,Andy Carroll,eng ENG,FW,West Ham,25,1989,14,12,"1,024",11.4,5,1,5,0,0,2,0
EPL,2014-2015,89,Tom Carroll,eng ENG,MF,Swansea City,22,1992,13,8,692,7.7,0,0,0,0,0,1,0
EPL,2014-2015,90,Lee Cattermole,eng ENG,MF,Sunderland,26,1988,28,26,"2,357",26.2,1,0,1,0,0,14,0
EPL,2014-2015,91,Steven Caulker,eng ENG,DF,QPR,22,1991,35,34,"3,015",33.5,1,0,1,0,0,1,0
EPL,2014-2015,92,Santi Cazorla,es ESP,MF,Arsenal,29,1984,37,33,"2,990",33.2,7,11,1,6,6,5,0
EPL,2014-2015,93,Petr Čech,cz CZE,GK,Chelsea,32,1982,7,6,607,6.7,0,0,0,0,0,0,0
EPL,2014-2015,94,Nacer Chadli,be BEL,"FW,MF",Tottenham,24,1989,35,28,"2,406",26.7,11,5,11,0,0,3,0
EPL,2014-2015,95,Nathaniel Chalobah,eng ENG,"DF,MF",Burnley,19,1994,4,0,69,0.8,0,0,0,0,0,1,0
EPL,2014-2015,96,Marouane Chamakh,ma MAR,FW,Crystal Palace,30,1984,18,15,"1,149",12.8,2,0,2,0,0,4,0
EPL,2014-2015,97,Calum Chambers,eng ENG,"DF,MF",Arsenal,19,1995,23,17,"1,573",17.5,1,0,1,0,0,8,1
EPL,2014-2015,98,James Chester,wal WAL,DF,Hull City,25,1989,23,23,"1,872",20.8,2,0,2,0,0,5,1
EPL,2014-2015,99,Vlad Chiricheș,ro ROU,DF,Tottenham,24,1989,10,8,708,7.9,0,0,0,0,0,3,1
EPL,2014-2015,100,Andreas Christensen,dk DEN,DF,Chelsea,18,1996,1,0,13,0.1,0,0,0,0,0,0,0
EPL,2014-2015,Rk,Player,Nation,Pos,Squad,Age,Born,MP,Starts,Min,90s,Gls,Ast,G-PK,PK,PKatt,CrdY,CrdR
EPL,2014-2015,101,Lee Chung-yong,kr KOR,"FW,MF",Crystal Palace,26,1988,3,1,92,1.0,0,0,0,0,0,0,0
EPL,2014-2015,102,Papiss Cissé,sn SEN,FW,Newcastle Utd,29,1985,22,11,"1,158",12.9,11,1,10,1,1,1,0
EPL,2014-2015,103,Aly Cissokho,fr FRA,DF,Aston Villa,26,1987,25,24,"2,128",23.6,0,0,0,0,0,1,0
EPL,2014-2015,104,Ciaran Clark,ie IRL,"DF,MF",Aston Villa,24,1989,25,22,"1,991",22.1,1,2,1,0,0,9,1
EPL,2014-2015,105,Tom Cleverley,eng ENG,MF,Manchester Utd,24,1989,1,1,90,1.0,0,0,0,0,0,1,0
EPL,2014-2015,106,Tom Cleverley,eng ENG,MF,Aston Villa,24,1989,31,31,"2,507",27.9,3,0,3,0,0,6,0
EPL,2014-2015,107,Gaël Clichy,fr FRA,DF,Manchester City,29,1985,23,23,"2,057",22.9,1,3,1,0,0,1,0
EPL,2014-2015,108,Nathaniel Clyne,eng ENG,DF,Southampton,23,1991,35,35,"3,146",35.0,2,0,2,0,0,4,0
EPL,2014-2015,109,Sebastián Coates,uy URU,DF,Sunderland,23,1990,9,8,823,9.1,0,0,0,0,0,1,0
EPL,2014-2015,110,Jack Colback,eng ENG,MF,Newcastle Utd,24,1989,35,35,"3,128",34.8,4,6,4,0,0,12,0
EPL,2014-2015,111,Carlton Cole,eng ENG,FW,West Ham,30,1983,23,8,912,10.1,2,0,2,0,0,2,0
EPL,2014-2015,112,Joe Cole,eng ENG,MF,Aston Villa,32,1981,12,3,284,3.2,1,1,1,0,0,0,0
EPL,2014-2015,113,Séamus Coleman,ie IRL,"DF,MF",Everton,25,1988,35,34,"3,066",34.1,3,2,3,0,0,5,0
EPL,2014-2015,114,James Collins,wal WAL,DF,West Ham,30,1983,27,21,"1,882",20.9,0,0,0,0,0,6,1
EPL,2014-2015,115,Fabricio Coloccini,ar ARG,"DF,MF",Newcastle Utd,32,1982,32,32,"2,836",31.5,1,0,1,0,0,3,1
EPL,2014-2015,116,Brandon Comley,ms MSR,MF,QPR,18,1995,1,0,11,0.1,0,0,0,0,0,0,0
EPL,2014-2015,117,Francis Coquelin,fr FRA,"DF,MF",Arsenal,23,1991,22,19,"1,661",18.5,0,0,0,0,0,5,0
EPL,2014-2015,118,Jack Cork,eng ENG,"DF,MF",Swansea City,25,1989,15,15,"1,324",14.7,1,0,1,0,0,1,0
EPL,2014-2015,119,Jack Cork,eng ENG,"DF,MF",Southampton,25,1989,12,5,481,5.3,2,0,2,0,0,0,0
EPL,2014-2015,120,Diego Costa,es ESP,FW,Chelsea,25,1988,26,24,"2,068",23.0,20,3,19,1,1,8,0
EPL,2014-2015,121,Thibaut Courtois,be BEL,GK,Chelsea,22,1992,32,32,"2,813",31.3,0,0,0,0,0,1,0
EPL,2014-2015,122,Philippe Coutinho,br BRA,"FW,MF",Liverpool,22,1992,35,32,"2,792",31.0,5,5,5,0,0,3,0
EPL,2014-2015,123,Aaron Cresswell,eng ENG,"DF,MF",West Ham,24,1989,38,38,"3,420",38.0,2,4,2,0,0,5,0
EPL,2014-2015,124,Peter Crouch,eng ENG,FW,Stoke City,33,1981,33,17,"1,685",18.7,8,2,8,0,0,4,0
EPL,2014-2015,125,Juan Cuadrado,co COL,"DF,FW",Chelsea,26,1988,12,4,315,3.5,0,0,0,0,0,2,0
EPL,2014-2015,Rk,Player,Nation,Pos,Squad,Age,Born,MP,Starts,Min,90s,Gls,Ast,G-PK,PK,PKatt,CrdY,CrdR
EPL,2014-2015,126,Scott Dann,eng ENG,DF,Crystal Palace,27,1987,34,34,"2,920",32.4,2,3,2,0,0,6,0
EPL,2014-2015,127,Jason Davidson,au AUS,"DF,MF",West Brom,23,1991,2,1,102,1.1,0,0,0,0,0,0,0
EPL,2014-2015,128,Ben Davies,wal WAL,"DF,MF",Tottenham,21,1993,14,9,895,9.9,0,1,0,0,0,3,0
EPL,2014-2015,129,Curtis Davies,eng ENG,DF,Hull City,29,1985,21,21,"1,812",20.1,0,0,0,0,0,2,0
EPL,2014-2015,130,Kelvin Davis,eng ENG,GK,Southampton,37,1976,7,6,617,6.9,0,0,0,0,0,0,0
EPL,2014-2015,131,Steven Davis,nir NIR,MF,Southampton,29,1985,35,32,"2,637",29.3,0,2,0,0,0,3,0
EPL,2014-2015,132,Craig Dawson,eng ENG,DF,West Brom,24,1990,29,29,"2,590",28.8,2,0,2,0,0,6,0
EPL,2014-2015,133,Michael Dawson,eng ENG,DF,Hull City,30,1983,28,28,"2,432",27.0,1,0,1,0,0,7,0
EPL,2014-2015,134,Ritchie De Laet,be BEL,DF,Leicester City,25,1988,26,20,"1,883",20.9,0,1,0,0,0,3,0
EPL,2014-2015,135,Mathieu Debuchy,fr FRA,DF,Arsenal,29,1985,10,10,805,8.9,1,0,1,0,0,2,0
EPL,2014-2015,136,Jermain Defoe,eng ENG,FW,Sunderland,31,1982,17,17,"1,451",16.1,4,0,4,0,0,1,0
EPL,2014-2015,137,Damien Delaney,ie IRL,DF,Crystal Palace,33,1981,29,28,"2,434",27.0,0,0,0,0,0,7,1
EPL,2014-2015,138,Fabian Delph,eng ENG,"DF,MF",Aston Villa,24,1989,28,27,"2,434",27.0,0,3,0,0,0,1,1
EPL,2014-2015,139,Mousa Dembélé,be BEL,MF,Tottenham,27,1987,26,10,"1,146",12.7,1,1,1,0,0,1,0
EPL,2014-2015,140,Guy Demel,ci CIV,"DF,MF",West Ham,33,1981,6,3,258,2.9,0,0,0,0,0,0,0
EPL,2014-2015,141,Martín Demichelis,ar ARG,"DF,MF",Manchester City,33,1980,31,28,"2,562",28.5,1,0,1,0,0,6,0
EPL,2014-2015,142,Ángel Di María,ar ARG,"FW,MF",Manchester Utd,26,1988,27,20,"1,639",18.2,3,10,3,0,0,1,0
EPL,2014-2015,143,Mohamed Diamé,sn SEN,MF,West Ham,27,1987,3,0,57,0.6,0,0,0,0,0,0,0
EPL,2014-2015,144,Mohamed Diamé,sn SEN,MF,Hull City,27,1987,12,10,877,9.7,4,0,4,0,0,2,0
EPL,2014-2015,145,Eric Dier,eng ENG,"DF,MF",Tottenham,20,1994,28,25,"2,293",25.5,2,2,2,0,0,4,0
EPL,2014-2015,146,Sylvain Distin,fr FRA,DF,Everton,36,1977,13,12,"1,080",12.0,0,0,0,0,0,0,0
EPL,2014-2015,147,Graham Dorrans,sco SCO,"FW,MF",West Brom,27,1987,21,19,"1,587",17.6,1,3,1,0,1,5,0
EPL,2014-2015,148,Michael Doughty,wal WAL,MF,QPR,21,1992,3,0,54,0.6,0,0,0,0,0,0,0
EPL,2014-2015,149,Stewart Downing,eng ENG,"FW,MF",West Ham,30,1984,37,37,"3,312",36.8,6,8,6,0,0,3,0
EPL,2014-2015,150,Kevin Doyle,ie IRL,FW,Crystal Palace,30,1983,3,0,36,0.4,0,0,0,0,0,0,0
EPL,2014-2015,Rk,Player,Nation,Pos,Squad,Age,Born,MP,Starts,Min,90s,Gls,Ast,G-PK,PK,PKatt,CrdY,CrdR
EPL,2014-2015,151,Danny Drinkwater,eng ENG,MF,Leicester City,24,1990,23,16,"1,488",16.5,0,0,0,0,0,1,0
EPL,2014-2015,152,Didier Drogba,ci CIV,FW,Chelsea,36,1978,28,8,869,9.7,4,1,4,0,0,5,0
EPL,2014-2015,153,Michael Duff,nir NIR,DF,Burnley,36,1978,21,21,"1,808",20.1,0,0,0,0,0,4,1
EPL,2014-2015,154,Paul Dummett,wal WAL,DF,Newcastle Utd,22,1991,25,24,"2,107",23.4,0,0,0,0,0,4,0
EPL,2014-2015,155,Richard Dunne,ie IRL,DF,QPR,34,1979,23,22,"1,870",20.8,0,0,0,0,0,7,0
EPL,2014-2015,156,Nathan Dyer,eng ENG,"FW,MF",Swansea City,26,1987,32,23,"1,862",20.7,3,3,3,0,0,2,0
EPL,2014-2015,157,Edin Džeko,ba BIH,FW,Manchester City,28,1986,22,11,932,10.4,4,2,4,0,0,1,0
EPL,2014-2015,158,Eljero Elia,nl NED,"FW,MF",Southampton,27,1987,16,9,787,8.7,2,0,2,0,0,2,0
EPL,2014-2015,159,Rob Elliot,ie IRL,GK,Newcastle Utd,28,1986,3,3,225,2.5,0,0,0,0,0,0,0
EPL,2014-2015,160,Ahmed Elmohamady,eg EGY,"DF,MF",Hull City,26,1987,38,38,"3,419",38.0,2,5,2,0,0,4,0
EPL,2014-2015,161,Marvin Emnes,nl NED,"FW,MF",Swansea City,26,1988,17,3,514,5.7,0,0,0,0,0,2,0
EPL,2014-2015,162,José Enrique,es ESP,DF,Liverpool,28,1986,4,2,205,2.3,0,0,0,0,0,0,0
EPL,2014-2015,163,Christian Eriksen,dk DEN,"FW,MF",Tottenham,22,1992,38,37,"3,131",34.8,10,2,10,0,0,4,0
EPL,2014-2015,164,Samuel Eto'o,cm CMR,FW,Everton,33,1981,14,8,787,8.7,3,1,3,0,0,1,0
EPL,2014-2015,165,Jonny Evans,nir NIR,DF,Manchester Utd,26,1988,14,12,"1,090",12.1,0,0,0,0,0,1,0
EPL,2014-2015,166,Łukasz Fabiański,pl POL,GK,Swansea City,29,1985,37,37,"3,308",36.8,0,0,0,0,0,0,1
EPL,2014-2015,167,Cesc Fàbregas,es ESP,"FW,MF",Chelsea,27,1987,34,33,"2,883",32.0,3,18,3,0,0,11,1
EPL,2014-2015,168,Radamel Falcao,co COL,FW,Manchester Utd,28,1986,26,14,"1,287",14.3,4,4,4,0,0,2,0
EPL,2014-2015,169,Alejandro Faurlín,ar ARG,MF,QPR,27,1986,2,1,91,1.0,0,0,0,0,0,0,0
EPL,2014-2015,170,Federico Fazio,ar ARG,DF,Tottenham,27,1987,20,20,"1,777",19.7,0,0,0,0,0,2,1
EPL,2014-2015,171,Marouane Fellaini,be BEL,MF,Manchester Utd,26,1987,27,19,"1,831",20.3,6,0,6,0,0,5,1
EPL,2014-2015,172,Leroy Fer,nl NED,MF,QPR,24,1990,29,27,"2,360",26.2,6,2,6,0,0,4,0
EPL,2014-2015,173,Rio Ferdinand,eng ENG,DF,QPR,35,1978,11,11,990,11.0,0,0,0,0,0,2,0
EPL,2014-2015,174,Federico Fernández,ar ARG,DF,Swansea City,25,1989,28,27,"2,475",27.5,0,0,0,0,0,0,0
EPL,2014-2015,175,Fernandinho,br BRA,"DF,MF",Manchester City,29,1985,33,25,"2,267",25.2,3,3,3,0,0,7,0
EPL,2014-2015,Rk,Player,Nation,Pos,Squad,Age,Born,MP,Starts,Min,90s,Gls,Ast,G-PK,PK,PKatt,CrdY,CrdR
EPL,2014-2015,176,Fernando,br BRA,MF,Manchester City,27,1987,25,22,"1,879",20.9,2,2,2,0,0,6,0
EPL,2014-2015,177,Maynor Figueroa,hn HON,DF,Hull City,31,1983,3,2,209,2.3,0,0,0,0,0,0,0
EPL,2014-2015,178,Mathieu Flamini,fr FRA,MF,Arsenal,30,1984,23,15,"1,460",16.2,1,1,1,0,0,3,0
EPL,2014-2015,179,Darren Fletcher,sco SCO,MF,Manchester Utd,30,1984,11,4,369,4.1,0,0,0,0,0,1,0
EPL,2014-2015,180,Darren Fletcher,sco SCO,MF,West Brom,30,1984,15,15,"1,350",15.0,1,0,1,0,0,2,0
EPL,2014-2015,181,Steven Fletcher,sco SCO,FW,Sunderland,27,1987,30,20,"1,784",19.8,5,2,5,0,0,4,0
EPL,2014-2015,182,José Fonte,pt POR,DF,Southampton,30,1983,37,37,"3,330",37.0,0,1,0,0,0,5,0
EPL,2014-2015,183,Fraser Forster,eng ENG,GK,Southampton,26,1988,30,30,"2,623",29.1,0,0,0,0,0,1,0
EPL,2014-2015,184,Ben Foster,eng ENG,GK,West Brom,31,1983,28,28,"2,485",27.6,0,0,0,0,0,2,0
EPL,2014-2015,185,Zeki Fryers,eng ENG,DF,Crystal Palace,21,1992,1,0,4,0.0,0,0,0,0,0,0,0
EPL,2014-2015,186,Jay Fulton,sco SCO,MF,Swansea City,20,1994,2,1,115,1.3,0,0,0,0,0,0,0
EPL,2014-2015,187,Darnell Furlong,eng ENG,DF,QPR,18,1995,3,3,225,2.5,0,0,0,0,0,1,0
EPL,2014-2015,188,Brendan Galloway,eng ENG,DF,Everton,18,1996,2,2,173,1.9,0,0,0,0,0,1,0
EPL,2014-2015,189,Cristian Gamboa,cr CRC,"DF,MF",West Brom,24,1989,10,1,242,2.7,0,1,0,0,0,1,0
EPL,2014-2015,190,Dominic Gape,eng ENG,MF,Southampton,19,1994,1,0,2,0.0,0,0,0,0,0,0,0
EPL,2014-2015,191,Luke Garbutt,eng ENG,"DF,MF",Everton,21,1993,4,3,287,3.2,0,0,0,0,0,1,0
EPL,2014-2015,192,Craig Gardner,eng ENG,MF,West Brom,27,1986,35,30,"2,678",29.8,3,4,3,0,0,10,0
EPL,2014-2015,193,Florin Gardoș,ro ROU,"DF,MF",Southampton,25,1988,10,5,574,6.4,0,0,0,0,0,1,0
EPL,2014-2015,194,Dwight Gayle,eng ENG,FW,Crystal Palace,23,1990,25,11,"1,097",12.2,5,1,4,1,1,1,0
EPL,2014-2015,195,Paulo Gazzaniga,ar ARG,GK,Southampton,22,1992,2,2,180,2.0,0,0,0,0,0,0,0
EPL,2014-2015,196,David de Gea,es ESP,GK,Manchester Utd,23,1990,37,37,"3,313",36.8,0,0,0,0,0,0,0
EPL,2014-2015,197,Steven Gerrard,eng ENG,MF,Liverpool,34,1980,29,25,"2,236",24.8,9,1,5,4,5,7,1
EPL,2014-2015,198,Emanuele Giaccherini,it ITA,"FW,MF",Sunderland,29,1985,8,2,308,3.4,0,0,0,0,0,2,0
EPL,2014-2015,199,Kieran Gibbs,eng ENG,"DF,MF",Arsenal,24,1989,22,18,"1,659",18.4,0,3,0,0,0,3,0
EPL,2014-2015,200,Darron Gibson,ie IRL,MF,Everton,26,1987,9,3,416,4.6,0,0,0,0,0,0,0
EPL,2014-2015,Rk,Player,Nation,Pos,Squad,Age,Born,MP,Starts,Min,90s,Gls,Ast,G-PK,PK,PKatt,CrdY,CrdR
EPL,2014-2015,201,Carles Gil,es ESP,"FW,MF",Aston Villa,21,1992,5,4,359,4.0,0,1,0,0,0,1,0
EPL,2014-2015,202,Olivier Giroud,fr FRA,FW,Arsenal,27,1986,27,21,"1,862",20.7,14,3,14,0,0,5,1
EPL,2014-2015,203,Shay Given,ie IRL,GK,Aston Villa,38,1976,3,3,270,3.0,0,0,0,0,0,1,0
EPL,2014-2015,204,Jordi Gómez,es ESP,MF,Sunderland,29,1985,29,22,"1,941",21.6,4,2,1,3,3,7,0
EPL,2014-2015,205,Bafétimbi Gomis,fr FRA,FW,Swansea City,28,1985,31,18,"1,648",18.3,7,0,7,0,0,0,0
EPL,2014-2015,206,Yoan Gouffran,fr FRA,"FW,MF",Newcastle Utd,28,1986,31,24,"1,965",21.8,2,1,2,0,0,3,0
EPL,2014-2015,207,Danny Graham,eng ENG,FW,Sunderland,28,1985,14,7,627,7.0,1,0,1,0,0,0,0
EPL,2014-2015,208,Jack Grealish,eng ENG,"FW,MF",Aston Villa,18,1995,17,7,821,9.1,0,1,0,0,0,0,0
EPL,2014-2015,209,Robert Green,eng ENG,GK,QPR,34,1980,36,36,"3,183",35.4,0,0,0,0,0,1,0
EPL,2014-2015,210,Reece Grego-Cox,ie IRL,"FW,MF",QPR,17,1996,4,1,144,1.6,0,0,0,0,0,0,0
EPL,2014-2015,211,Matt Grimes,eng ENG,MF,Swansea City,19,1995,3,0,44,0.5,0,0,0,0,0,0,0
EPL,2014-2015,212,Adlène Guedioura,dz ALG,MF,Crystal Palace,28,1985,7,0,127,1.4,0,0,0,0,0,1,0
EPL,2014-2015,213,Jonás Gutiérrez,ar ARG,MF,Newcastle Utd,31,1983,10,6,638,7.1,1,1,1,0,0,4,0
EPL,2014-2015,214,Brad Guzan,us USA,GK,Aston Villa,29,1984,34,34,"3,060",34.0,0,0,0,0,0,2,0
EPL,2014-2015,215,Massadio Haïdara,ml MLI,"DF,MF",Newcastle Utd,21,1992,15,12,"1,101",12.2,0,1,0,0,0,0,0
EPL,2014-2015,216,Ben Hamer,eng ENG,GK,Leicester City,26,1987,8,8,720,8.0,0,0,0,0,0,0,0
EPL,2014-2015,217,Dean Hammond,eng ENG,MF,Leicester City,31,1983,12,9,778,8.6,0,0,0,0,0,3,0
EPL,2014-2015,218,Brede Hangeland,no NOR,DF,Crystal Palace,33,1981,14,12,"1,173",13.0,2,1,2,0,0,2,0
EPL,2014-2015,219,Steve Harper,eng ENG,GK,Hull City,39,1975,10,10,852,9.5,0,0,0,0,0,0,0
EPL,2014-2015,220,Joe Hart,eng ENG,GK,Manchester City,27,1987,36,36,"3,240",36.0,0,0,0,0,0,1,0
EPL,2014-2015,221,Eden Hazard,be BEL,"FW,MF",Chelsea,23,1991,38,38,"3,367",37.4,14,9,11,3,4,2,0
EPL,2014-2015,222,Tom Heaton,eng ENG,GK,Burnley,28,1986,38,38,"3,420",38.0,0,0,0,0,0,1,0
EPL,2014-2015,223,Jordan Henderson,eng ENG,MF,Liverpool,24,1990,37,36,"3,256",36.2,6,9,5,1,1,6,0
EPL,2014-2015,224,Wayne Hennessey,wal WAL,GK,Crystal Palace,27,1987,3,2,216,2.4,0,0,0,0,0,0,0
EPL,2014-2015,225,Karl Henry,eng ENG,"DF,MF",QPR,31,1982,33,27,"2,504",27.8,0,0,0,0,0,8,0
EPL,2014-2015,Rk,Player,Nation,Pos,Squad,Age,Born,MP,Starts,Min,90s,Gls,Ast,G-PK,PK,PKatt,CrdY,CrdR
EPL,2014-2015,226,Rushian Hepburn-Murphy,eng ENG,FW,Aston Villa,15,1998,1,0,8,0.1,0,0,0,0,0,0,0
EPL,2014-2015,227,Abel Hernández,uy URU,FW,Hull City,23,1990,25,15,"1,313",14.6,4,1,3,1,1,2,0
EPL,2014-2015,228,Javier Hernández,mx MEX,FW,Manchester Utd,26,1988,1,1,45,0.5,0,0,0,0,0,0,0
EPL,2014-2015,229,Ander Herrera,es ESP,MF,Manchester Utd,24,1989,26,19,"1,870",20.8,6,4,6,0,0,6,0
EPL,2014-2015,230,Jake Hesketh,eng ENG,"FW,MF",Southampton,18,1996,2,1,52,0.6,0,0,0,0,0,1,0
EPL,2014-2015,231,Tony Hibbert,eng ENG,DF,Everton,33,1981,4,4,329,3.7,0,0,0,0,0,0,0
EPL,2014-2015,232,Clint Hill,eng ENG,DF,QPR,35,1978,19,15,"1,406",15.6,1,0,1,0,0,4,0
EPL,2014-2015,233,Junior Hoilett,ca CAN,"FW,MF",QPR,24,1990,22,9,886,9.8,0,0,0,0,0,2,0
EPL,2014-2015,234,Lewis Holtby,de GER,MF,Tottenham,23,1990,1,0,30,0.3,0,0,0,0,0,0,0
EPL,2014-2015,235,Tim Howard,us USA,GK,Everton,35,1979,32,32,"2,835",31.5,0,0,0,0,0,3,0
EPL,2014-2015,236,Tom Huddlestone,eng ENG,MF,Hull City,27,1986,31,30,"2,541",28.2,0,2,0,0,0,7,2
EPL,2014-2015,237,Robert Huth,de GER,DF,Leicester City,29,1984,14,14,"1,178",13.1,1,0,1,0,0,2,0
EPL,2014-2015,238,Robert Huth,de GER,DF,Stoke City,29,1984,1,0,4,0.0,0,0,0,0,0,0,0
EPL,2014-2015,239,Alan Hutton,sco SCO,DF,Aston Villa,29,1984,30,27,"2,420",26.9,1,0,1,0,0,8,0
EPL,2014-2015,240,Jordon Ibe,eng ENG,"FW,MF",Liverpool,18,1995,12,7,617,6.9,0,0,0,0,0,0,0
EPL,2014-2015,241,Brown Ideye,ng NGA,FW,West Brom,25,1988,24,13,"1,301",14.5,4,2,4,0,0,2,0
EPL,2014-2015,242,Tom Ince,eng ENG,"FW,MF",Hull City,22,1992,7,3,301,3.3,0,0,0,0,0,0,0
EPL,2014-2015,243,Danny Ings,eng ENG,FW,Burnley,22,1992,35,35,"3,024",33.6,11,4,10,1,1,6,0
EPL,2014-2015,244,Stephen Ireland,ie IRL,MF,Stoke City,27,1986,17,11,933,10.4,0,3,0,0,0,3,0
EPL,2014-2015,245,Lloyd Isgrove,wal WAL,MF,Southampton,21,1993,1,0,9,0.1,0,0,0,0,0,0,0
EPL,2014-2015,246,Mauricio Isla,cl CHI,"DF,MF",QPR,26,1988,26,24,"2,130",23.7,0,2,0,0,0,4,0
EPL,2014-2015,247,Branislav Ivanović,rs SRB,DF,Chelsea,30,1984,38,38,"3,420",38.0,4,5,4,0,0,11,1
EPL,2014-2015,248,Jussi Jääskeläinen,fi FIN,GK,West Ham,39,1975,1,0,28,0.3,0,0,,,,0,0
EPL,2014-2015,249,Phil Jagielka,eng ENG,"DF,MF",Everton,31,1982,37,37,"3,285",36.5,4,0,4,0,0,1,0
EPL,2014-2015,250,Eldin Jakupović,ch SUI,GK,Hull City,29,1984,3,2,228,2.5,0,0,0,0,0,0,0
EPL,2014-2015,Rk,Player,Nation,Pos,Squad,Age,Born,MP,Starts,Min,90s,Gls,Ast,G-PK,PK,PKatt,CrdY,CrdR
EPL,2014-2015,251,Matty James,eng ENG,MF,Leicester City,23,1991,27,20,"1,895",21.1,0,1,0,0,0,2,1
EPL,2014-2015,252,Daryl Janmaat,nl NED,DF,Newcastle Utd,25,1989,37,37,"3,251",36.1,1,6,1,0,0,8,1
EPL,2014-2015,253,Adnan Januzaj,be BEL,"FW,MF",Manchester Utd,19,1995,18,7,856,9.5,0,0,0,0,0,0,0
EPL,2014-2015,254,Matt Jarvis,eng ENG,MF,West Ham,28,1986,11,4,416,4.6,0,0,0,0,0,0,0
EPL,2014-2015,255,Mile Jedinak,au AUS,MF,Crystal Palace,29,1984,24,24,"2,078",23.1,5,3,2,3,3,4,1
EPL,2014-2015,256,Nikica Jelavić,hr CRO,FW,Hull City,28,1985,26,21,"1,805",20.1,8,1,8,0,0,3,0
EPL,2014-2015,257,Carl Jenkinson,eng ENG,DF,West Ham,22,1992,32,29,"2,669",29.7,0,2,0,0,0,2,0
EPL,2014-2015,258,Adam Johnson,eng ENG,MF,Sunderland,27,1987,32,23,"2,079",23.1,4,1,3,1,1,2,0
EPL,2014-2015,259,Glen Johnson,eng ENG,DF,Liverpool,29,1984,19,15,"1,332",14.8,1,0,1,0,0,2,0
EPL,2014-2015,260,Billy Jones,eng ENG,DF,Sunderland,27,1987,14,14,"1,254",13.9,0,0,0,0,0,7,0
EPL,2014-2015,261,Brad Jones,au AUS,GK,Liverpool,32,1982,3,3,195,2.2,0,0,0,0,0,0,0
EPL,2014-2015,262,David Jones,eng ENG,MF,Burnley,29,1984,36,36,"3,201",35.6,0,0,0,0,0,0,0
EPL,2014-2015,263,Phil Jones,eng ENG,"DF,MF",Manchester Utd,22,1992,22,22,"1,876",20.8,0,0,0,0,0,3,0
EPL,2014-2015,264,Siem de Jong,nl NED,"FW,MF",Newcastle Utd,25,1989,4,1,149,1.7,1,0,1,0,0,0,0
EPL,2014-2015,265,Stevan Jovetić,me MNE,"FW,MF",Manchester City,24,1989,17,9,784,8.7,5,3,5,0,0,0,0
EPL,2014-2015,266,Lukas Jutkiewicz,eng ENG,FW,Burnley,25,1989,25,10,981,10.9,0,2,0,0,0,1,0
EPL,2014-2015,267,Younès Kaboul,fr FRA,DF,Tottenham,28,1986,11,11,990,11.0,0,0,0,0,0,2,0
EPL,2014-2015,268,Harry Kane,eng ENG,FW,Tottenham,21,1993,34,28,"2,581",28.7,21,4,19,2,3,4,0
EPL,2014-2015,269,Michael Keane,eng ENG,DF,Burnley,21,1993,21,17,"1,598",17.8,0,1,0,0,0,1,0
EPL,2014-2015,270,Michael Keane,eng ENG,DF,Manchester Utd,21,1993,1,0,47,0.5,0,0,0,0,0,0,0
EPL,2014-2015,271,Martin Kelly,eng ENG,"DF,MF",Crystal Palace,24,1990,31,27,"2,498",27.8,0,1,0,0,0,2,0
EPL,2014-2015,272,Michael Kightly,eng ENG,"FW,MF",Burnley,28,1986,17,10,948,10.5,1,2,1,0,0,3,0
EPL,2014-2015,273,Andy King,wal WAL,MF,Leicester City,25,1988,24,16,"1,376",15.3,2,0,2,0,0,1,0
EPL,2014-2015,274,Anthony Knockaert,fr FRA,"FW,MF",Leicester City,22,1991,9,3,335,3.7,0,0,0,0,0,0,0
EPL,2014-2015,275,Aleksandar Kolarov,rs SRB,DF,Manchester City,28,1985,21,16,"1,489",16.5,2,3,2,0,0,4,0
EPL,2014-2015,Rk,Player,Nation,Pos,Squad,Age,Born,MP,Starts,Min,90s,Gls,Ast,G-PK,PK,PKatt,CrdY,CrdR
EPL,2014-2015,276,Vincent Kompany,be BEL,DF,Manchester City,28,1986,25,23,"2,034",22.6,0,0,0,0,0,7,0
EPL,2014-2015,277,Paul Konchesky,eng ENG,"DF,FW",Leicester City,33,1981,26,26,"2,246",25.0,1,1,1,0,0,4,2
EPL,2014-2015,278,Arouna Koné,ci CIV,FW,Everton,30,1983,12,7,601,6.7,1,1,1,0,0,2,0
EPL,2014-2015,279,Laurent Koscielny,fr FRA,DF,Arsenal,28,1985,27,26,"2,287",25.4,3,0,3,0,0,4,0
EPL,2014-2015,280,Cheikhou Kouyaté,sn SEN,"DF,MF",West Ham,24,1989,31,30,"2,657",29.5,4,2,4,0,0,5,0
EPL,2014-2015,281,Cole Kpekawa,eng ENG,DF,QPR,18,1996,1,0,6,0.1,0,0,0,0,0,0,0
EPL,2014-2015,282,Andrej Kramarić,hr CRO,"FW,MF",Leicester City,23,1991,13,6,577,6.4,2,2,2,0,0,0,0
EPL,2014-2015,283,Niko Kranjčar,hr CRO,MF,QPR,29,1984,22,11,"1,119",12.4,2,1,2,0,0,2,0
EPL,2014-2015,284,Bojan Krkić,es ESP,"FW,MF",Stoke City,23,1990,16,14,"1,203",13.4,4,1,3,1,1,2,0
EPL,2014-2015,285,Tim Krul,nl NED,GK,Newcastle Utd,26,1988,30,30,"2,700",30.0,0,0,0,0,0,1,0
EPL,2014-2015,286,Daniel Lafferty,nir NIR,DF,Burnley,25,1989,1,0,17,0.2,0,0,0,0,0,0,0
EPL,2014-2015,287,Adam Lallana,eng ENG,"FW,MF",Liverpool,26,1988,27,23,"1,779",19.8,5,3,5,0,0,4,0
EPL,2014-2015,288,Rickie Lambert,eng ENG,FW,Liverpool,32,1982,25,7,839,9.3,2,2,2,0,0,2,0
EPL,2014-2015,289,Érik Lamela,ar ARG,"FW,MF",Tottenham,22,1992,33,25,"2,299",25.5,2,7,2,0,0,6,0
EPL,2014-2015,290,Frank Lampard,eng ENG,MF,Manchester City,36,1978,32,10,"1,002",11.1,6,1,6,0,0,1,0
EPL,2014-2015,291,Seb Larsson,se SWE,MF,Sunderland,29,1985,36,36,"3,051",33.9,3,3,3,0,0,10,0
EPL,2014-2015,292,Tom Lawrence,wal WAL,"FW,MF",Leicester City,20,1994,3,0,54,0.6,0,0,0,0,0,0,0
EPL,2014-2015,293,Joe Ledley,wal WAL,MF,Crystal Palace,27,1987,32,30,"2,571",28.6,2,0,2,0,0,0,0
EPL,2014-2015,294,Elliot Lee,eng ENG,"FW,MF",West Ham,19,1994,1,0,14,0.2,0,0,0,0,0,0,0
EPL,2014-2015,295,Lucas Leiva,br BRA,MF,Liverpool,27,1987,20,16,"1,313",14.6,0,0,0,0,0,4,0
EPL,2014-2015,296,Aaron Lennon,eng ENG,"FW,MF",Everton,27,1987,14,12,"1,068",11.9,2,0,2,0,0,2,0
EPL,2014-2015,297,Aaron Lennon,eng ENG,"FW,MF",Tottenham,27,1987,9,3,279,3.1,0,2,0,0,0,1,0
EPL,2014-2015,298,Joleon Lescott,eng ENG,DF,West Brom,31,1982,34,34,"3,060",34.0,1,2,1,0,0,3,0
EPL,2014-2015,299,Jesse Lingard,eng ENG,"FW,MF",Manchester Utd,21,1992,1,1,23,0.3,0,0,0,0,0,0,0
EPL,2014-2015,300,Jake Livermore,eng ENG,MF,Hull City,24,1989,35,35,"3,028",33.6,1,1,1,0,0,10,0
EPL,2014-2015,Rk,Player,Nation,Pos,Squad,Age,Born,MP,Starts,Min,90s,Gls,Ast,G-PK,PK,PKatt,CrdY,CrdR
EPL,2014-2015,301,Hugo Lloris,fr FRA,GK,Tottenham,27,1986,35,35,"3,063",34.0,0,0,0,0,0,0,0
EPL,2014-2015,302,Ruben Loftus-Cheek,eng ENG,MF,Chelsea,18,1996,3,2,132,1.5,0,0,0,0,0,0,0
EPL,2014-2015,303,Kevin Long,ie IRL,DF,Burnley,23,1990,1,0,20,0.2,0,0,0,0,0,0,0
EPL,2014-2015,304,Shane Long,ie IRL,FW,Southampton,27,1987,32,16,"1,545",17.2,5,5,5,0,0,2,0
EPL,2014-2015,305,Dejan Lovren,hr CRO,DF,Liverpool,25,1989,26,22,"2,037",22.6,0,0,0,0,0,4,0
EPL,2014-2015,306,Matthew Lowton,eng ENG,DF,Aston Villa,25,1989,12,8,756,8.4,0,0,0,0,0,2,0
EPL,2014-2015,307,Filipe Luís,br BRA,DF,Chelsea,28,1985,15,9,942,10.5,0,0,0,0,0,1,0
EPL,2014-2015,308,Romelu Lukaku,be BEL,FW,Everton,21,1993,36,32,"2,870",31.9,10,5,8,2,2,1,0
EPL,2014-2015,309,Harry Maguire,eng ENG,DF,Hull City,21,1993,3,0,94,1.0,0,0,0,0,0,1,0
EPL,2014-2015,310,Riyad Mahrez,dz ALG,"FW,MF",Leicester City,23,1991,30,25,"2,079",23.1,4,3,4,0,0,0,0
EPL,2014-2015,311,Ainsley Maitland-Niles,eng ENG,"DF,FW",Arsenal,16,1997,1,0,1,0.0,0,0,0,0,0,0,0
EPL,2014-2015,312,Mikael Mandron,fr FRA,FW,Sunderland,19,1994,1,0,5,0.1,0,0,0,0,0,0,0
EPL,2014-2015,313,Sadio Mané,sn SEN,"FW,MF",Southampton,22,1992,30,24,"2,132",23.7,10,3,10,0,0,5,0
EPL,2014-2015,314,Eliaquim Mangala,fr FRA,DF,Manchester City,23,1991,25,24,"2,189",24.3,0,2,0,0,0,4,1
EPL,2014-2015,315,Vito Mannone,it ITA,GK,Sunderland,26,1988,10,10,900,10.0,0,0,0,0,0,0,0
EPL,2014-2015,316,Javier Manquillo,es ESP,DF,Liverpool,20,1994,10,10,759,8.4,0,0,0,0,0,3,0
EPL,2014-2015,317,Adrian Mariappa,jm JAM,DF,Crystal Palace,27,1986,12,8,843,9.4,0,0,0,0,0,3,0
EPL,2014-2015,318,Lazar Marković,rs SRB,"FW,MF",Liverpool,20,1994,19,11,934,10.4,2,1,2,0,0,0,0
EPL,2014-2015,319,Dean Marney,eng ENG,MF,Burnley,30,1984,20,20,"1,685",18.7,0,1,0,0,0,6,0
EPL,2014-2015,320,Emiliano Martínez,ar ARG,GK,Arsenal,21,1992,4,3,302,3.4,0,0,0,0,0,0,0
EPL,2014-2015,321,Ryan Mason,eng ENG,MF,Tottenham,23,1991,31,29,"2,312",25.7,1,4,1,0,0,10,0
EPL,2014-2015,322,Juan Mata,es ESP,"FW,MF",Manchester Utd,26,1988,33,27,"2,303",25.6,9,4,8,1,1,2,0
EPL,2014-2015,323,Nemanja Matić,rs SRB,MF,Chelsea,25,1988,36,35,"3,123",34.7,1,3,1,0,0,10,1
EPL,2014-2015,324,Emmanuel Mayuka,zm ZAM,FW,Southampton,23,1990,5,0,54,0.6,0,0,0,0,0,0,0
EPL,2014-2015,325,James McArthur,sco SCO,MF,Crystal Palace,26,1987,32,29,"2,601",28.9,2,0,2,0,1,6,0
EPL,2014-2015,Rk,Player,Nation,Pos,Squad,Age,Born,MP,Starts,Min,90s,Gls,Ast,G-PK,PK,PKatt,CrdY,CrdR
EPL,2014-2015,326,Gareth McAuley,nir NIR,DF,West Brom,34,1979,24,24,"2,072",23.0,1,0,1,0,0,2,1
EPL,2014-2015,327,Alex McCarthy,eng ENG,GK,QPR,24,1989,3,2,237,2.6,0,0,0,0,0,0,0
EPL,2014-2015,328,James McCarthy,ie IRL,MF,Everton,23,1990,28,27,"2,400",26.7,2,1,2,0,0,7,0
EPL,2014-2015,329,Jason McCarthy,eng ENG,DF,Southampton,18,1995,1,0,4,0.0,0,0,0,0,0,0,0
EPL,2014-2015,330,Aiden McGeady,ie IRL,"FW,MF",Everton,28,1986,16,10,884,9.8,1,2,1,0,0,1,0
EPL,2014-2015,331,Allan McGregor,sco SCO,GK,Hull City,32,1982,26,26,"2,340",26.0,0,0,0,0,0,0,0
EPL,2014-2015,332,Callum McManaman,eng ENG,"FW,MF",West Brom,23,1991,8,5,345,3.8,0,1,0,0,0,1,0
EPL,2014-2015,333,Paddy McNair,nir NIR,"DF,MF",Manchester Utd,19,1995,16,12,"1,027",11.4,0,0,0,0,0,2,0
EPL,2014-2015,334,Paul McShane,ie IRL,DF,Hull City,28,1986,20,19,"1,694",18.8,1,0,1,0,0,2,0
EPL,2014-2015,335,Ben Mee,eng ENG,DF,Burnley,24,1989,33,32,"2,887",32.1,2,1,2,0,0,10,0
EPL,2014-2015,336,Per Mertesacker,de GER,DF,Arsenal,29,1984,35,35,"3,150",35.0,0,1,0,0,0,2,0
EPL,2014-2015,337,David Meyler,ie IRL,MF,Hull City,25,1989,28,19,"1,730",19.2,1,1,1,0,0,7,1
EPL,2014-2015,338,Simon Mignolet,be BEL,GK,Liverpool,26,1988,36,35,"3,225",35.8,0,0,0,0,0,0,0
EPL,2014-2015,339,James Milner,eng ENG,"DF,MF",Manchester City,28,1986,32,18,"1,749",19.4,5,7,5,0,0,6,0
EPL,2014-2015,340,Kevin Mirallas,be BEL,"FW,MF",Everton,26,1987,29,18,"1,420",15.8,7,1,7,0,1,3,0
EPL,2014-2015,341,Nacho Monreal,es ESP,DF,Arsenal,28,1986,28,26,"2,311",25.7,0,1,0,0,0,3,0
EPL,2014-2015,342,Jefferson Montero,ec ECU,"FW,MF",Swansea City,24,1989,30,15,"1,577",17.5,1,7,1,0,0,0,0
EPL,2014-2015,343,Liam Moore,jm JAM,DF,Leicester City,21,1993,11,10,937,10.4,0,0,0,0,0,4,0
EPL,2014-2015,344,Alberto Moreno,es ESP,"DF,MF",Liverpool,22,1992,28,26,"2,254",25.0,2,0,2,0,0,6,0
EPL,2014-2015,345,Wes Morgan,jm JAM,DF,Leicester City,30,1984,37,37,"3,286",36.5,2,2,2,0,0,1,1
EPL,2014-2015,346,James Morrison,sco SCO,"FW,MF",West Brom,28,1986,33,29,"2,552",28.4,2,1,2,0,0,3,0
EPL,2014-2015,347,Ravel Morrison,jm JAM,MF,West Ham,21,1993,1,0,34,0.4,0,0,0,0,0,0,0
EPL,2014-2015,348,Victor Moses,ng NGA,"DF,FW",Stoke City,23,1990,19,19,"1,444",16.0,3,3,2,1,1,3,0
EPL,2014-2015,349,Youssouf Mulumbu,cd COD,MF,West Brom,27,1987,17,10,899,10.0,0,0,0,0,0,1,1
EPL,2014-2015,350,Marc Muniesa,es ESP,"DF,MF",Stoke City,22,1992,19,14,"1,389",15.4,0,0,0,0,0,3,0
EPL,2014-2015,Rk,Player,Nation,Pos,Squad,Age,Born,MP,Starts,Min,90s,Gls,Ast,G-PK,PK,PKatt,CrdY,CrdR
EPL,2014-2015,351,Glenn Murray,eng ENG,FW,Crystal Palace,30,1983,17,9,869,9.7,7,3,6,1,2,4,1
EPL,2014-2015,352,Jordon Mutch,eng ENG,MF,Crystal Palace,22,1991,7,4,333,3.7,0,0,0,0,0,2,0
EPL,2014-2015,353,Jordon Mutch,eng ENG,MF,QPR,22,1991,9,6,520,5.8,0,1,0,0,0,3,0
EPL,2014-2015,354,Boaz Myhill,wal WAL,GK,West Brom,31,1982,11,10,935,10.4,0,0,0,0,0,1,0
EPL,2014-2015,355,Dame N'Doye,sn SEN,FW,Hull City,29,1985,15,13,"1,195",13.3,5,1,5,0,0,3,0
EPL,2014-2015,356,Charles N'Zogbia,fr FRA,"DF,FW",Aston Villa,28,1986,27,19,"1,421",15.8,0,2,0,0,0,3,0
EPL,2014-2015,357,Steven Naismith,sco SCO,"FW,MF",Everton,27,1986,31,22,"2,057",22.9,7,0,7,0,0,8,0
EPL,2014-2015,358,Nani,pt POR,"FW,MF",Manchester Utd,27,1986,1,0,45,0.5,0,0,0,0,0,0,0
EPL,2014-2015,359,Samir Nasri,fr FRA,"FW,MF",Manchester City,27,1987,24,18,"1,569",17.4,2,5,2,0,0,5,0
EPL,2014-2015,360,Kyle Naughton,eng ENG,DF,Tottenham,25,1988,5,5,325,3.6,0,0,0,0,0,0,2
EPL,2014-2015,361,Kyle Naughton,eng ENG,DF,Swansea City,25,1988,10,10,856,9.5,0,1,0,0,0,1,0
EPL,2014-2015,362,Jesús Navas,es ESP,"DF,MF",Manchester City,28,1985,35,23,"2,254",25.0,0,8,0,0,0,3,0
EPL,2014-2015,363,Nenê,br BRA,"FW,MF",West Ham,33,1981,8,0,135,1.5,0,0,0,0,0,0,0
EPL,2014-2015,364,Mark Noble,eng ENG,MF,West Ham,27,1987,28,27,"2,301",25.6,2,3,1,1,2,4,0
EPL,2014-2015,365,Kevin Nolan,eng ENG,MF,West Ham,32,1982,29,19,"1,749",19.4,1,1,1,0,0,2,0
EPL,2014-2015,366,David Nugent,eng ENG,FW,Leicester City,29,1985,29,16,"1,711",19.0,5,2,4,1,1,3,0
EPL,2014-2015,367,Steven Nzonzi,fr FRA,MF,Stoke City,25,1988,38,38,"3,374",37.5,3,2,3,0,0,2,0
EPL,2014-2015,368,Joey O'Brien,ie IRL,"DF,MF",West Ham,28,1986,9,6,526,5.8,0,0,0,0,0,2,0
EPL,2014-2015,369,Stuart O'Keefe,eng ENG,MF,Crystal Palace,23,1991,2,1,83,0.9,0,0,0,0,0,0,0
EPL,2014-2015,370,John O'Shea,ie IRL,"DF,MF",Sunderland,33,1981,37,37,"3,270",36.3,0,0,0,0,0,4,0
EPL,2014-2015,371,Gabriel Obertan,fr FRA,"FW,MF",Newcastle Utd,25,1989,13,8,652,7.2,1,2,1,0,0,0,0
EPL,2014-2015,372,John Obi Mikel,ng NGA,MF,Chelsea,27,1987,18,6,702,7.8,0,1,0,0,0,1,0
EPL,2014-2015,373,Peter Odemwingie,ng NGA,FW,Stoke City,33,1981,7,1,194,2.2,0,0,0,0,0,0,0
EPL,2014-2015,374,Jores Okore,dk DEN,DF,Aston Villa,21,1992,23,22,"2,010",22.3,1,0,1,0,0,6,0
EPL,2014-2015,375,Nélson Oliveira,pt POR,FW,Swansea City,22,1991,10,4,389,4.3,1,0,1,0,0,0,0
EPL,2014-2015,Rk,Player,Nation,Pos,Squad,Age,Born,MP,Starts,Min,90s,Gls,Ast,G-PK,PK,PKatt,CrdY,CrdR
EPL,2014-2015,376,Jonas Olsson,se SWE,DF,West Brom,31,1983,13,9,825,9.2,1,0,1,0,0,2,0
EPL,2014-2015,377,Nedum Onuoha,eng ENG,DF,QPR,27,1986,23,22,"1,927",21.4,0,0,0,0,0,3,1
EPL,2014-2015,378,Oscar,br BRA,MF,Chelsea,22,1991,28,26,"2,020",22.4,6,8,6,0,0,5,0
EPL,2014-2015,379,Leon Osman,eng ENG,MF,Everton,33,1981,21,13,"1,279",14.2,2,2,2,0,0,0,0
EPL,2014-2015,380,David Ospina,co COL,GK,Arsenal,25,1988,18,18,"1,620",18.0,0,0,0,0,0,0,0
EPL,2014-2015,381,Bryan Oviedo,cr CRC,"DF,MF",Everton,24,1990,6,2,320,3.6,0,0,0,0,0,3,0
EPL,2014-2015,382,Alex Oxlade-Chamberlain,eng ENG,MF,Arsenal,20,1993,23,17,"1,490",16.6,1,1,1,0,0,4,0
EPL,2014-2015,383,Mesut Özil,de GER,MF,Arsenal,25,1988,22,21,"1,856",20.6,4,5,4,0,0,0,0
EPL,2014-2015,384,Costel Pantilimon,ro ROU,GK,Sunderland,27,1987,28,28,"2,520",28.0,0,0,0,0,0,2,0
EPL,2014-2015,385,Paulinho,br BRA,MF,Tottenham,26,1988,15,3,489,5.4,0,1,0,0,0,3,0
EPL,2014-2015,386,Gabriel Paulista,br BRA,DF,Arsenal,23,1990,6,4,350,3.9,0,0,0,0,0,0,0
EPL,2014-2015,387,Graziano Pellè,it ITA,FW,Southampton,29,1985,38,37,"3,281",36.5,12,2,12,0,0,6,0
EPL,2014-2015,388,Andreas Pereira,br BRA,MF,Manchester Utd,18,1996,1,0,14,0.2,0,0,0,0,0,0,0
EPL,2014-2015,389,Ayoze Pérez,es ESP,"FW,MF",Newcastle Utd,21,1993,36,25,"2,369",26.3,7,0,7,0,0,0,0
EPL,2014-2015,390,Robin van Persie,nl NED,FW,Manchester Utd,30,1983,27,25,"2,108",23.4,10,2,9,1,2,5,0
EPL,2014-2015,391,Matt Phillips,sco SCO,MF,QPR,23,1991,25,20,"1,821",20.2,3,8,3,0,0,1,0
EPL,2014-2015,392,Steven Pienaar,za RSA,MF,Everton,32,1982,9,3,317,3.5,0,2,0,0,0,1,0
EPL,2014-2015,393,Erik Pieters,nl NED,"DF,MF",Stoke City,25,1988,31,29,"2,562",28.5,0,2,0,0,0,8,0
EPL,2014-2015,394,Sébastien Pocognoli,be BEL,"DF,MF",West Brom,26,1987,15,15,"1,209",13.4,0,0,0,0,0,1,0
EPL,2014-2015,395,Lukas Podolski,de GER,"FW,MF",Arsenal,29,1985,7,0,106,1.2,0,0,0,0,0,0,0
EPL,2014-2015,396,Nick Powell,eng ENG,"FW,MF",Leicester City,20,1994,3,0,43,0.5,0,0,0,0,0,0,0
EPL,2014-2015,397,Diego Poyet,uy URU,MF,West Ham,19,1995,3,1,91,1.0,0,0,0,0,0,1,0
EPL,2014-2015,398,José Pozo,es ESP,"FW,MF",Manchester City,18,1996,3,1,137,1.5,0,0,0,0,0,0,0
EPL,2014-2015,399,Jason Puncheon,eng ENG,MF,Crystal Palace,28,1986,37,31,"2,824",31.4,6,7,6,0,0,8,1
EPL,2014-2015,400,Stephen Quinn,ie IRL,MF,Hull City,28,1986,28,17,"1,639",18.2,1,3,1,0,0,3,1
EPL,2014-2015,Rk,Player,Nation,Pos,Squad,Age,Born,MP,Starts,Min,90s,Gls,Ast,G-PK,PK,PKatt,CrdY,CrdR
EPL,2014-2015,401,Rafael,br BRA,"DF,MF",Manchester Utd,24,1990,10,6,592,6.6,0,0,0,0,0,2,0
EPL,2014-2015,402,Ramires,br BRA,MF,Chelsea,27,1987,23,11,"1,107",12.3,2,4,2,0,0,4,0
EPL,2014-2015,403,Gastón Ramírez,uy URU,"FW,MF",Southampton,23,1990,1,0,25,0.3,0,0,0,0,0,0,0
EPL,2014-2015,404,Gastón Ramírez,uy URU,"FW,MF",Hull City,23,1990,22,11,990,11.0,1,2,1,0,0,1,1
EPL,2014-2015,405,Aaron Ramsey,wal WAL,MF,Arsenal,23,1990,29,23,"2,007",22.3,6,5,6,0,0,6,0
EPL,2014-2015,406,Àngel Rangel,es ESP,DF,Swansea City,31,1982,27,22,"2,037",22.6,0,0,0,0,0,2,1
EPL,2014-2015,407,Harrison Reed,eng ENG,MF,Southampton,19,1995,9,5,460,5.1,0,0,0,0,0,0,0
EPL,2014-2015,408,Steven Reid,ie IRL,"DF,MF",Burnley,33,1981,6,1,109,1.2,0,0,0,0,0,1,0
EPL,2014-2015,409,Winston Reid,nz NZL,DF,West Ham,26,1988,30,29,"2,502",27.8,1,0,1,0,0,10,0
EPL,2014-2015,410,Loïc Rémy,fr FRA,FW,QPR,27,1987,2,2,180,2.0,0,0,0,0,0,0,0
EPL,2014-2015,411,Loïc Rémy,fr FRA,FW,Chelsea,27,1987,19,6,672,7.5,7,0,7,0,0,0,0
EPL,2014-2015,412,Anthony Réveillère,fr FRA,DF,Sunderland,34,1979,16,15,"1,327",14.7,0,2,0,0,0,0,0
EPL,2014-2015,413,Jazz Richards,wal WAL,"DF,MF",Swansea City,23,1991,10,7,636,7.1,0,1,0,0,0,1,0
EPL,2014-2015,414,Kieran Richardson,eng ENG,"DF,MF",Aston Villa,29,1984,22,16,"1,345",14.9,0,1,0,0,0,2,1
EPL,2014-2015,415,Emmanuel Rivière,fr FRA,FW,Newcastle Utd,24,1990,23,15,"1,209",13.4,1,1,1,0,0,0,0
EPL,2014-2015,416,Valentin Roberge,fr FRA,DF,Sunderland,27,1987,1,1,90,1.0,0,0,0,0,0,1,0
EPL,2014-2015,417,Andrew Robertson,sco SCO,DF,Hull City,20,1994,24,17,"1,526",17.0,0,2,0,0,0,7,0
EPL,2014-2015,418,Joel Robles,es ESP,GK,Everton,24,1990,7,6,585,6.5,0,0,0,0,0,1,0
EPL,2014-2015,419,Jack Rodwell,eng ENG,"DF,MF",Sunderland,23,1991,23,17,"1,483",16.5,3,0,3,0,0,5,0
EPL,2014-2015,420,Marcos Rojo,ar ARG,DF,Manchester Utd,24,1990,22,20,"1,762",19.6,0,0,0,0,0,6,0
EPL,2014-2015,421,Wayne Rooney,eng ENG,"FW,MF",Manchester Utd,28,1985,33,33,"2,873",31.9,12,5,11,1,2,5,1
EPL,2014-2015,422,Danny Rose,eng ENG,"DF,MF",Tottenham,24,1990,28,27,"2,367",26.3,3,5,3,0,0,7,0
EPL,2014-2015,423,Liam Rosenior,eng ENG,DF,Hull City,30,1984,13,5,581,6.5,0,0,0,0,0,0,0
EPL,2014-2015,424,Tomáš Rosický,cz CZE,MF,Arsenal,33,1980,15,5,583,6.5,2,1,2,0,0,1,0
EPL,2014-2015,425,Wayne Routledge,eng ENG,"FW,MF",Swansea City,29,1985,29,27,"2,310",25.7,3,1,3,0,0,1,1
EPL,2014-2015,Rk,Player,Nation,Pos,Squad,Age,Born,MP,Starts,Min,90s,Gls,Ast,G-PK,PK,PKatt,CrdY,CrdR
EPL,2014-2015,426,Yannick Sagbo,ci CIV,FW,Hull City,26,1988,4,0,59,0.7,0,0,0,0,0,0,0
EPL,2014-2015,427,Bacary Sagna,fr FRA,DF,Manchester City,31,1983,9,8,741,8.2,0,0,0,0,0,1,0
EPL,2014-2015,428,Diafra Sakho,sn SEN,FW,West Ham,24,1989,23,20,"1,754",19.5,10,2,10,0,0,2,0
EPL,2014-2015,429,Mamadou Sakho,fr FRA,DF,Liverpool,24,1990,16,15,"1,419",15.8,0,0,0,0,0,1,0
EPL,2014-2015,430,Mohamed Salah,eg EGY,"FW,MF",Chelsea,22,1992,3,0,33,0.4,0,0,0,0,0,0,0
EPL,2014-2015,431,Georgios Samaras,gr GRE,"FW,MF",West Brom,29,1985,5,0,72,0.8,0,0,0,0,0,0,0
EPL,2014-2015,432,Alexis Sánchez,cl CHI,"FW,MF",Arsenal,25,1988,35,34,"2,942",32.7,16,8,16,0,1,4,0
EPL,2014-2015,433,Carlos Sánchez,co COL,MF,Aston Villa,28,1986,28,20,"1,988",22.1,1,0,1,0,0,7,1
EPL,2014-2015,434,Sandro,br BRA,MF,QPR,25,1989,17,17,"1,209",13.4,1,0,1,0,0,6,0
EPL,2014-2015,435,Yaya Sanogo,fr FRA,FW,Arsenal,21,1993,3,2,138,1.5,0,0,0,0,0,0,0
EPL,2014-2015,436,Yaya Sanogo,fr FRA,FW,Crystal Palace,21,1993,10,3,320,3.6,0,0,0,0,0,1,0
EPL,2014-2015,437,Jeffrey Schlupp,gh GHA,"DF,FW",Leicester City,21,1992,32,30,"2,531",28.1,3,2,3,0,0,4,0
EPL,2014-2015,438,Kasper Schmeichel,dk DEN,GK,Leicester City,27,1986,24,24,"2,160",24.0,0,0,0,0,0,0,0
EPL,2014-2015,439,Morgan Schneiderlin,fr FRA,MF,Southampton,24,1989,26,24,"2,186",24.3,4,1,4,0,0,6,1
EPL,2014-2015,440,André Schürrle,de GER,"FW,MF",Chelsea,23,1990,14,5,436,4.8,3,0,3,0,0,2,0
EPL,2014-2015,441,Mark Schwarzer,au AUS,GK,Leicester City,41,1972,6,6,540,6.0,0,0,0,0,0,0,0
EPL,2014-2015,442,Ryan Seager,eng ENG,FW,Southampton,18,1996,1,0,1,0.0,0,0,0,0,0,0,0
EPL,2014-2015,443,Philippe Senderos,ch SUI,DF,Aston Villa,29,1985,8,7,633,7.0,0,0,0,0,0,2,0
EPL,2014-2015,444,Stéphane Sessègnon,bj BEN,"FW,MF",West Brom,30,1984,28,20,"1,761",19.6,1,3,1,0,0,5,0
EPL,2014-2015,445,Jason Shackell,eng ENG,DF,Burnley,30,1983,38,38,"3,346",37.2,0,0,0,0,0,3,0
EPL,2014-2015,446,Luke Shaw,eng ENG,"DF,MF",Manchester Utd,19,1995,16,15,"1,121",12.5,0,0,0,0,0,2,1
EPL,2014-2015,447,Ryan Shawcross,eng ENG,DF,Stoke City,26,1987,32,32,"2,831",31.5,2,1,2,0,0,7,0
EPL,2014-2015,448,Jonjo Shelvey,eng ENG,MF,Swansea City,22,1992,31,28,"2,449",27.2,3,5,2,1,1,9,1
EPL,2014-2015,449,Ollie Shenton,eng ENG,MF,Stoke City,16,1997,1,0,1,0.0,0,0,0,0,0,0,0
EPL,2014-2015,450,Steve Sidwell,eng ENG,MF,Stoke City,31,1982,12,5,450,5.0,0,0,0,0,0,3,0
EPL,2014-2015,Rk,Player,Nation,Pos,Squad,Age,Born,MP,Starts,Min,90s,Gls,Ast,G-PK,PK,PKatt,CrdY,CrdR
EPL,2014-2015,451,Gylfi Sigurðsson,is ISL,"FW,MF",Swansea City,24,1989,32,32,"2,682",29.8,7,10,7,0,0,2,0
EPL,2014-2015,452,David Silva,es ESP,"FW,MF",Manchester City,28,1986,32,32,"2,646",29.4,12,7,12,0,0,8,0
EPL,2014-2015,453,Danny Simpson,eng ENG,DF,QPR,27,1987,1,1,67,0.7,0,0,0,0,0,0,0
EPL,2014-2015,454,Danny Simpson,eng ENG,DF,Leicester City,27,1987,14,13,"1,185",13.2,0,0,0,0,0,4,0
EPL,2014-2015,455,Jerome Sinclair,eng ENG,FW,Liverpool,17,1996,2,0,27,0.3,0,0,0,0,0,0,0
EPL,2014-2015,456,Scott Sinclair,eng ENG,"FW,MF",Aston Villa,25,1989,9,5,463,5.1,1,0,1,0,0,0,0
EPL,2014-2015,457,Scott Sinclair,eng ENG,"FW,MF",Manchester City,25,1989,2,0,5,0.1,0,0,0,0,0,0,0
EPL,2014-2015,458,Moussa Sissoko,fr FRA,MF,Newcastle Utd,24,1989,34,34,"3,031",33.7,4,2,4,0,0,9,2
EPL,2014-2015,459,Martin Škrtel,sk SVK,DF,Liverpool,29,1984,33,33,"2,970",33.0,1,0,1,0,0,8,0
EPL,2014-2015,460,Chris Smalling,eng ENG,DF,Manchester Utd,24,1989,25,21,"1,879",20.9,4,0,4,0,0,2,1
EPL,2014-2015,461,Robert Snodgrass,sco SCO,"FW,MF",Hull City,26,1987,1,1,39,0.4,0,0,0,0,0,0,0
EPL,2014-2015,462,Roberto Soldado,es ESP,FW,Tottenham,29,1985,24,7,804,8.9,1,1,1,0,1,1,0
EPL,2014-2015,463,Alex Song,cm CMR,"DF,MF",West Ham,26,1987,28,25,"2,245",24.9,0,3,0,0,0,4,0
EPL,2014-2015,464,Marvin Sordell,eng ENG,FW,Burnley,23,1991,14,2,289,3.2,0,0,0,0,0,2,0
EPL,2014-2015,465,Pape Souaré,sn SEN,DF,Crystal Palace,24,1990,9,7,605,6.7,0,0,0,0,0,1,0
EPL,2014-2015,466,Julián Speroni,ar ARG,GK,Crystal Palace,35,1979,36,36,"3,204",35.6,0,0,0,0,0,1,0
EPL,2014-2015,467,Benjamin Stambouli,fr FRA,"DF,MF",Tottenham,23,1990,12,4,459,5.1,0,0,0,0,0,4,0
EPL,2014-2015,468,Jed Steer,eng ENG,GK,Aston Villa,21,1992,1,1,90,1.0,0,0,0,0,0,0,0
EPL,2014-2015,469,Raheem Sterling,eng ENG,"FW,MF",Liverpool,19,1994,35,34,"3,045",33.8,7,7,7,0,0,5,0
EPL,2014-2015,470,John Stones,eng ENG,DF,Everton,20,1994,23,23,"2,043",22.7,1,0,1,0,0,1,0
EPL,2014-2015,471,Daniel Sturridge,eng ENG,"FW,MF",Liverpool,24,1989,12,7,752,8.4,4,1,4,0,0,0,0
EPL,2014-2015,472,Yun Suk-young,kr KOR,"DF,MF",QPR,24,1990,23,19,"1,722",19.1,0,0,0,0,0,4,0
EPL,2014-2015,473,Ki Sung-yueng,kr KOR,MF,Swansea City,25,1989,33,30,"2,689",29.9,8,1,8,0,0,4,0
EPL,2014-2015,474,Wojciech Szczęsny,pl POL,GK,Arsenal,24,1990,17,17,"1,498",16.6,0,0,0,0,0,1,0
EPL,2014-2015,475,Adel Taarabt,ma MAR,"FW,MF",QPR,25,1989,7,3,297,3.3,0,0,0,0,0,0,0
EPL,2014-2015,Rk,Player,Nation,Pos,Squad,Age,Born,MP,Starts,Min,90s,Gls,Ast,G-PK,PK,PKatt,CrdY,CrdR
EPL,2014-2015,476,Dušan Tadić,rs SRB,"FW,MF",Southampton,25,1988,31,24,"2,056",22.8,4,8,3,1,2,2,0
EPL,2014-2015,477,Matt Targett,eng ENG,"DF,MF",Southampton,18,1995,6,3,226,2.5,0,0,0,0,0,0,0
EPL,2014-2015,478,Matthew Taylor,eng ENG,"DF,MF",Burnley,32,1981,10,7,565,6.3,0,1,0,0,0,0,0
EPL,2014-2015,479,Neil Taylor,wal WAL,DF,Swansea City,25,1989,34,34,"2,998",33.3,0,2,0,0,0,9,0
EPL,2014-2015,480,Ryan Taylor,eng ENG,"DF,MF",Newcastle Utd,29,1984,14,11,906,10.1,0,1,0,0,0,3,0
EPL,2014-2015,481,Steven Taylor,eng ENG,DF,Newcastle Utd,28,1986,10,7,653,7.3,1,0,1,0,0,3,1
EPL,2014-2015,482,Gary Taylor-Fletcher,eng ENG,"FW,MF",Leicester City,33,1981,1,0,18,0.2,0,0,0,0,0,0,0
EPL,2014-2015,483,Dionatan Teixeira,br BRA,DF,Stoke City,22,1992,1,0,5,0.1,0,0,0,0,0,0,0
EPL,2014-2015,484,John Terry,eng ENG,DF,Chelsea,33,1980,38,38,"3,420",38.0,5,0,5,0,0,2,0
EPL,2014-2015,485,Jerome Thomas,eng ENG,"FW,MF",Crystal Palace,31,1983,1,0,7,0.1,0,0,0,0,0,0,0
EPL,2014-2015,486,Tom Thorpe,eng ENG,DF,Manchester Utd,21,1993,1,0,1,0.0,0,0,0,0,0,0,0
EPL,2014-2015,487,Dwight Tiendalli,nl NED,DF,Swansea City,28,1985,3,1,129,1.4,0,0,0,0,0,0,0
EPL,2014-2015,488,Cheick Tioté,ci CIV,MF,Newcastle Utd,28,1986,11,10,895,9.9,0,2,0,0,0,5,0
EPL,2014-2015,489,James Tomkins,eng ENG,"DF,MF",West Ham,25,1989,22,20,"1,852",20.6,1,3,1,0,0,6,0
EPL,2014-2015,490,Kolo Touré,ci CIV,DF,Liverpool,33,1981,11,7,667,7.4,0,0,0,0,0,0,0
EPL,2014-2015,491,Yaya Touré,ci CIV,MF,Manchester City,31,1983,29,27,"2,353",26.1,10,2,8,2,2,5,0
EPL,2014-2015,492,Andros Townsend,eng ENG,"FW,MF",Tottenham,23,1991,17,10,749,8.3,2,2,1,1,1,2,0
EPL,2014-2015,493,Armand Traoré,sn SEN,"DF,MF",QPR,24,1989,16,7,786,8.7,0,0,0,0,0,2,0
EPL,2014-2015,494,Gerhard Tremmel,de GER,GK,Swansea City,35,1978,2,1,112,1.2,0,0,0,0,0,0,0
EPL,2014-2015,495,Kieran Trippier,eng ENG,"DF,MF",Burnley,23,1990,38,38,"3,415",37.9,0,4,0,0,0,2,0
EPL,2014-2015,496,Leonardo Ulloa,ar ARG,FW,Leicester City,28,1986,37,29,"2,398",26.6,11,3,9,2,2,3,0
EPL,2014-2015,497,Fredrik Ulvestad,no NOR,"DF,MF",Burnley,22,1992,2,1,67,0.7,0,0,0,0,0,1,0
EPL,2014-2015,498,Matthew Upson,eng ENG,DF,Leicester City,35,1979,5,5,373,4.1,0,0,0,0,0,0,0
EPL,2014-2015,499,Víctor Valdés,es ESP,GK,Manchester Utd,32,1982,2,1,107,1.2,0,0,0,0,0,0,0
EPL,2014-2015,500,Antonio Valencia,ec ECU,"DF,MF",Manchester Utd,28,1985,32,29,"2,580",28.7,0,3,0,0,0,4,0
EPL,2014-2015,Rk,Player,Nation,Pos,Squad,Age,Born,MP,Starts,Min,90s,Gls,Ast,G-PK,PK,PKatt,CrdY,CrdR
EPL,2014-2015,501,Enner Valencia,ec ECU,"FW,MF",West Ham,24,1989,32,25,"2,101",23.3,4,3,4,0,0,2,0
EPL,2014-2015,502,Jamie Vardy,eng ENG,FW,Leicester City,27,1987,34,26,"2,241",24.9,5,8,5,0,0,5,0
EPL,2014-2015,503,Silvestre Varela,pt POR,"FW,MF",West Brom,29,1985,7,3,336,3.7,1,0,1,0,0,1,0
EPL,2014-2015,504,Eduardo Vargas,cl CHI,"FW,MF",QPR,24,1989,21,16,"1,382",15.4,3,2,3,0,0,1,0
EPL,2014-2015,505,Ricardo Vaz Tê,pt POR,"FW,MF",West Ham,27,1986,4,3,223,2.5,0,0,0,0,0,0,0
EPL,2014-2015,506,Santiago Vergini,ar ARG,DF,Sunderland,25,1988,31,28,"2,620",29.1,0,0,0,0,0,6,0
EPL,2014-2015,507,Jan Vertonghen,be BEL,DF,Tottenham,27,1987,32,31,"2,811",31.2,0,0,0,0,0,6,0
EPL,2014-2015,508,Ron Vlaar,nl NED,DF,Aston Villa,29,1985,20,19,"1,647",18.3,0,1,0,0,0,4,1
EPL,2014-2015,509,Sam Vokes,wal WAL,FW,Burnley,24,1989,15,5,567,6.3,0,0,0,0,0,0,0
EPL,2014-2015,510,Michel Vorm,nl NED,GK,Tottenham,30,1983,4,3,357,4.0,0,0,0,0,0,0,0
EPL,2014-2015,511,Haris Vučkić,si SVN,"FW,MF",Newcastle Utd,21,1992,1,0,9,0.1,0,0,0,0,0,0,0
EPL,2014-2015,512,Theo Walcott,eng ENG,"FW,MF",Arsenal,25,1989,14,4,447,5.0,5,0,5,0,0,0,0
EPL,2014-2015,513,Kyle Walker,eng ENG,DF,Tottenham,24,1990,15,15,"1,306",14.5,0,0,0,0,0,3,0
EPL,2014-2015,514,Ross Wallace,sco SCO,"FW,MF",Burnley,29,1985,15,1,241,2.7,1,0,1,0,0,2,0
EPL,2014-2015,515,Jonathan Walters,ie IRL,"FW,MF",Stoke City,30,1983,32,28,"2,419",26.9,8,4,8,0,0,5,0
EPL,2014-2015,516,Victor Wanyama,ke KEN,MF,Southampton,23,1991,32,26,"2,360",26.2,3,1,3,0,0,10,0
EPL,2014-2015,517,Joel Ward,eng ENG,"DF,MF",Crystal Palace,24,1989,37,37,"3,330",37.0,1,0,1,0,0,4,0
EPL,2014-2015,518,Stephen Ward,ie IRL,"DF,FW",Burnley,28,1985,9,7,624,6.9,0,0,0,0,0,3,0
EPL,2014-2015,519,James Ward-Prowse,eng ENG,MF,Southampton,19,1994,25,16,"1,477",16.4,1,6,0,1,1,0,1
EPL,2014-2015,520,Marcin Wasilewski,pl POL,DF,Leicester City,34,1980,25,22,"1,989",22.1,1,0,1,0,0,6,0
EPL,2014-2015,521,Andreas Weimann,at AUT,"FW,MF",Aston Villa,22,1991,31,20,"1,775",19.7,3,2,3,0,0,5,0
EPL,2014-2015,522,Danny Welbeck,eng ENG,"FW,MF",Manchester Utd,23,1990,2,0,46,0.5,0,0,0,0,0,0,0
EPL,2014-2015,523,Danny Welbeck,eng ENG,"FW,MF",Arsenal,23,1990,25,18,"1,663",18.5,4,4,4,0,0,3,0
EPL,2014-2015,524,Ashley Westwood,eng ENG,MF,Aston Villa,24,1990,27,25,"2,149",23.9,0,1,0,0,0,4,0
EPL,2014-2015,525,Glenn Whelan,ie IRL,MF,Stoke City,30,1984,28,26,"2,258",25.1,0,0,0,0,0,6,0
EPL,2014-2015,Rk,Player,Nation,Pos,Squad,Age,Born,MP,Starts,Min,90s,Gls,Ast,G-PK,PK,PKatt,CrdY,CrdR
EPL,2014-2015,526,Connor Wickham,eng ENG,"FW,MF",Sunderland,21,1993,36,31,"2,768",30.8,5,1,5,0,0,8,0
EPL,2014-2015,527,Ashley Williams,wal WAL,DF,Swansea City,29,1984,37,37,"3,330",37.0,0,0,0,0,0,6,0
EPL,2014-2015,528,Jonny Williams,wal WAL,MF,Crystal Palace,20,1993,2,0,36,0.4,0,0,0,0,0,0,0
EPL,2014-2015,529,Mike Williamson,eng ENG,DF,Newcastle Utd,30,1983,31,27,"2,420",26.9,1,1,1,0,0,7,2
EPL,2014-2015,530,Willian,br BRA,"FW,MF",Chelsea,25,1988,36,28,"2,402",26.7,2,3,2,0,0,3,0
EPL,2014-2015,531,Jack Wilshere,eng ENG,MF,Arsenal,22,1992,14,9,729,8.1,2,1,2,0,0,4,0
EPL,2014-2015,532,James Wilson,eng ENG,FW,Manchester Utd,18,1995,13,2,357,4.0,1,0,1,0,0,3,0
EPL,2014-2015,533,Marc Wilson,ie IRL,"DF,MF",Stoke City,26,1987,27,25,"2,123",23.6,0,0,0,0,0,5,1
EPL,2014-2015,534,Andre Wisdom,eng ENG,DF,West Brom,21,1993,24,22,"1,972",21.9,0,1,0,0,0,1,0
EPL,2014-2015,535,Philipp Wollscheid,de GER,DF,Stoke City,25,1989,12,12,"1,006",11.2,0,0,0,0,0,4,0
EPL,2014-2015,536,Chris Wood,nz NZL,FW,Leicester City,22,1991,7,0,114,1.3,1,0,1,0,0,0,0
EPL,2014-2015,537,Shaun Wright-Phillips,eng ENG,"FW,MF",QPR,32,1981,4,1,129,1.4,0,0,0,0,0,0,0
EPL,2014-2015,538,Claudio Yacob,ar ARG,MF,West Brom,27,1987,20,16,"1,393",15.5,0,0,0,0,0,5,1
EPL,2014-2015,539,DeAndre Yedlin,us USA,DF,Tottenham,21,1993,1,0,12,0.1,0,0,0,0,0,0,0
EPL,2014-2015,540,Maya Yoshida,jp JPN,DF,Southampton,25,1988,22,18,"1,692",18.8,1,1,1,0,0,3,0
EPL,2014-2015,541,Ashley Young,eng ENG,"DF,FW",Manchester Utd,29,1985,26,23,"2,065",22.9,2,5,2,0,0,5,0
EPL,2014-2015,542,Pablo Zabaleta,ar ARG,"DF,MF",Manchester City,29,1985,29,29,"2,586",28.7,1,4,1,0,0,7,1
EPL,2014-2015,543,Wilfried Zaha,ci CIV,"FW,MF",Crystal Palace,21,1992,31,23,"1,977",22.0,4,2,4,0,0,1,0
EPL,2014-2015,544,Bobby Zamora,eng ENG,FW,QPR,33,1981,31,19,"1,779",19.8,3,4,3,0,0,4,0
EPL,2014-2015,545,Mauro Zárate,ar ARG,"FW,MF",West Ham,27,1987,7,5,412,4.6,2,1,2,0,0,1,0
EPL,2014-2015,546,Mauro Zárate,ar ARG,"FW,MF",QPR,27,1987,4,0,75,0.8,0,0,0,0,0,1,0
EPL,2014-2015,547,Kurt Zouma,fr FRA,DF,Chelsea,19,1994,15,7,647,7.2,0,0,0,0,0,0,0
EPL,2014-2015,548,Filip Đuričić,rs SRB,"FW,MF",Southampton,22,1992,9,3,329,3.7,0,0,0,0,0,1,0
