League,Season,Rk,Player,Nation,Pos,Squad,Age,Born,MP,Starts,Min,90s,xG,xA,xG+xA,npxG,npxG+xA
EPL,2017-2018,1,Patrick van Aanholt,nl NED,DF,Crystal Palace,26,1990,28,25,"2,184",24.3,0.13,0.06,0.19,0.13,0.19
EPL,2017-2018,2,Rolando Aarons,eng ENG,"FW,MF",Newcastle Utd,21,1995,4,1,139,1.5,0.11,0.00,0.11,0.11,0.11
EPL,2017-2018,3,Tammy Abraham,eng ENG,"FW,MF",Swansea City,19,1997,31,15,"1,726",19.2,0.33,0.04,0.36,0.33,0.36
EPL,2017-2018,4,Charlie Adam,sco SCO,MF,Stoke City,31,1985,11,5,411,4.6,0.31,0.28,0.59,0.15,0.42
EPL,2017-2018,5,Adrián,es ESP,GK,West Ham,30,1987,19,19,"1,710",19.0,0.00,0.00,0.00,0.00,0.00
EPL,2017-2018,6,Ibrahim Afellay,nl NED,MF,Stoke City,31,1986,6,1,166,1.8,0.00,0.00,0.00,0.00,0.00
EPL,2017-2018,7,Benik Afobe,cd COD,"FW,MF",Bournemouth,24,1993,17,5,611,6.8,0.23,0.01,0.24,0.23,0.24
EPL,2017-2018,8,Sergio Agüero,ar ARG,FW,Manchester City,29,1988,25,22,"1,963",21.8,0.76,0.27,1.03,0.62,0.89
EPL,2017-2018,9,Nathan Aké,nl NED,DF,Bournemouth,22,1995,38,37,"3,353",37.3,0.07,0.05,0.11,0.07,0.11
EPL,2017-2018,10,Marc Albrighton,eng ENG,"MF,FW",Leicester City,27,1989,34,30,"2,538",28.2,0.05,0.17,0.22,0.05,0.22
EPL,2017-2018,11,Toby Alderweireld,be BEL,DF,Tottenham,28,1989,14,13,"1,178",13.1,0.05,0.02,0.07,0.05,0.07
EPL,2017-2018,12,Trent Alexander-Arnold,eng ENG,DF,Liverpool,18,1998,19,18,"1,573",17.5,0.06,0.12,0.18,0.06,0.18
EPL,2017-2018,13,Joe Allen,wal WAL,MF,Stoke City,27,1990,36,36,"3,139",34.9,0.07,0.07,0.14,0.07,0.14
EPL,2017-2018,14,Dele Alli,eng ENG,"MF,FW",Tottenham,21,1996,36,34,"2,958",32.9,0.28,0.24,0.52,0.28,0.52
EPL,2017-2018,15,Marcos Alonso,es ESP,"DF,MF",Chelsea,26,1990,33,33,"2,855",31.7,0.13,0.07,0.20,0.13,0.20
EPL,2017-2018,16,Daniel Amartey,gh GHA,DF,Leicester City,22,1994,8,6,487,5.4,0.00,0.00,0.00,0.00,0.00
EPL,2017-2018,17,Ethan Ampadu,wal WAL,DF,Chelsea,16,2000,1,0,11,0.1,0.00,0.00,0.00,0.00,0.00
EPL,2017-2018,18,Nordin Amrabat,ma MAR,FW,Watford,30,1987,3,3,198,2.2,0.02,0.06,0.08,0.02,0.08
EPL,2017-2018,19,Michail Antonio,eng ENG,"FW,MF",West Ham,27,1990,21,16,"1,354",15.0,0.16,0.04,0.20,0.16,0.20
EPL,2017-2018,20,Scott Arfield,ca CAN,"FW,MF",Burnley,28,1988,18,15,"1,333",14.8,0.08,0.03,0.11,0.08,0.11
EPL,2017-2018,21,Marko Arnautović,at AUT,"FW,MF",West Ham,28,1989,31,28,"2,313",25.7,0.39,0.17,0.56,0.39,0.56
EPL,2017-2018,22,Harry Arter,ie IRL,MF,Bournemouth,27,1989,13,11,960,10.7,0.05,0.02,0.07,0.05,0.07
EPL,2017-2018,23,Christian Atsu,gh GHA,"MF,FW",Newcastle Utd,25,1992,28,19,"1,784",19.8,0.17,0.14,0.30,0.17,0.30
EPL,2017-2018,24,Pierre-Emerick Aubameyang,ga GAB,FW,Arsenal,28,1989,13,12,"1,057",11.7,0.71,0.10,0.80,0.58,0.67
EPL,2017-2018,25,Serge Aurier,ci CIV,DF,Tottenham,24,1992,17,16,"1,429",15.9,0.04,0.11,0.15,0.04,0.15
EPL,2017-2018,Rk,Player,Nation,Pos,Squad,Age,Born,MP,Starts,Min,90s,xG,xA,xG+xA,npxG,npxG+xA
EPL,2017-2018,26,Charlie Austin,eng ENG,FW,Southampton,28,1989,24,10,"1,037",11.5,0.69,0.02,0.71,0.62,0.64
EPL,2017-2018,27,André Ayew,gh GHA,"FW,MF",Swansea City,27,1989,12,10,950,10.6,0.24,0.12,0.36,0.24,0.36
EPL,2017-2018,28,André Ayew,gh GHA,"FW,MF",West Ham,27,1989,18,9,895,9.9,0.26,0.03,0.29,0.18,0.21
EPL,2017-2018,29,Jordan Ayew,gh GHA,"FW,MF",Swansea City,25,1991,36,33,"2,852",31.7,0.20,0.04,0.24,0.17,0.21
EPL,2017-2018,30,César Azpilicueta,es ESP,DF,Chelsea,27,1989,37,37,"3,330",37.0,0.04,0.09,0.12,0.04,0.12
EPL,2017-2018,31,Eric Bailly,ci CIV,DF,Manchester Utd,23,1994,13,11,"1,001",11.1,0.08,0.02,0.10,0.08,0.10
EPL,2017-2018,32,Leighton Baines,eng ENG,DF,Everton,32,1984,22,22,"1,909",21.2,0.10,0.09,0.19,0.02,0.12
EPL,2017-2018,33,Tiemoué Bakayoko,fr FRA,MF,Chelsea,22,1994,29,24,"2,126",23.6,0.15,0.02,0.17,0.15,0.17
EPL,2017-2018,34,Sam Baldock,eng ENG,"FW,MF",Brighton,28,1989,2,0,32,0.4,0.00,0.00,0.00,0.00,0.00
EPL,2017-2018,35,Beni Baningime,cd COD,MF,Everton,18,1998,8,1,198,2.2,0.00,0.00,0.00,0.00,0.00
EPL,2017-2018,36,Phil Bardsley,sco SCO,DF,Burnley,32,1985,13,13,"1,125",12.5,0.00,0.06,0.06,0.00,0.06
EPL,2017-2018,37,Ross Barkley,eng ENG,"MF,FW",Chelsea,23,1993,2,2,129,1.4,0.36,0.08,0.44,0.36,0.44
EPL,2017-2018,38,Ashley Barnes,eng ENG,FW,Burnley,27,1989,36,21,"2,165",24.1,0.29,0.07,0.36,0.29,0.36
EPL,2017-2018,39,Harvey Barnes,eng ENG,"MF,FW",Leicester City,19,1997,3,0,10,0.1,1.50,0.00,1.50,1.50,1.50
EPL,2017-2018,40,Gareth Barry,eng ENG,MF,West Brom,36,1981,25,22,"1,923",21.4,0.05,0.07,0.13,0.05,0.13
EPL,2017-2018,41,Kyle Bartley,eng ENG,DF,Swansea City,26,1991,5,2,235,2.6,0.09,0.09,0.17,0.09,0.17
EPL,2017-2018,42,Michy Batshuayi,be BEL,FW,Chelsea,23,1993,12,3,360,4.0,0.27,0.04,0.31,0.27,0.31
EPL,2017-2018,43,Moritz Bauer,at AUT,"DF,MF",Stoke City,25,1992,15,15,"1,306",14.5,0.02,0.09,0.11,0.02,0.11
EPL,2017-2018,44,Jan Bednarek,pl POL,DF,Southampton,21,1996,5,5,426,4.7,0.01,0.00,0.01,0.01,0.01
EPL,2017-2018,45,Asmir Begović,ba BIH,GK,Bournemouth,30,1987,38,38,"3,420",38.0,0.00,0.00,0.00,0.00,0.00
EPL,2017-2018,46,Héctor Bellerín,es ESP,"DF,MF",Arsenal,22,1995,35,34,"3,051",33.9,0.06,0.11,0.17,0.06,0.17
EPL,2017-2018,47,Yohan Benalouane,tn TUN,DF,Leicester City,30,1987,1,1,90,1.0,0.10,0.00,0.10,0.10,0.10
EPL,2017-2018,48,Christian Benteke,be BEL,FW,Crystal Palace,26,1990,31,24,"2,240",24.9,0.37,0.13,0.50,0.31,0.44
EPL,2017-2018,49,Saido Berahino,bi BDI,FW,Stoke City,23,1993,15,3,494,5.5,0.38,0.12,0.50,0.24,0.36
EPL,2017-2018,50,Jóhann Berg Guðmundsson,is ISL,"MF,FW",Burnley,26,1990,35,32,"2,833",31.5,0.11,0.16,0.27,0.11,0.27
EPL,2017-2018,Rk,Player,Nation,Pos,Squad,Age,Born,MP,Starts,Min,90s,xG,xA,xG+xA,npxG,npxG+xA
EPL,2017-2018,51,Ryan Bertrand,eng ENG,DF,Southampton,27,1989,35,35,"3,135",34.8,0.05,0.08,0.13,0.05,0.13
EPL,2017-2018,52,Muhamed Bešić,ba BIH,MF,Everton,24,1992,2,0,46,0.5,0.00,0.08,0.08,0.00,0.08
EPL,2017-2018,53,Philip Billing,dk DEN,MF,Huddersfield,21,1996,16,8,764,8.5,0.02,0.04,0.06,0.02,0.06
EPL,2017-2018,54,Mame Biram Diouf,sn SEN,"FW,MF",Stoke City,29,1987,35,30,"2,596",28.8,0.25,0.03,0.28,0.25,0.28
EPL,2017-2018,55,Daley Blind,nl NED,"DF,MF",Manchester Utd,27,1990,7,4,362,4.0,0.03,0.15,0.17,0.03,0.17
EPL,2017-2018,56,Jeremie Boga,ci CIV,MF,Chelsea,20,1997,1,1,17,0.2,0.00,0.00,0.00,0.00,0.00
EPL,2017-2018,57,Yannick Bolasie,cd COD,"FW,MF",Everton,28,1989,16,11,851,9.5,0.15,0.04,0.19,0.15,0.19
EPL,2017-2018,58,Gaëtan Bong,cm CMR,DF,Brighton,29,1988,25,25,"2,236",24.8,0.01,0.03,0.04,0.01,0.04
EPL,2017-2018,59,Wilfried Bony,ci CIV,FW,Swansea City,28,1988,15,8,707,7.9,0.19,0.02,0.21,0.19,0.21
EPL,2017-2018,60,Sofiane Boufal,ma MAR,"FW,MF",Southampton,23,1993,26,11,"1,219",13.5,0.13,0.11,0.24,0.13,0.24
EPL,2017-2018,61,Robbie Brady,ie IRL,"MF,FW",Burnley,25,1992,15,15,"1,277",14.2,0.09,0.15,0.24,0.09,0.24
EPL,2017-2018,62,Claudio Bravo,cl CHI,GK,Manchester City,34,1983,3,2,226,2.5,0.00,0.00,0.00,0.00,0.00
EPL,2017-2018,63,Miguel Britos,uy URU,DF,Watford,32,1985,12,10,797,8.9,0.10,0.07,0.17,0.10,0.17
EPL,2017-2018,64,Leon Britton,eng ENG,MF,Swansea City,34,1982,5,4,302,3.4,0.00,0.00,0.00,0.00,0.00
EPL,2017-2018,65,Izzy Brown,eng ENG,"MF,FW",Brighton,20,1997,13,4,311,3.5,0.06,0.21,0.26,0.06,0.26
EPL,2017-2018,66,Bruno,es ESP,DF,Brighton,36,1980,25,23,"2,016",22.4,0.00,0.05,0.05,0.00,0.05
EPL,2017-2018,67,Chris Brunt,nir NIR,"MF,DF",West Brom,32,1984,26,22,"1,920",21.3,0.08,0.18,0.26,0.08,0.26
EPL,2017-2018,68,Oliver Burke,sco SCO,"FW,MF",West Brom,20,1997,15,2,367,4.1,0.10,0.09,0.20,0.10,0.20
EPL,2017-2018,69,Jack Butland,eng ENG,GK,Stoke City,24,1993,35,35,"3,150",35.0,0.00,0.00,0.00,0.00,0.00
EPL,2017-2018,70,Sam Byram,eng ENG,DF,West Ham,23,1993,5,2,248,2.8,0.17,0.08,0.25,0.17,0.25
EPL,2017-2018,71,Willy Caballero,ar ARG,GK,Chelsea,35,1981,3,3,270,3.0,0.00,0.00,0.00,0.00,0.00
EPL,2017-2018,72,Yohan Cabaye,fr FRA,MF,Crystal Palace,31,1986,31,28,"2,376",26.4,0.09,0.13,0.22,0.09,0.22
EPL,2017-2018,73,Gary Cahill,eng ENG,DF,Chelsea,31,1985,27,24,"2,086",23.2,0.01,0.00,0.02,0.01,0.02
EPL,2017-2018,74,Dominic Calvert-Lewin,eng ENG,"FW,MF",Everton,20,1997,32,18,"1,882",20.9,0.22,0.08,0.30,0.21,0.30
EPL,2017-2018,75,Geoff Cameron,us USA,"DF,MF",Stoke City,32,1985,20,17,"1,525",16.9,0.02,0.01,0.03,0.02,0.03
EPL,2017-2018,Rk,Player,Nation,Pos,Squad,Age,Born,MP,Starts,Min,90s,xG,xA,xG+xA,npxG,npxG+xA
EPL,2017-2018,76,Tyrese Campbell,eng ENG,"FW,MF",Stoke City,17,1999,4,0,79,0.9,0.16,0.00,0.16,0.16,0.16
EPL,2017-2018,77,Emre Can,de GER,MF,Liverpool,23,1994,26,24,"2,091",23.2,0.07,0.12,0.19,0.07,0.19
EPL,2017-2018,78,Étienne Capoue,fr FRA,MF,Watford,29,1988,23,18,"1,542",17.1,0.07,0.04,0.11,0.07,0.11
EPL,2017-2018,79,Michael Carrick,eng ENG,MF,Manchester Utd,36,1981,2,1,109,1.2,0.14,0.06,0.20,0.14,0.20
EPL,2017-2018,80,André Carrillo,pe PER,"FW,MF",Watford,26,1991,28,16,"1,540",17.1,0.12,0.17,0.29,0.12,0.29
EPL,2017-2018,81,Guido Carrillo,ar ARG,FW,Southampton,26,1991,7,5,450,5.0,0.11,0.16,0.27,0.11,0.27
EPL,2017-2018,82,Andy Carroll,eng ENG,"FW,MF",West Ham,28,1989,16,7,751,8.3,0.15,0.03,0.17,0.15,0.17
EPL,2017-2018,83,Tom Carroll,eng ENG,MF,Swansea City,25,1992,37,28,"2,570",28.6,0.04,0.14,0.17,0.04,0.17
EPL,2017-2018,84,Craig Cathcart,nir NIR,DF,Watford,28,1989,7,5,523,5.8,0.04,0.00,0.04,0.04,0.04
EPL,2017-2018,85,Petr Čech,cz CZE,GK,Arsenal,35,1982,34,34,"3,039",33.8,0.00,0.00,0.00,0.00,0.00
EPL,2017-2018,86,Nacer Chadli,be BEL,"FW,MF",West Brom,27,1989,5,2,260,2.9,0.10,0.04,0.14,0.10,0.14
EPL,2017-2018,87,Nathaniel Chalobah,eng ENG,MF,Watford,22,1994,6,5,447,5.0,0.20,0.01,0.21,0.20,0.21
EPL,2017-2018,88,Calum Chambers,eng ENG,DF,Arsenal,22,1995,12,10,866,9.6,0.12,0.01,0.13,0.12,0.13
EPL,2017-2018,89,Ben Chilwell,eng ENG,DF,Leicester City,20,1996,24,20,"1,853",20.6,0.01,0.11,0.11,0.01,0.11
EPL,2017-2018,90,Hamza Choudhury,eng ENG,MF,Leicester City,19,1997,8,4,378,4.2,0.01,0.03,0.04,0.01,0.04
EPL,2017-2018,91,Andreas Christensen,dk DEN,DF,Chelsea,21,1996,27,23,"2,086",23.2,0.05,0.01,0.06,0.05,0.06
EPL,2017-2018,92,Lee Chung-yong,kr KOR,FW,Crystal Palace,29,1988,7,1,135,1.5,0.02,0.07,0.08,0.02,0.08
EPL,2017-2018,93,Ciaran Clark,ie IRL,DF,Newcastle Utd,27,1989,20,19,"1,746",19.4,0.11,0.02,0.13,0.11,0.13
EPL,2017-2018,94,Tom Cleverley,eng ENG,MF,Watford,27,1989,23,22,"1,902",21.1,0.08,0.06,0.14,0.05,0.11
EPL,2017-2018,95,Sam Clucas,eng ENG,"MF,FW",Swansea City,26,1990,29,23,"2,044",22.7,0.08,0.05,0.13,0.08,0.13
EPL,2017-2018,96,Nathaniel Clyne,eng ENG,"DF,MF",Liverpool,26,1991,3,2,174,1.9,0.00,0.14,0.14,0.00,0.14
EPL,2017-2018,97,Séamus Coleman,ie IRL,DF,Everton,28,1988,12,12,"1,035",11.5,0.07,0.04,0.11,0.07,0.11
EPL,2017-2018,98,James Collins,wal WAL,DF,West Ham,33,1983,13,12,"1,050",11.7,0.02,0.03,0.06,0.02,0.06
EPL,2017-2018,99,Lewis Cook,eng ENG,MF,Bournemouth,20,1997,29,25,"2,237",24.9,0.02,0.06,0.08,0.02,0.08
EPL,2017-2018,100,Steve Cook,eng ENG,DF,Bournemouth,26,1991,34,31,"2,767",30.7,0.07,0.01,0.09,0.07,0.09
EPL,2017-2018,Rk,Player,Nation,Pos,Squad,Age,Born,MP,Starts,Min,90s,xG,xA,xG+xA,npxG,npxG+xA
EPL,2017-2018,101,Francis Coquelin,fr FRA,"MF,DF",Arsenal,26,1991,7,1,169,1.9,0.02,0.14,0.16,0.02,0.16
EPL,2017-2018,102,Jack Cork,eng ENG,MF,Burnley,28,1989,38,38,"3,420",38.0,0.06,0.02,0.08,0.06,0.08
EPL,2017-2018,103,Thibaut Courtois,be BEL,GK,Chelsea,25,1992,35,35,"3,150",35.0,0.00,0.00,0.00,0.00,0.00
EPL,2017-2018,104,Philippe Coutinho,br BRA,"MF,FW",Liverpool,25,1992,14,13,"1,109",12.3,0.21,0.35,0.56,0.21,0.56
EPL,2017-2018,105,Martin Cranie,eng ENG,"DF,MF",Huddersfield,30,1986,3,2,180,2.0,0.00,0.00,0.00,0.00,0.00
EPL,2017-2018,106,Aaron Cresswell,eng ENG,DF,West Ham,27,1989,36,35,"3,069",34.1,0.02,0.08,0.10,0.02,0.10
EPL,2017-2018,107,Peter Crouch,eng ENG,FW,Stoke City,36,1981,31,14,"1,567",17.4,0.24,0.16,0.40,0.24,0.40
EPL,2017-2018,108,Josh Cullen,ie IRL,"FW,MF",West Ham,21,1996,2,0,8,0.1,0.00,0.00,0.00,0.00,0.00
EPL,2017-2018,109,Charlie Daniels,eng ENG,"DF,MF",Bournemouth,30,1986,35,34,"3,002",33.4,0.01,0.07,0.08,0.01,0.08
EPL,2017-2018,110,Danilo,br BRA,DF,Manchester City,26,1991,23,13,"1,349",15.0,0.06,0.01,0.07,0.06,0.07
EPL,2017-2018,111,Scott Dann,eng ENG,DF,Crystal Palace,30,1987,17,16,"1,435",15.9,0.12,0.01,0.13,0.12,0.13
EPL,2017-2018,112,Karl Darlow,eng ENG,GK,Newcastle Utd,26,1990,10,10,900,10.0,0.00,0.00,0.00,0.00,0.00
EPL,2017-2018,113,Matteo Darmian,it ITA,DF,Manchester Utd,27,1989,8,5,444,4.9,0.00,0.00,0.01,0.00,0.01
EPL,2017-2018,114,Ben Davies,wal WAL,DF,Tottenham,24,1993,29,26,"2,324",25.8,0.04,0.12,0.16,0.04,0.16
EPL,2017-2018,115,Tom Davies,eng ENG,MF,Everton,19,1998,33,20,"1,900",21.1,0.06,0.03,0.09,0.06,0.09
EPL,2017-2018,116,Steven Davis,nir NIR,MF,Southampton,32,1985,23,17,"1,521",16.9,0.05,0.06,0.11,0.05,0.11
EPL,2017-2018,117,Craig Dawson,eng ENG,DF,West Brom,27,1990,28,28,"2,510",27.9,0.08,0.04,0.12,0.08,0.12
EPL,2017-2018,118,Kevin De Bruyne,be BEL,MF,Manchester City,26,1991,37,36,"3,073",34.1,0.17,0.36,0.53,0.17,0.53
EPL,2017-2018,119,Troy Deeney,eng ENG,FW,Watford,29,1988,29,20,"1,844",20.5,0.39,0.09,0.47,0.19,0.28
EPL,2017-2018,120,Jermain Defoe,eng ENG,FW,Bournemouth,34,1982,24,11,"1,088",12.1,0.40,0.09,0.49,0.40,0.49
EPL,2017-2018,121,Steven Defour,be BEL,MF,Burnley,29,1988,24,24,"1,997",22.2,0.04,0.06,0.09,0.04,0.09
EPL,2017-2018,122,Damien Delaney,ie IRL,DF,Crystal Palace,36,1981,2,1,96,1.1,0.00,0.00,0.00,0.00,0.00
EPL,2017-2018,123,Fabian Delph,eng ENG,DF,Manchester City,27,1989,22,21,"1,741",19.3,0.01,0.06,0.07,0.01,0.07
EPL,2017-2018,124,Mousa Dembélé,be BEL,MF,Tottenham,30,1987,28,21,"1,879",20.9,0.02,0.04,0.06,0.02,0.06
EPL,2017-2018,125,Laurent Depoitre,be BEL,FW,Huddersfield,28,1988,33,18,"1,820",20.2,0.19,0.02,0.21,0.19,0.21
EPL,2017-2018,Rk,Player,Nation,Pos,Squad,Age,Born,MP,Starts,Min,90s,xG,xA,xG+xA,npxG,npxG+xA
EPL,2017-2018,126,Mike van der Hoorn,nl NED,DF,Swansea City,24,1992,24,24,"1,944",21.6,0.04,0.01,0.05,0.04,0.05
EPL,2017-2018,127,Gerard Deulofeu,es ESP,"FW,MF",Watford,23,1994,7,5,435,4.8,0.12,0.12,0.24,0.12,0.24
EPL,2017-2018,128,Fousseni Diabaté,ml MLI,"MF,FW",Leicester City,21,1995,14,5,587,6.5,0.06,0.05,0.11,0.06,0.11
EPL,2017-2018,129,Mohamed Diamé,sn SEN,MF,Newcastle Utd,30,1987,31,23,"2,041",22.7,0.06,0.02,0.08,0.06,0.08
EPL,2017-2018,130,Brahim Díaz,es ESP,"FW,MF",Manchester City,17,1999,5,0,55,0.6,0.70,0.00,0.70,0.70,0.70
EPL,2017-2018,131,Eric Dier,eng ENG,"MF,DF",Tottenham,23,1994,34,32,"2,824",31.4,0.06,0.07,0.12,0.06,0.12
EPL,2017-2018,132,Virgil van Dijk,nl NED,DF,Liverpool,26,1991,14,14,"1,260",14.0,0.10,0.04,0.14,0.10,0.14
EPL,2017-2018,133,Virgil van Dijk,nl NED,DF,Southampton,26,1991,12,11,994,11.0,0.10,0.00,0.10,0.10,0.10
EPL,2017-2018,134,Abdoulaye Doucouré,fr FRA,MF,Watford,24,1993,37,37,"3,324",36.9,0.08,0.06,0.15,0.08,0.15
EPL,2017-2018,135,Aleksandar Dragović,at AUT,DF,Leicester City,26,1991,11,7,769,8.5,0.02,0.00,0.02,0.02,0.02
EPL,2017-2018,136,Danny Drinkwater,eng ENG,MF,Chelsea,27,1990,12,5,527,5.9,0.02,0.02,0.04,0.02,0.04
EPL,2017-2018,137,Martin Dúbravka,sk SVK,GK,Newcastle Utd,28,1989,12,12,"1,080",12.0,0.00,0.00,0.00,0.00,0.00
EPL,2017-2018,138,Shane Duffy,ie IRL,DF,Brighton,25,1992,37,37,"3,292",36.6,0.05,0.03,0.08,0.05,0.08
EPL,2017-2018,139,Paul Dummett,wal WAL,DF,Newcastle Utd,25,1991,20,19,"1,602",17.8,0.01,0.02,0.04,0.01,0.04
EPL,2017-2018,140,Lewis Dunk,eng ENG,DF,Brighton,25,1991,38,38,"3,420",38.0,0.06,0.01,0.07,0.06,0.07
EPL,2017-2018,141,Nathan Dyer,eng ENG,"MF,FW",Swansea City,29,1987,24,16,"1,307",14.5,0.05,0.05,0.10,0.05,0.10
EPL,2017-2018,142,Ederson,br BRA,GK,Manchester City,23,1993,36,36,"3,194",35.5,0.00,0.00,0.00,0.00,0.00
EPL,2017-2018,143,Tom Edwards,eng ENG,DF,Stoke City,18,1999,6,6,481,5.3,0.00,0.05,0.06,0.00,0.06
EPL,2017-2018,144,Rob Elliot,ie IRL,GK,Newcastle Utd,31,1986,16,16,"1,440",16.0,0.00,0.00,0.00,0.00,0.00
EPL,2017-2018,145,Mohamed Elneny,eg EGY,MF,Arsenal,25,1992,13,11,867,9.6,0.04,0.07,0.11,0.04,0.11
EPL,2017-2018,146,Christian Eriksen,dk DEN,"MF,FW",Tottenham,25,1992,37,37,"3,218",35.8,0.19,0.35,0.54,0.19,0.54
EPL,2017-2018,147,Jonny Evans,nir NIR,DF,West Brom,29,1988,28,26,"2,270",25.2,0.09,0.01,0.10,0.09,0.10
EPL,2017-2018,148,Patrice Evra,fr FRA,DF,West Ham,36,1981,5,3,228,2.5,0.00,0.00,0.00,0.00,0.00
EPL,2017-2018,149,Łukasz Fabiański,pl POL,GK,Swansea City,32,1985,38,38,"3,420",38.0,0.00,0.00,0.00,0.00,0.00
EPL,2017-2018,150,Cesc Fàbregas,es ESP,MF,Chelsea,30,1987,32,25,"2,307",25.6,0.09,0.27,0.36,0.09,0.36
EPL,2017-2018,Rk,Player,Nation,Pos,Squad,Age,Born,MP,Starts,Min,90s,xG,xA,xG+xA,npxG,npxG+xA
EPL,2017-2018,151,Marouane Fellaini,be BEL,MF,Manchester Utd,29,1987,16,5,683,7.6,0.41,0.02,0.43,0.41,0.43
EPL,2017-2018,152,Kiko Femenía,es ESP,"DF,MF",Watford,26,1991,23,19,"1,713",19.0,0.02,0.11,0.12,0.02,0.12
EPL,2017-2018,153,Leroy Fer,nl NED,MF,Swansea City,27,1990,20,15,"1,397",15.5,0.10,0.07,0.18,0.10,0.18
EPL,2017-2018,154,Edimilson Fernandes,ch SUI,"MF,FW",West Ham,21,1996,14,9,845,9.4,0.03,0.05,0.08,0.03,0.08
EPL,2017-2018,155,Federico Fernández,ar ARG,DF,Swansea City,28,1989,30,30,"2,676",29.7,0.02,0.02,0.05,0.02,0.05
EPL,2017-2018,156,Fernandinho,br BRA,MF,Manchester City,32,1985,34,33,"2,881",32.0,0.09,0.07,0.16,0.09,0.16
EPL,2017-2018,157,Sam Field,eng ENG,MF,West Brom,19,1998,10,7,537,6.0,0.06,0.03,0.09,0.06,0.09
EPL,2017-2018,158,Roberto Firmino,br BRA,FW,Liverpool,25,1991,37,32,"2,763",30.7,0.36,0.17,0.53,0.33,0.51
EPL,2017-2018,159,Darren Fletcher,sco SCO,MF,Stoke City,33,1984,27,25,"2,219",24.7,0.01,0.04,0.05,0.01,0.05
EPL,2017-2018,160,Phil Foden,eng ENG,MF,Manchester City,17,2000,5,0,49,0.5,0.00,0.58,0.58,0.00,0.58
EPL,2017-2018,161,José Fonte,pt POR,DF,West Ham,33,1983,8,8,688,7.6,0.10,0.01,0.11,0.10,0.11
EPL,2017-2018,162,Fraser Forster,eng ENG,GK,Southampton,29,1988,20,20,"1,800",20.0,0.00,0.00,0.00,0.00,0.00
EPL,2017-2018,163,Ben Foster,eng ENG,GK,West Brom,34,1983,37,37,"3,330",37.0,0.00,0.00,0.00,0.00,0.00
EPL,2017-2018,164,Timothy Fosu-Mensah,nl NED,DF,Crystal Palace,19,1998,21,17,"1,596",17.7,0.01,0.03,0.05,0.01,0.05
EPL,2017-2018,165,Simon Francis,eng ENG,DF,Bournemouth,32,1985,32,31,"2,705",30.1,0.02,0.07,0.08,0.02,0.08
EPL,2017-2018,166,Ryan Fraser,sco SCO,"MF,DF",Bournemouth,23,1994,26,23,"2,004",22.3,0.09,0.15,0.24,0.09,0.24
EPL,2017-2018,167,Christian Fuchs,at AUT,DF,Leicester City,31,1986,25,21,"1,921",21.3,0.02,0.03,0.05,0.02,0.05
EPL,2017-2018,168,Jay Fulton,sco SCO,MF,Swansea City,23,1994,2,0,19,0.2,0.00,0.00,0.00,0.00,0.00
EPL,2017-2018,169,Ramiro Funes Mori,ar ARG,"DF,MF",Everton,26,1991,4,1,121,1.3,0.05,0.00,0.05,0.05,0.05
EPL,2017-2018,170,Manolo Gabbiadini,it ITA,"FW,MF",Southampton,25,1991,28,11,"1,081",12.0,0.20,0.07,0.26,0.13,0.20
EPL,2017-2018,171,Jesús Gámez,es ESP,DF,Newcastle Utd,32,1985,2,1,98,1.1,0.02,0.12,0.14,0.02,0.14
EPL,2017-2018,172,Idrissa Gana Gueye,sn SEN,MF,Everton,27,1989,33,32,"2,751",30.6,0.05,0.04,0.08,0.05,0.08
EPL,2017-2018,173,Dwight Gayle,eng ENG,FW,Newcastle Utd,26,1990,35,23,"1,958",21.8,0.40,0.10,0.50,0.40,0.50
EPL,2017-2018,174,Paulo Gazzaniga,ar ARG,GK,Tottenham,25,1992,1,1,90,1.0,0.00,0.00,0.00,0.00,0.00
EPL,2017-2018,175,David de Gea,es ESP,GK,Manchester Utd,26,1990,37,37,"3,330",37.0,0.00,0.00,0.00,0.00,0.00
EPL,2017-2018,Rk,Player,Nation,Pos,Squad,Age,Born,MP,Starts,Min,90s,xG,xA,xG+xA,npxG,npxG+xA
EPL,2017-2018,176,Kieran Gibbs,eng ENG,DF,West Brom,27,1989,33,32,"2,827",31.4,0.01,0.06,0.07,0.01,0.07
EPL,2017-2018,177,Olivier Giroud,fr FRA,FW,Arsenal,30,1986,16,1,388,4.3,0.70,0.22,0.91,0.70,0.91
EPL,2017-2018,178,Olivier Giroud,fr FRA,FW,Chelsea,30,1986,13,6,613,6.8,0.57,0.17,0.74,0.57,0.74
EPL,2017-2018,179,Connor Goldson,eng ENG,DF,Brighton,24,1992,3,2,200,2.2,0.06,0.00,0.06,0.06,0.06
EPL,2017-2018,180,Heurelho Gomes,br BRA,GK,Watford,36,1981,24,24,"2,128",23.6,0.00,0.00,0.00,0.00,0.00
EPL,2017-2018,181,Joe Gomez,eng ENG,DF,Liverpool,20,1997,23,21,"1,902",21.1,0.01,0.06,0.07,0.01,0.07
EPL,2017-2018,182,Dan Gosling,eng ENG,MF,Bournemouth,27,1990,28,21,"1,947",21.6,0.11,0.04,0.15,0.11,0.15
EPL,2017-2018,183,Lee Grant,eng ENG,GK,Stoke City,34,1983,3,3,270,3.0,0.00,0.00,0.00,0.00,0.00
EPL,2017-2018,184,Andre Gray,jm JAM,FW,Watford,26,1991,31,16,"1,498",16.6,0.38,0.10,0.47,0.38,0.47
EPL,2017-2018,185,Demarai Gray,eng ENG,"MF,FW",Leicester City,21,1996,35,17,"1,697",18.9,0.11,0.17,0.27,0.11,0.27
EPL,2017-2018,186,Pascal Groß,de GER,"MF,FW",Brighton,26,1991,38,35,"2,928",32.5,0.10,0.18,0.28,0.08,0.25
EPL,2017-2018,187,Marko Grujić,rs SRB,MF,Liverpool,21,1996,3,0,16,0.2,0.00,0.10,0.10,0.00,0.10
EPL,2017-2018,188,İlkay Gündoğan,de GER,MF,Manchester City,26,1990,30,15,"1,517",16.9,0.22,0.11,0.32,0.17,0.28
EPL,2017-2018,189,Florent Hadergjonaj,xk KVX,"DF,MF",Huddersfield,23,1994,23,19,"1,674",18.6,0.02,0.09,0.12,0.02,0.12
EPL,2017-2018,190,Massadio Haïdara,ml MLI,"FW,MF",Newcastle Utd,24,1992,1,0,4,0.0,0.00,0.00,0.00,0.00,0.00
EPL,2017-2018,191,Ben Hamer,eng ENG,GK,Leicester City,29,1987,4,3,275,3.1,0.00,0.00,0.00,0.00,0.00
EPL,2017-2018,192,Rekeem Harper,eng ENG,MF,West Brom,17,2000,1,0,21,0.2,0.00,0.19,0.19,0.00,0.19
EPL,2017-2018,193,Joe Hart,eng ENG,GK,West Ham,30,1987,19,19,"1,710",19.0,0.00,0.04,0.04,0.00,0.04
EPL,2017-2018,194,Isaac Hayden,eng ENG,MF,Newcastle Utd,22,1995,26,15,"1,374",15.3,0.06,0.06,0.12,0.06,0.12
EPL,2017-2018,195,Eden Hazard,be BEL,"FW,MF",Chelsea,26,1991,34,28,"2,422",26.9,0.29,0.26,0.55,0.24,0.50
EPL,2017-2018,196,Tom Heaton,eng ENG,GK,Burnley,31,1986,4,4,305,3.4,0.00,0.00,0.00,0.00,0.00
EPL,2017-2018,197,Michael Hefele,de GER,DF,Huddersfield,26,1990,2,0,33,0.4,0.00,0.00,0.00,0.00,0.00
EPL,2017-2018,198,Ahmed Hegazi,eg EGY,DF,West Brom,26,1991,38,38,"3,386",37.6,0.04,0.01,0.05,0.04,0.05
EPL,2017-2018,199,Tomer Hemed,il ISR,FW,Brighton,30,1987,16,9,849,9.4,0.21,0.03,0.24,0.21,0.24
EPL,2017-2018,200,Jordan Henderson,eng ENG,MF,Liverpool,27,1990,27,25,"2,171",24.1,0.05,0.08,0.13,0.05,0.13
EPL,2017-2018,Rk,Player,Nation,Pos,Squad,Age,Born,MP,Starts,Min,90s,xG,xA,xG+xA,npxG,npxG+xA
EPL,2017-2018,201,Jeff Hendrick,ie IRL,"MF,FW",Burnley,25,1992,34,29,"2,331",25.9,0.12,0.06,0.18,0.12,0.18
EPL,2017-2018,202,Wayne Hennessey,wal WAL,GK,Crystal Palace,30,1987,27,27,"2,430",27.0,0.00,0.00,0.00,0.00,0.00
EPL,2017-2018,203,Javier Hernández,mx MEX,FW,West Ham,29,1988,28,16,"1,548",17.2,0.29,0.10,0.39,0.29,0.39
EPL,2017-2018,204,Ander Herrera,es ESP,MF,Manchester Utd,27,1989,26,13,"1,268",14.1,0.03,0.08,0.12,0.03,0.12
EPL,2017-2018,205,Son Heung-min,kr KOR,"FW,MF",Tottenham,25,1992,37,27,"2,317",25.7,0.39,0.19,0.58,0.39,0.58
EPL,2017-2018,206,Wesley Hoedt,nl NED,DF,Southampton,23,1994,28,28,"2,520",28.0,0.05,0.03,0.08,0.05,0.08
EPL,2017-2018,207,Jonathan Hogg,eng ENG,MF,Huddersfield,28,1988,30,29,"2,398",26.6,0.02,0.02,0.04,0.02,0.04
EPL,2017-2018,208,Rob Holding,eng ENG,DF,Arsenal,21,1995,12,9,822,9.1,0.01,0.00,0.02,0.01,0.02
EPL,2017-2018,209,José Holebas,gr GRE,"DF,MF",Watford,33,1984,28,26,"2,382",26.5,0.02,0.15,0.17,0.02,0.17
EPL,2017-2018,210,Mason Holgate,eng ENG,DF,Everton,20,1996,15,13,"1,184",13.2,0.04,0.04,0.08,0.04,0.08
EPL,2017-2018,211,Callum Hudson-Odoi,eng ENG,FW,Chelsea,16,2000,2,0,29,0.3,0.15,0.00,0.15,0.15,0.15
EPL,2017-2018,212,Will Hughes,eng ENG,"MF,FW",Watford,22,1995,15,11,990,11.0,0.08,0.14,0.22,0.08,0.22
EPL,2017-2018,213,Jordan Hugill,eng ENG,FW,West Ham,25,1992,3,0,25,0.3,0.00,0.00,0.00,0.00,0.00
EPL,2017-2018,214,Uwe Hünemeier,de GER,DF,Brighton,31,1986,1,0,18,0.2,0.00,0.00,0.00,0.00,0.00
EPL,2017-2018,215,Emerson Hyndman,us USA,MF,Bournemouth,21,1996,1,1,58,0.6,0.00,0.05,0.05,0.00,0.05
EPL,2017-2018,216,Pierre Højbjerg,dk DEN,MF,Southampton,21,1995,23,19,"1,670",18.6,0.04,0.04,0.07,0.04,0.07
EPL,2017-2018,217,Jordon Ibe,eng ENG,"MF,FW",Bournemouth,21,1995,32,22,"1,995",22.2,0.13,0.17,0.30,0.13,0.30
EPL,2017-2018,218,Vicente Iborra,es ESP,MF,Leicester City,29,1988,19,17,"1,410",15.7,0.10,0.01,0.11,0.10,0.11
EPL,2017-2018,219,Zlatan Ibrahimović,se SWE,"MF,FW",Manchester Utd,35,1981,5,1,106,1.2,0.25,0.13,0.38,0.25,0.38
EPL,2017-2018,220,Kelechi Iheanacho,ng NGA,"FW,MF",Leicester City,20,1996,21,7,830,9.2,0.34,0.23,0.58,0.34,0.58
EPL,2017-2018,221,Tom Ince,eng ENG,"MF,FW",Huddersfield,25,1992,33,27,"2,452",27.2,0.27,0.05,0.32,0.27,0.32
EPL,2017-2018,222,Danny Ings,eng ENG,FW,Liverpool,25,1992,8,3,267,3.0,0.59,0.08,0.67,0.59,0.67
EPL,2017-2018,223,Stephen Ireland,ie IRL,MF,Stoke City,30,1986,4,1,131,1.5,0.21,0.03,0.23,0.21,0.23
EPL,2017-2018,224,Alex Iwobi,ng NGA,"FW,MF",Arsenal,21,1996,26,22,"1,830",20.3,0.15,0.18,0.33,0.15,0.33
EPL,2017-2018,225,José Izquierdo,co COL,"MF,FW",Brighton,25,1992,32,23,"1,984",22.0,0.18,0.09,0.28,0.18,0.28
EPL,2017-2018,Rk,Player,Nation,Pos,Squad,Age,Born,MP,Starts,Min,90s,xG,xA,xG+xA,npxG,npxG+xA
EPL,2017-2018,226,Phil Jagielka,eng ENG,DF,Everton,34,1982,25,23,"2,065",22.9,0.02,0.00,0.02,0.02,0.02
EPL,2017-2018,227,Eldin Jakupović,ch SUI,GK,Leicester City,32,1984,2,2,180,2.0,0.00,0.00,0.00,0.00,0.00
EPL,2017-2018,228,Matty James,eng ENG,MF,Leicester City,26,1991,13,11,993,11.0,0.09,0.01,0.10,0.09,0.10
EPL,2017-2018,229,Daryl Janmaat,nl NED,DF,Watford,28,1989,23,21,"1,820",20.2,0.07,0.05,0.12,0.07,0.12
EPL,2017-2018,230,Vincent Janssen,nl NED,DF,Tottenham,23,1994,1,0,1,0.0,0.00,0.00,0.00,0.00,0.00
EPL,2017-2018,231,Jesé,es ESP,"FW,MF",Stoke City,24,1993,13,8,614,6.8,0.12,0.11,0.23,0.12,0.23
EPL,2017-2018,232,Gabriel Jesus,br BRA,FW,Manchester City,20,1997,29,19,"1,668",18.5,0.71,0.12,0.82,0.62,0.74
EPL,2017-2018,233,Glen Johnson,eng ENG,DF,Stoke City,32,1984,9,7,547,6.1,0.03,0.06,0.09,0.03,0.09
EPL,2017-2018,234,Phil Jones,eng ENG,DF,Manchester Utd,25,1992,23,23,"1,973",21.9,0.02,0.00,0.02,0.02,0.02
EPL,2017-2018,235,Joselu,es ESP,FW,Newcastle Utd,27,1990,30,19,"1,712",19.0,0.34,0.02,0.37,0.30,0.33
EPL,2017-2018,236,Mathias Jørgensen,dk DEN,DF,Huddersfield,27,1990,38,38,"3,420",38.0,0.06,0.01,0.07,0.06,0.07
EPL,2017-2018,237,Christian Kabasele,be BEL,DF,Watford,26,1991,28,27,"2,330",25.9,0.02,0.00,0.02,0.02,0.02
EPL,2017-2018,238,Younès Kaboul,fr FRA,DF,Watford,31,1986,2,2,150,1.7,0.00,0.00,0.00,0.00,0.00
EPL,2017-2018,239,Elias Kachunga,cd COD,"FW,MF",Huddersfield,25,1992,19,17,"1,329",14.8,0.12,0.04,0.17,0.12,0.17
EPL,2017-2018,240,Sullay Kaikai,eng ENG,MF,Crystal Palace,21,1995,1,0,14,0.2,0.00,0.00,0.00,0.00,0.00
EPL,2017-2018,241,Harry Kane,eng ENG,FW,Tottenham,24,1993,37,35,"3,076",34.2,0.76,0.08,0.84,0.70,0.78
EPL,2017-2018,242,N'Golo Kanté,fr FRA,MF,Chelsea,26,1991,34,34,"2,994",33.3,0.02,0.07,0.10,0.02,0.10
EPL,2017-2018,243,Loris Karius,de GER,GK,Liverpool,24,1993,19,19,"1,710",19.0,0.00,0.00,0.00,0.00,0.00
EPL,2017-2018,244,Orestis Karnezis,gr GRE,GK,Watford,32,1985,15,14,"1,292",14.4,0.00,0.00,0.00,0.00,0.00
EPL,2017-2018,245,Beram Kayal,il ISR,MF,Brighton,29,1988,19,8,745,8.3,0.04,0.12,0.16,0.04,0.16
EPL,2017-2018,246,Michael Keane,eng ENG,DF,Everton,24,1993,30,29,"2,560",28.4,0.04,0.02,0.06,0.04,0.06
EPL,2017-2018,247,Martin Kelly,eng ENG,DF,Crystal Palace,27,1990,15,12,"1,195",13.3,0.03,0.00,0.03,0.03,0.03
EPL,2017-2018,248,Kenedy,br BRA,"MF,FW",Newcastle Utd,21,1996,13,13,"1,023",11.4,0.18,0.18,0.37,0.18,0.37
EPL,2017-2018,249,Jonjoe Kenny,eng ENG,DF,Everton,20,1997,19,17,"1,590",17.7,0.01,0.06,0.07,0.01,0.07
EPL,2017-2018,250,Andy King,wal WAL,MF,Swansea City,28,1988,11,9,715,7.9,0.12,0.01,0.14,0.12,0.14
EPL,2017-2018,Rk,Player,Nation,Pos,Squad,Age,Born,MP,Starts,Min,90s,xG,xA,xG+xA,npxG,npxG+xA
EPL,2017-2018,251,Andy King,wal WAL,MF,Leicester City,28,1988,11,5,537,6.0,0.14,0.01,0.15,0.14,0.15
EPL,2017-2018,252,Joshua King,no NOR,"FW,MF",Bournemouth,25,1992,33,27,"2,453",27.3,0.28,0.16,0.44,0.23,0.39
EPL,2017-2018,253,Davy Klaassen,nl NED,"MF,FW",Everton,24,1993,7,3,251,2.8,0.00,0.04,0.04,0.00,0.04
EPL,2017-2018,254,Ragnar Klavan,ee EST,DF,Liverpool,31,1985,19,16,"1,451",16.1,0.00,0.01,0.01,0.00,0.01
EPL,2017-2018,255,Anthony Knockaert,fr FRA,"MF,FW",Brighton,25,1991,33,27,"2,421",26.9,0.13,0.09,0.22,0.13,0.22
EPL,2017-2018,256,Sead Kolašinac,ba BIH,"DF,MF",Arsenal,24,1993,27,25,"2,147",23.9,0.11,0.10,0.21,0.11,0.21
EPL,2017-2018,257,Vincent Kompany,be BEL,DF,Manchester City,31,1986,17,17,"1,394",15.5,0.03,0.02,0.06,0.03,0.06
EPL,2017-2018,258,Terence Kongolo,nl NED,DF,Huddersfield,23,1994,13,11,"1,049",11.7,0.02,0.03,0.05,0.02,0.05
EPL,2017-2018,259,Laurent Koscielny,fr FRA,DF,Arsenal,31,1985,25,25,"2,225",24.7,0.08,0.02,0.09,0.08,0.09
EPL,2017-2018,260,Cheikhou Kouyaté,sn SEN,MF,West Ham,27,1989,33,32,"2,799",31.1,0.08,0.03,0.11,0.08,0.11
EPL,2017-2018,261,Bojan Krkić,es ESP,MF,Stoke City,26,1990,1,1,71,0.8,0.01,0.02,0.03,0.01,0.03
EPL,2017-2018,262,Grzegorz Krychowiak,pl POL,MF,West Brom,27,1990,27,20,"1,641",18.2,0.05,0.08,0.14,0.05,0.14
EPL,2017-2018,263,Rajiv van La Parra,nl NED,"FW,MF",Huddersfield,26,1991,33,26,"2,137",23.7,0.15,0.05,0.20,0.11,0.16
EPL,2017-2018,264,Alexandre Lacazette,fr FRA,FW,Arsenal,26,1991,32,26,"2,202",24.5,0.48,0.14,0.62,0.42,0.56
EPL,2017-2018,265,Freddie Ladapo,eng ENG,FW,Crystal Palace,24,1993,1,0,17,0.2,0.00,0.00,0.00,0.00,0.00
EPL,2017-2018,266,Adam Lallana,eng ENG,"MF,FW",Liverpool,29,1988,12,1,308,3.4,0.51,0.16,0.66,0.51,0.66
EPL,2017-2018,267,Érik Lamela,ar ARG,"FW,MF",Tottenham,25,1992,25,7,843,9.4,0.33,0.16,0.49,0.33,0.49
EPL,2017-2018,268,Manuel Lanzini,ar ARG,"MF,FW",West Ham,24,1993,27,23,"2,042",22.7,0.17,0.16,0.34,0.14,0.30
EPL,2017-2018,269,Aymeric Laporte,fr FRA,DF,Manchester City,23,1994,9,9,806,9.0,0.01,0.01,0.01,0.01,0.01
EPL,2017-2018,270,Jamaal Lascelles,eng ENG,DF,Newcastle Utd,23,1993,33,32,"2,928",32.5,0.04,0.01,0.05,0.04,0.05
EPL,2017-2018,271,Florian Lejeune,fr FRA,DF,Newcastle Utd,26,1991,24,24,"2,103",23.4,0.01,0.06,0.07,0.01,0.07
EPL,2017-2018,272,Mario Lemina,ga GAB,MF,Southampton,23,1993,25,20,"1,720",19.1,0.04,0.02,0.06,0.04,0.06
EPL,2017-2018,273,Aaron Lennon,eng ENG,"FW,MF",Everton,30,1987,15,9,793,8.8,0.03,0.05,0.08,0.03,0.08
EPL,2017-2018,274,Aaron Lennon,eng ENG,"MF,FW",Burnley,30,1987,14,13,"1,118",12.4,0.05,0.09,0.14,0.05,0.14
EPL,2017-2018,275,Victor Lindelöf,se SWE,DF,Manchester Utd,23,1994,17,13,"1,285",14.3,0.00,0.02,0.02,0.00,0.02
EPL,2017-2018,Rk,Player,Nation,Pos,Squad,Age,Born,MP,Starts,Min,90s,xG,xA,xG+xA,npxG,npxG+xA
EPL,2017-2018,276,Jesse Lingard,eng ENG,"MF,FW",Manchester Utd,24,1992,33,20,"1,817",20.2,0.38,0.15,0.53,0.38,0.53
EPL,2017-2018,277,Jake Livermore,eng ENG,MF,West Brom,27,1989,34,30,"2,674",29.7,0.07,0.07,0.14,0.07,0.14
EPL,2017-2018,278,Fernando Llorente,es ESP,"FW,DF",Tottenham,32,1985,16,1,238,2.6,0.42,0.12,0.54,0.42,0.54
EPL,2017-2018,279,Hugo Lloris,fr FRA,GK,Tottenham,30,1986,36,36,"3,240",36.0,0.00,0.00,0.00,0.00,0.00
EPL,2017-2018,280,Jürgen Locadia,nl NED,"FW,MF",Brighton,23,1993,6,3,224,2.5,0.40,0.05,0.45,0.40,0.45
EPL,2017-2018,281,Ruben Loftus-Cheek,eng ENG,"MF,FW",Crystal Palace,21,1996,24,21,"1,874",20.8,0.16,0.12,0.28,0.16,0.28
EPL,2017-2018,282,Joe Lolley,eng ENG,"MF,FW",Huddersfield,24,1992,6,2,221,2.5,0.06,0.02,0.08,0.06,0.08
EPL,2017-2018,283,Kevin Long,ie IRL,DF,Burnley,26,1990,16,16,"1,440",16.0,0.08,0.06,0.14,0.08,0.14
EPL,2017-2018,284,Shane Long,ie IRL,FW,Southampton,30,1987,30,15,"1,582",17.6,0.28,0.08,0.36,0.28,0.36
EPL,2017-2018,285,Ademola Lookman,eng ENG,"MF,FW",Everton,19,1997,7,1,159,1.8,0.07,0.41,0.48,0.07,0.48
EPL,2017-2018,286,Jonas Lössl,dk DEN,GK,Huddersfield,28,1989,38,38,"3,420",38.0,0.00,0.01,0.01,0.00,0.01
EPL,2017-2018,287,Dejan Lovren,hr CRO,DF,Liverpool,28,1989,29,24,"2,127",23.6,0.07,0.06,0.13,0.07,0.13
EPL,2017-2018,288,Chris Löwe,de GER,DF,Huddersfield,28,1989,23,19,"1,588",17.6,0.02,0.03,0.05,0.02,0.05
EPL,2017-2018,289,Matthew Lowton,eng ENG,DF,Burnley,28,1989,26,25,"2,295",25.5,0.01,0.06,0.07,0.01,0.07
EPL,2017-2018,290,David Luiz,br BRA,"DF,MF",Chelsea,30,1987,10,9,840,9.3,0.06,0.01,0.07,0.06,0.07
EPL,2017-2018,291,Romelu Lukaku,be BEL,FW,Manchester Utd,24,1993,34,33,"2,867",31.9,0.43,0.16,0.59,0.40,0.56
EPL,2017-2018,292,Dodi Lukebakio,be BEL,MF,Watford,19,1997,1,0,16,0.2,0.08,0.21,0.29,0.08,0.29
EPL,2017-2018,293,Levi Lumeka,eng ENG,FW,Crystal Palace,18,1998,1,0,26,0.3,0.37,0.00,0.37,0.37,0.37
EPL,2017-2018,294,Harry Maguire,eng ENG,DF,Leicester City,24,1993,38,38,"3,420",38.0,0.07,0.05,0.12,0.07,0.12
EPL,2017-2018,295,Riyad Mahrez,dz ALG,"MF,FW",Leicester City,26,1991,36,34,"2,950",32.8,0.16,0.24,0.40,0.16,0.40
EPL,2017-2018,296,Ainsley Maitland-Niles,eng ENG,"DF,MF",Arsenal,19,1997,15,8,914,10.2,0.02,0.07,0.09,0.02,0.09
EPL,2017-2018,297,Scott Malone,eng ENG,DF,Huddersfield,26,1991,22,12,"1,119",12.4,0.06,0.04,0.10,0.06,0.10
EPL,2017-2018,298,Sadio Mané,sn SEN,"FW,MF",Liverpool,25,1992,29,28,"2,190",24.3,0.44,0.20,0.64,0.44,0.64
EPL,2017-2018,299,Eliaquim Mangala,fr FRA,DF,Everton,26,1991,2,2,134,1.5,0.03,0.00,0.03,0.03,0.03
EPL,2017-2018,300,Eliaquim Mangala,fr FRA,DF,Manchester City,26,1991,9,4,488,5.4,0.04,0.05,0.09,0.04,0.09
EPL,2017-2018,Rk,Player,Nation,Pos,Squad,Age,Born,MP,Starts,Min,90s,xG,xA,xG+xA,npxG,npxG+xA
EPL,2017-2018,301,Javier Manquillo,es ESP,DF,Newcastle Utd,23,1994,21,20,"1,758",19.5,0.00,0.02,0.03,0.00,0.03
EPL,2017-2018,302,Solly March,eng ENG,"MF,FW",Brighton,23,1994,36,18,"1,851",20.6,0.06,0.08,0.14,0.06,0.14
EPL,2017-2018,303,Adrian Mariappa,jm JAM,DF,Watford,30,1986,28,24,"2,210",24.6,0.02,0.01,0.03,0.02,0.03
EPL,2017-2018,304,João Mário,pt POR,"MF,FW",West Ham,24,1993,13,12,"1,022",11.4,0.16,0.13,0.29,0.16,0.29
EPL,2017-2018,305,Anthony Martial,fr FRA,"FW,MF",Manchester Utd,21,1995,30,18,"1,582",17.6,0.38,0.29,0.67,0.34,0.63
EPL,2017-2018,306,Cuco Martina,cw CUW,DF,Everton,27,1989,21,20,"1,830",20.3,0.01,0.05,0.06,0.01,0.06
EPL,2017-2018,307,Bruno Martins Indi,nl NED,DF,Stoke City,25,1992,17,14,"1,243",13.8,0.03,0.01,0.04,0.03,0.04
EPL,2017-2018,308,Arthur Masuaku,cd COD,"MF,DF",West Ham,23,1993,27,21,"1,870",20.8,0.01,0.11,0.12,0.01,0.12
EPL,2017-2018,309,Juan Mata,es ESP,"FW,MF",Manchester Utd,29,1988,28,23,"1,922",21.4,0.14,0.21,0.35,0.14,0.35
EPL,2017-2018,310,Nemanja Matić,rs SRB,MF,Manchester Utd,28,1988,36,35,"3,118",34.6,0.02,0.05,0.07,0.02,0.07
EPL,2017-2018,311,Joël Matip,cm CMR,DF,Liverpool,25,1991,25,22,"1,997",22.2,0.10,0.02,0.12,0.10,0.12
EPL,2017-2018,312,Konstantinos Mavropanos,gr GRE,"DF,MF",Arsenal,19,1997,3,3,195,2.2,0.00,0.00,0.00,0.00,0.00
EPL,2017-2018,313,Alfie Mawson,eng ENG,DF,Swansea City,23,1994,38,38,"3,420",38.0,0.05,0.01,0.06,0.05,0.06
EPL,2017-2018,314,Eric Maxim Choupo-Moting,cm CMR,"FW,MF",Stoke City,28,1989,30,26,"2,314",25.7,0.21,0.13,0.34,0.21,0.34
EPL,2017-2018,315,Chancel Mbemba,cd COD,DF,Newcastle Utd,22,1994,9,7,672,7.5,0.00,0.05,0.05,0.00,0.05
EPL,2017-2018,316,James McArthur,sco SCO,"MF,FW",Crystal Palace,29,1987,33,27,"2,431",27.0,0.18,0.04,0.22,0.18,0.22
EPL,2017-2018,317,Gareth McAuley,nir NIR,DF,West Brom,37,1979,9,5,458,5.1,0.01,0.00,0.01,0.01,0.01
EPL,2017-2018,318,Oliver McBurnie,sco SCO,FW,Swansea City,21,1996,11,2,276,3.1,0.15,0.15,0.30,0.15,0.30
EPL,2017-2018,319,Alex McCarthy,eng ENG,GK,Southampton,27,1989,18,18,"1,620",18.0,0.00,0.00,0.00,0.00,0.00
EPL,2017-2018,320,James McCarthy,ie IRL,MF,Everton,26,1990,4,3,205,2.3,0.01,0.01,0.02,0.01,0.02
EPL,2017-2018,321,James McClean,ie IRL,"MF,FW",West Brom,28,1989,30,14,"1,406",15.6,0.10,0.05,0.15,0.10,0.15
EPL,2017-2018,322,Sam McQueen,eng ENG,"DF,FW",Southampton,22,1995,7,1,148,1.6,0.01,0.13,0.14,0.01,0.14
EPL,2017-2018,323,Scott McTominay,sco SCO,MF,Manchester Utd,20,1996,13,7,634,7.0,0.06,0.01,0.07,0.06,0.07
EPL,2017-2018,324,Ben Mee,eng ENG,DF,Burnley,27,1989,29,29,"2,610",29.0,0.06,0.01,0.07,0.06,0.07
EPL,2017-2018,325,Benjamin Mendy,fr FRA,DF,Manchester City,23,1994,7,4,363,4.0,0.05,0.12,0.18,0.05,0.18
EPL,2017-2018,Rk,Player,Nation,Pos,Squad,Age,Born,MP,Starts,Min,90s,xG,xA,xG+xA,npxG,npxG+xA
EPL,2017-2018,326,Mikel Merino,es ESP,MF,Newcastle Utd,21,1996,24,14,"1,347",15.0,0.04,0.04,0.08,0.04,0.08
EPL,2017-2018,327,Per Mertesacker,de GER,DF,Arsenal,32,1984,6,4,366,4.1,0.06,0.00,0.06,0.06,0.06
EPL,2017-2018,328,Roque Mesa,es ESP,MF,Swansea City,28,1989,11,9,754,8.4,0.02,0.03,0.05,0.02,0.05
EPL,2017-2018,329,Simon Mignolet,be BEL,GK,Liverpool,29,1988,19,19,"1,710",19.0,0.00,0.00,0.00,0.00,0.00
EPL,2017-2018,330,Luka Milivojević,rs SRB,MF,Crystal Palace,26,1991,36,35,"3,080",34.2,0.21,0.03,0.25,0.06,0.09
EPL,2017-2018,331,James Milner,eng ENG,MF,Liverpool,31,1986,32,16,"1,775",19.7,0.09,0.18,0.26,0.09,0.26
EPL,2017-2018,332,Tyrone Mings,eng ENG,DF,Bournemouth,24,1993,4,3,201,2.2,0.01,0.04,0.04,0.01,0.04
EPL,2017-2018,333,Kevin Mirallas,be BEL,"FW,MF",Everton,29,1987,5,2,138,1.5,0.10,0.04,0.14,0.10,0.14
EPL,2017-2018,334,Aleksandar Mitrović,rs SRB,FW,Newcastle Utd,22,1994,6,0,95,1.1,1.71,0.38,2.09,1.71,2.09
EPL,2017-2018,335,Henrikh Mkhitaryan,am ARM,"FW,MF",Arsenal,28,1989,11,9,794,8.8,0.20,0.27,0.47,0.20,0.47
EPL,2017-2018,336,Henrikh Mkhitaryan,am ARM,"MF,FW",Manchester Utd,28,1989,15,11,922,10.2,0.09,0.34,0.43,0.09,0.43
EPL,2017-2018,337,Nacho Monreal,es ESP,DF,Arsenal,31,1986,28,26,"2,243",24.9,0.07,0.05,0.12,0.07,0.12
EPL,2017-2018,338,Aaron Mooy,au AUS,MF,Huddersfield,26,1990,36,34,"3,067",34.1,0.07,0.11,0.19,0.05,0.16
EPL,2017-2018,339,Álvaro Morata,es ESP,FW,Chelsea,24,1992,31,24,"2,061",22.9,0.56,0.15,0.71,0.56,0.71
EPL,2017-2018,340,Alberto Moreno,es ESP,DF,Liverpool,25,1992,16,14,"1,266",14.1,0.04,0.06,0.09,0.04,0.09
EPL,2017-2018,341,Wes Morgan,jm JAM,DF,Leicester City,33,1984,32,32,"2,817",31.3,0.05,0.01,0.06,0.05,0.06
EPL,2017-2018,342,James Morrison,sco SCO,MF,West Brom,31,1986,4,2,207,2.3,0.29,0.04,0.33,0.29,0.33
EPL,2017-2018,343,Victor Moses,ng NGA,"DF,MF",Chelsea,26,1990,28,25,"2,110",23.4,0.14,0.12,0.25,0.14,0.25
EPL,2017-2018,344,Steve Mounié,bj BEN,FW,Huddersfield,22,1994,28,21,"1,855",20.6,0.26,0.05,0.30,0.26,0.30
EPL,2017-2018,345,Lucas Moura,br BRA,FW,Tottenham,24,1992,6,2,210,2.3,0.08,0.09,0.17,0.08,0.17
EPL,2017-2018,346,Lys Mousset,fr FRA,"FW,MF",Bournemouth,21,1996,23,4,596,6.6,0.18,0.06,0.23,0.18,0.23
EPL,2017-2018,347,Jacob Murphy,eng ENG,"FW,MF",Newcastle Utd,22,1995,25,13,"1,148",12.8,0.13,0.10,0.23,0.13,0.23
EPL,2017-2018,348,Jamie Murphy,sco SCO,MF,Brighton,27,1989,4,1,168,1.9,0.03,0.01,0.04,0.03,0.04
EPL,2017-2018,349,Glenn Murray,eng ENG,FW,Brighton,33,1983,35,25,"2,192",24.4,0.47,0.04,0.52,0.29,0.33
EPL,2017-2018,350,Charly Musonda Jr.,be BEL,FW,Chelsea,20,1996,3,0,37,0.4,0.51,1.22,1.72,0.51,1.72
EPL,2017-2018,Rk,Player,Nation,Pos,Squad,Age,Born,MP,Starts,Min,90s,xG,xA,xG+xA,npxG,npxG+xA
EPL,2017-2018,351,Shkodran Mustafi,de GER,DF,Arsenal,25,1992,27,25,"2,273",25.3,0.04,0.02,0.06,0.04,0.06
EPL,2017-2018,352,Boaz Myhill,wal WAL,GK,West Brom,34,1982,1,1,90,1.0,0.00,0.00,0.00,0.00,0.00
EPL,2017-2018,353,Georges-Kévin N'Koudou,fr FRA,MF,Tottenham,22,1995,1,0,1,0.0,,,,,
EPL,2017-2018,354,Georges-Kévin N'Koudou,fr FRA,MF,Burnley,22,1995,8,2,228,2.5,0.04,0.00,0.04,0.04,0.04
EPL,2017-2018,355,Luciano Narsingh,nl NED,"FW,MF",Swansea City,26,1990,18,5,625,6.9,0.18,0.15,0.33,0.18,0.33
EPL,2017-2018,356,Kyle Naughton,eng ENG,DF,Swansea City,28,1988,34,34,"3,030",33.7,0.01,0.01,0.02,0.01,0.02
EPL,2017-2018,357,Badou Ndiaye,sn SEN,MF,Stoke City,26,1990,13,13,"1,138",12.6,0.10,0.02,0.12,0.10,0.12
EPL,2017-2018,358,Wilfred Ndidi,ng NGA,MF,Leicester City,20,1996,33,33,"2,898",32.2,0.06,0.02,0.08,0.06,0.08
EPL,2017-2018,359,Reiss Nelson,eng ENG,"MF,FW",Arsenal,17,1999,3,2,145,1.6,0.07,0.02,0.09,0.07,0.09
EPL,2017-2018,360,Julien Ngoy,be BEL,"FW,MF",Stoke City,19,1997,1,0,20,0.2,0.00,0.00,0.00,0.00,0.00
EPL,2017-2018,361,Oumar Niasse,sn SEN,FW,Everton,27,1990,22,10,"1,087",12.1,0.55,0.16,0.71,0.55,0.71
EPL,2017-2018,362,Eddie Nketiah,eng ENG,"FW,MF",Arsenal,18,1999,3,0,20,0.2,0.24,0.00,0.24,0.24,0.24
EPL,2017-2018,363,Lukas Nmecha,de GER,FW,Manchester City,18,1998,2,0,16,0.2,0.00,0.00,0.00,0.00,0.00
EPL,2017-2018,364,Mark Noble,eng ENG,MF,West Ham,30,1987,29,28,"2,400",26.7,0.08,0.06,0.14,0.03,0.09
EPL,2017-2018,365,Allan Nyom,cm CMR,DF,West Brom,29,1988,29,25,"2,310",25.7,0.00,0.04,0.04,0.00,0.04
EPL,2017-2018,366,Aiden O'Neill,au AUS,MF,Burnley,19,1998,1,0,1,0.0,,,,,
EPL,2017-2018,367,Michael Obafemi,ie IRL,FW,Southampton,17,2000,1,0,9,0.1,2.58,0.00,2.58,2.58,2.58
EPL,2017-2018,368,Pedro Obiang,gq EQG,MF,West Ham,25,1992,21,18,"1,563",17.4,0.02,0.02,0.05,0.02,0.05
EPL,2017-2018,369,Angelo Ogbonna,it ITA,DF,West Ham,29,1988,32,32,"2,880",32.0,0.02,0.02,0.03,0.02,0.03
EPL,2017-2018,370,Stefano Okaka,it ITA,"FW,MF",Watford,27,1989,15,3,453,5.0,0.24,0.07,0.31,0.24,0.31
EPL,2017-2018,371,Shinji Okazaki,jp JPN,"MF,FW",Leicester City,31,1986,27,17,"1,324",14.7,0.40,0.13,0.53,0.40,0.53
EPL,2017-2018,372,Martin Olsson,se SWE,"DF,MF",Swansea City,29,1988,36,36,"3,149",35.0,0.02,0.03,0.05,0.02,0.05
EPL,2017-2018,373,Divock Origi,be BEL,FW,Liverpool,22,1995,1,0,10,0.1,0.00,0.00,0.00,0.00,0.00
EPL,2017-2018,374,David Ospina,co COL,GK,Arsenal,28,1988,5,4,381,4.2,0.00,0.00,0.00,0.00,0.00
EPL,2017-2018,375,Nicolás Otamendi,ar ARG,DF,Manchester City,29,1988,34,33,"2,967",33.0,0.09,0.01,0.10,0.09,0.10
EPL,2017-2018,Rk,Player,Nation,Pos,Squad,Age,Born,MP,Starts,Min,90s,xG,xA,xG+xA,npxG,npxG+xA
EPL,2017-2018,376,Reece Oxford,eng ENG,MF,West Ham,18,1998,1,0,5,0.1,0.00,0.00,0.00,0.00,0.00
EPL,2017-2018,377,Alex Oxlade-Chamberlain,eng ENG,"MF,DF",Arsenal,23,1993,3,3,241,2.7,0.09,0.17,0.26,0.09,0.26
EPL,2017-2018,378,Alex Oxlade-Chamberlain,eng ENG,"MF,FW",Liverpool,23,1993,32,14,"1,493",16.6,0.12,0.22,0.34,0.12,0.34
EPL,2017-2018,379,Mesut Özil,de GER,"MF,FW",Arsenal,28,1988,26,24,"2,163",24.0,0.17,0.29,0.47,0.17,0.47
EPL,2017-2018,380,Kasey Palmer,jm JAM,"MF,FW",Huddersfield,20,1996,4,1,170,1.9,0.04,0.01,0.05,0.04,0.05
EPL,2017-2018,381,Emerson Palmieri,it ITA,"DF,MF",Chelsea,22,1994,5,3,280,3.1,0.03,0.02,0.06,0.03,0.06
EPL,2017-2018,382,Pedro,es ESP,"FW,MF",Chelsea,30,1987,31,17,"1,523",16.9,0.25,0.09,0.34,0.25,0.34
EPL,2017-2018,383,Roberto Pereyra,ar ARG,"MF,FW",Watford,26,1991,32,18,"1,624",18.0,0.20,0.14,0.33,0.20,0.33
EPL,2017-2018,384,Ayoze Pérez,es ESP,"MF,FW",Newcastle Utd,24,1993,36,28,"2,492",27.7,0.24,0.12,0.35,0.24,0.35
EPL,2017-2018,385,Matt Phillips,sco SCO,"MF,FW",West Brom,26,1991,30,23,"2,093",23.3,0.09,0.18,0.28,0.09,0.28
EPL,2017-2018,386,Jordan Pickford,eng ENG,GK,Everton,23,1994,38,38,"3,420",38.0,0.00,0.00,0.00,0.00,0.00
EPL,2017-2018,387,Jérémy Pied,fr FRA,DF,Southampton,28,1989,2,2,180,2.0,0.03,0.20,0.23,0.03,0.23
EPL,2017-2018,388,Erik Pieters,nl NED,"DF,MF",Stoke City,28,1988,31,30,"2,718",30.2,0.00,0.04,0.04,0.00,0.04
EPL,2017-2018,389,Paul Pogba,fr FRA,MF,Manchester Utd,24,1993,27,25,"2,148",23.9,0.27,0.16,0.44,0.27,0.44
EPL,2017-2018,390,Nick Pope,eng ENG,GK,Burnley,25,1992,35,34,"3,115",34.6,0.00,0.02,0.02,0.00,0.02
EPL,2017-2018,391,Alex Pritchard,eng ENG,"MF,FW",Huddersfield,24,1993,14,12,998,11.1,0.15,0.23,0.38,0.15,0.38
EPL,2017-2018,392,Sebastian Prödl,at AUT,DF,Watford,30,1987,21,17,"1,570",17.4,0.04,0.01,0.05,0.04,0.05
EPL,2017-2018,393,Davy Pröpper,nl NED,MF,Brighton,25,1991,35,35,"3,119",34.7,0.06,0.03,0.09,0.06,0.09
EPL,2017-2018,394,Marc Pugh,eng ENG,"MF,FW",Bournemouth,30,1987,20,11,985,10.9,0.14,0.06,0.21,0.14,0.21
EPL,2017-2018,395,Jason Puncheon,eng ENG,"MF,FW",Crystal Palace,31,1986,10,6,645,7.2,0.09,0.05,0.14,0.09,0.14
EPL,2017-2018,396,Collin Quaner,de GER,"FW,MF",Huddersfield,26,1991,26,13,"1,280",14.2,0.10,0.17,0.26,0.10,0.26
EPL,2017-2018,397,Sandro Ramírez,es ESP,"FW,MF",Everton,22,1995,8,3,278,3.1,0.26,0.00,0.26,0.26,0.26
EPL,2017-2018,398,Aaron Ramsey,wal WAL,MF,Arsenal,26,1990,24,21,"1,846",20.5,0.25,0.23,0.47,0.25,0.47
EPL,2017-2018,399,Àngel Rangel,es ESP,DF,Swansea City,34,1982,4,2,156,1.7,0.00,0.05,0.05,0.00,0.05
EPL,2017-2018,400,Marcus Rashford,eng ENG,"FW,MF",Manchester Utd,19,1997,35,17,"1,813",20.1,0.22,0.23,0.45,0.22,0.45
EPL,2017-2018,Rk,Player,Nation,Pos,Squad,Age,Born,MP,Starts,Min,90s,xG,xA,xG+xA,npxG,npxG+xA
EPL,2017-2018,401,Nathan Redmond,eng ENG,"FW,MF",Southampton,23,1994,31,22,"1,945",21.6,0.11,0.17,0.27,0.11,0.27
EPL,2017-2018,402,Winston Reid,nz NZL,DF,West Ham,29,1988,17,17,"1,452",16.1,0.02,0.01,0.03,0.02,0.03
EPL,2017-2018,403,Declan Rice,eng ENG,"DF,MF",West Ham,18,1999,26,15,"1,430",15.9,0.01,0.00,0.01,0.01,0.01
EPL,2017-2018,404,Richarlison,br BRA,"FW,MF",Watford,20,1997,38,32,"2,823",31.4,0.32,0.10,0.43,0.32,0.43
EPL,2017-2018,405,Jaïro Riedewald,nl NED,"MF,DF",Crystal Palace,20,1996,12,4,442,4.9,0.01,0.02,0.03,0.01,0.03
EPL,2017-2018,406,Matt Ritchie,sco SCO,"MF,FW",Newcastle Utd,27,1989,35,32,"2,804",31.2,0.10,0.17,0.27,0.10,0.27
EPL,2017-2018,407,Connor Roberts,wal WAL,MF,Swansea City,21,1995,4,3,268,3.0,0.00,0.00,0.00,0.00,0.00
EPL,2017-2018,408,Andrew Robertson,sco SCO,DF,Liverpool,23,1994,22,22,"1,940",21.6,0.03,0.14,0.17,0.03,0.17
EPL,2017-2018,409,Hal Robson-Kanu,wal WAL,"FW,MF",West Brom,28,1989,21,8,827,9.2,0.25,0.07,0.32,0.25,0.32
EPL,2017-2018,410,Jay Rodriguez,eng ENG,"FW,MF",West Brom,28,1989,37,31,"2,812",31.2,0.26,0.04,0.29,0.23,0.27
EPL,2017-2018,411,Marcos Rojo,ar ARG,DF,Manchester Utd,27,1990,9,8,640,7.1,0.02,0.05,0.06,0.02,0.06
EPL,2017-2018,412,Sergio Romero,ar ARG,GK,Manchester Utd,30,1987,1,1,90,1.0,0.00,0.00,0.00,0.00,0.00
EPL,2017-2018,413,Oriol Romeu,es ESP,MF,Southampton,25,1991,34,34,"2,897",32.2,0.06,0.04,0.10,0.06,0.10
EPL,2017-2018,414,Salomón Rondón,ve VEN,FW,West Brom,27,1989,36,32,"2,767",30.7,0.22,0.05,0.28,0.22,0.28
EPL,2017-2018,415,Wayne Rooney,eng ENG,"MF,FW",Everton,31,1985,31,27,"2,268",25.2,0.34,0.10,0.44,0.15,0.25
EPL,2017-2018,416,Danny Rose,eng ENG,"DF,MF",Tottenham,27,1990,10,9,800,8.9,0.08,0.11,0.19,0.08,0.19
EPL,2017-2018,417,Liam Rosenior,eng ENG,DF,Brighton,33,1984,3,1,164,1.8,0.02,0.00,0.02,0.02,0.02
EPL,2017-2018,418,Wayne Routledge,eng ENG,"MF,FW",Swansea City,32,1985,15,4,429,4.8,0.08,0.21,0.29,0.08,0.29
EPL,2017-2018,419,Antonio Rüdiger,de GER,DF,Chelsea,24,1993,27,25,"2,338",26.0,0.07,0.02,0.09,0.07,0.09
EPL,2017-2018,420,Mathew Ryan,au AUS,GK,Brighton,25,1992,38,38,"3,420",38.0,0.00,0.00,0.00,0.00,0.00
EPL,2017-2018,421,Abdelhamid Sabiri,de GER,"MF,DF",Huddersfield,20,1996,5,2,220,2.4,0.08,0.09,0.17,0.08,0.17
EPL,2017-2018,422,Henri Saivet,sn SEN,MF,Newcastle Utd,26,1990,1,1,83,0.9,0.02,0.00,0.02,0.02,0.02
EPL,2017-2018,423,Diafra Sakho,sn SEN,"FW,MF",West Ham,27,1989,14,0,306,3.4,0.45,0.01,0.46,0.45,0.46
EPL,2017-2018,424,Mamadou Sakho,fr FRA,DF,Crystal Palace,27,1990,19,18,"1,600",17.8,0.08,0.06,0.15,0.08,0.15
EPL,2017-2018,425,Bakary Sako,ml MLI,"FW,MF",Crystal Palace,29,1988,16,4,478,5.3,0.34,0.16,0.50,0.34,0.50
EPL,2017-2018,Rk,Player,Nation,Pos,Squad,Age,Born,MP,Starts,Min,90s,xG,xA,xG+xA,npxG,npxG+xA
EPL,2017-2018,426,Mohamed Salah,eg EGY,"FW,MF",Liverpool,25,1992,36,34,"2,907",32.3,0.69,0.26,0.95,0.64,0.90
EPL,2017-2018,427,Renato Sanches,pt POR,MF,Swansea City,19,1997,12,9,702,7.8,0.06,0.05,0.12,0.06,0.12
EPL,2017-2018,428,Alexis Sánchez,cl CHI,"FW,MF",Arsenal,28,1988,19,17,"1,503",16.7,0.44,0.32,0.75,0.39,0.71
EPL,2017-2018,429,Alexis Sánchez,cl CHI,"FW,MF",Manchester Utd,28,1988,12,12,"1,043",11.6,0.32,0.17,0.48,0.23,0.40
EPL,2017-2018,430,Davinson Sánchez,co COL,DF,Tottenham,21,1996,31,29,"2,534",28.2,0.04,0.00,0.04,0.04,0.04
EPL,2017-2018,431,Leroy Sané,de GER,FW,Manchester City,21,1996,32,27,"2,419",26.9,0.17,0.29,0.46,0.17,0.46
EPL,2017-2018,432,Ezequiel Schelotto,it ITA,DF,Brighton,28,1989,20,15,"1,318",14.6,0.05,0.05,0.11,0.05,0.11
EPL,2017-2018,433,Christopher Schindler,de GER,DF,Huddersfield,27,1990,37,37,"3,265",36.3,0.02,0.05,0.07,0.02,0.07
EPL,2017-2018,434,Jeffrey Schlupp,gh GHA,"DF,MF",Crystal Palace,24,1992,24,21,"1,745",19.4,0.08,0.04,0.13,0.08,0.13
EPL,2017-2018,435,Kasper Schmeichel,dk DEN,GK,Leicester City,30,1986,33,33,"2,965",32.9,0.00,0.00,0.00,0.00,0.00
EPL,2017-2018,436,Morgan Schneiderlin,fr FRA,MF,Everton,27,1989,30,24,"2,130",23.7,0.00,0.01,0.02,0.00,0.02
EPL,2017-2018,437,Xherdan Shaqiri,ch SUI,"FW,MF",Stoke City,25,1991,36,36,"3,039",33.8,0.16,0.21,0.37,0.13,0.34
EPL,2017-2018,438,Luke Shaw,eng ENG,DF,Manchester Utd,22,1995,11,8,790,8.8,0.04,0.04,0.08,0.04,0.08
EPL,2017-2018,439,Ryan Shawcross,eng ENG,DF,Stoke City,29,1987,27,27,"2,371",26.3,0.11,0.00,0.11,0.11,0.11
EPL,2017-2018,440,Jonjo Shelvey,eng ENG,MF,Newcastle Utd,25,1992,30,25,"2,270",25.2,0.08,0.09,0.17,0.08,0.17
EPL,2017-2018,441,Gylfi Sigurðsson,is ISL,"MF,FW",Everton,27,1989,27,25,"2,259",25.1,0.12,0.16,0.28,0.12,0.28
EPL,2017-2018,442,Adrien Silva,pt POR,"MF,FW",Leicester City,28,1989,12,9,761,8.5,0.03,0.09,0.12,0.03,0.12
EPL,2017-2018,443,Bernardo Silva,pt POR,"FW,MF",Manchester City,22,1994,35,15,"1,533",17.0,0.22,0.10,0.32,0.19,0.28
EPL,2017-2018,444,David Silva,es ESP,MF,Manchester City,31,1986,29,28,"2,430",27.0,0.24,0.26,0.51,0.24,0.51
EPL,2017-2018,445,Danny Simpson,eng ENG,DF,Leicester City,30,1987,28,27,"2,306",25.6,0.01,0.01,0.02,0.01,0.02
EPL,2017-2018,446,Jack Simpson,eng ENG,DF,Bournemouth,20,1996,1,1,71,0.8,0.00,0.00,0.00,0.00,0.00
EPL,2017-2018,447,Josh Sims,eng ENG,"FW,MF",Southampton,20,1997,6,1,163,1.8,0.61,0.06,0.68,0.61,0.68
EPL,2017-2018,448,Jerome Sinclair,eng ENG,"MF,FW",Watford,20,1996,4,0,31,0.3,0.00,0.14,0.14,0.00,0.14
EPL,2017-2018,449,Moussa Sissoko,fr FRA,"MF,FW",Tottenham,27,1989,32,15,"1,386",15.4,0.21,0.15,0.36,0.21,0.36
EPL,2017-2018,450,Islam Slimani,dz ALG,FW,Leicester City,29,1988,12,2,249,2.8,0.42,0.03,0.45,0.42,0.45
EPL,2017-2018,Rk,Player,Nation,Pos,Squad,Age,Born,MP,Starts,Min,90s,xG,xA,xG+xA,npxG,npxG+xA
EPL,2017-2018,451,Islam Slimani,dz ALG,FW,Newcastle Utd,29,1988,4,1,132,1.5,0.00,0.26,0.26,0.00,0.26
EPL,2017-2018,452,Chris Smalling,eng ENG,DF,Manchester Utd,27,1989,29,28,"2,536",28.2,0.11,0.02,0.13,0.11,0.13
EPL,2017-2018,453,Adam Smith,eng ENG,"DF,MF",Bournemouth,26,1991,27,22,"2,071",23.0,0.02,0.06,0.08,0.02,0.08
EPL,2017-2018,454,Tommy Smith,eng ENG,DF,Huddersfield,25,1992,24,21,"1,904",21.2,0.01,0.08,0.09,0.01,0.09
EPL,2017-2018,455,Cédric Soares,pt POR,DF,Southampton,25,1991,32,32,"2,794",31.0,0.02,0.10,0.12,0.02,0.12
EPL,2017-2018,456,Ramadan Sobhi,eg EGY,"MF,FW",Stoke City,20,1997,24,12,"1,238",13.8,0.13,0.09,0.22,0.13,0.22
EPL,2017-2018,457,Dominic Solanke,eng ENG,FW,Liverpool,19,1997,21,5,596,6.6,0.44,0.30,0.74,0.44,0.74
EPL,2017-2018,458,Pape Souaré,sn SEN,DF,Crystal Palace,27,1990,1,0,9,0.1,0.00,0.00,0.00,0.00,0.00
EPL,2017-2018,459,Julián Speroni,ar ARG,GK,Crystal Palace,38,1979,11,11,990,11.0,0.00,0.00,0.00,0.00,0.00
EPL,2017-2018,460,Kostas Stafylidis,gr GRE,"DF,MF",Stoke City,23,1993,5,4,335,3.7,0.02,0.01,0.03,0.02,0.03
EPL,2017-2018,461,Junior Stanislas,eng ENG,"MF,FW",Bournemouth,27,1989,19,17,"1,286",14.3,0.25,0.15,0.40,0.19,0.34
EPL,2017-2018,462,Dale Stephens,eng ENG,MF,Brighton,28,1989,36,36,"3,240",36.0,0.03,0.06,0.08,0.03,0.08
EPL,2017-2018,463,Jack Stephens,eng ENG,DF,Southampton,23,1994,22,22,"1,980",22.0,0.07,0.00,0.07,0.07,0.07
EPL,2017-2018,464,Raheem Sterling,eng ENG,FW,Manchester City,22,1994,33,29,"2,587",28.7,0.60,0.22,0.82,0.57,0.79
EPL,2017-2018,465,John Stones,eng ENG,DF,Manchester City,23,1994,18,16,"1,302",14.5,0.09,0.00,0.09,0.09,0.09
EPL,2017-2018,466,Daniel Sturridge,eng ENG,FW,Liverpool,27,1989,9,5,431,4.8,0.51,0.20,0.71,0.51,0.71
EPL,2017-2018,467,Daniel Sturridge,eng ENG,FW,West Brom,27,1989,6,2,118,1.3,0.49,0.03,0.53,0.49,0.53
EPL,2017-2018,468,Ki Sung-yueng,kr KOR,MF,Swansea City,28,1989,25,21,"1,868",20.8,0.04,0.08,0.12,0.04,0.12
EPL,2017-2018,469,Andrew Surman,eng ENG,MF,Bournemouth,30,1986,25,20,"1,856",20.6,0.05,0.07,0.13,0.05,0.13
EPL,2017-2018,470,Markus Suttner,at AUT,DF,Brighton,30,1987,14,13,"1,179",13.1,0.01,0.04,0.04,0.01,0.04
EPL,2017-2018,471,Lasse Sørensen,dk DEN,MF,Stoke City,17,1999,1,1,75,0.8,0.00,0.28,0.28,0.00,0.28
EPL,2017-2018,472,Alexander Sørloth,no NOR,FW,Crystal Palace,21,1995,4,4,360,4.0,0.10,0.12,0.22,0.10,0.22
EPL,2017-2018,473,Dušan Tadić,rs SRB,"MF,FW",Southampton,28,1988,36,34,"2,791",31.0,0.14,0.21,0.36,0.12,0.33
EPL,2017-2018,474,Matt Targett,eng ENG,DF,Southampton,21,1995,2,2,166,1.8,0.00,0.11,0.11,0.00,0.11
EPL,2017-2018,475,James Tarkowski,eng ENG,DF,Burnley,24,1992,31,31,"2,790",31.0,0.03,0.03,0.06,0.03,0.06
EPL,2017-2018,Rk,Player,Nation,Pos,Squad,Age,Born,MP,Starts,Min,90s,xG,xA,xG+xA,npxG,npxG+xA
EPL,2017-2018,476,Charlie Taylor,eng ENG,DF,Burnley,23,1993,11,10,950,10.6,0.00,0.02,0.02,0.00,0.02
EPL,2017-2018,477,James Tomkins,eng ENG,DF,Crystal Palace,28,1989,28,27,"2,387",26.5,0.08,0.01,0.09,0.08,0.09
EPL,2017-2018,478,Cenk Tosun,tr TUR,FW,Everton,26,1991,14,12,986,11.0,0.22,0.11,0.33,0.22,0.33
EPL,2017-2018,479,Yaya Touré,ci CIV,MF,Manchester City,34,1983,10,1,236,2.6,0.11,0.29,0.40,0.11,0.40
EPL,2017-2018,480,Andros Townsend,eng ENG,"FW,MF",Crystal Palace,26,1991,36,35,"3,120",34.7,0.09,0.18,0.27,0.09,0.27
EPL,2017-2018,481,Kieran Trippier,eng ENG,"DF,MF",Tottenham,26,1990,24,21,"1,914",21.3,0.01,0.15,0.16,0.01,0.16
EPL,2017-2018,482,Axel Tuanzebe,eng ENG,FW,Manchester Utd,19,1997,1,0,1,0.0,0.00,0.00,0.00,0.00,0.00
EPL,2017-2018,483,Josh Tymon,eng ENG,DF,Stoke City,18,1999,3,2,163,1.8,0.00,0.00,0.00,0.00,0.00
EPL,2017-2018,484,Leonardo Ulloa,ar ARG,FW,Leicester City,31,1986,4,0,22,0.2,0.11,0.00,0.11,0.11,0.11
EPL,2017-2018,485,Leonardo Ulloa,ar ARG,FW,Brighton,31,1986,10,2,267,3.0,0.15,0.09,0.23,0.15,0.23
EPL,2017-2018,486,Antonio Valencia,ec ECU,DF,Manchester Utd,31,1985,31,31,"2,740",30.4,0.02,0.06,0.07,0.02,0.07
EPL,2017-2018,487,Jamie Vardy,eng ENG,FW,Leicester City,30,1987,37,37,"3,247",36.1,0.43,0.07,0.51,0.31,0.38
EPL,2017-2018,488,Jan Vertonghen,be BEL,DF,Tottenham,30,1987,36,36,"3,203",35.6,0.03,0.03,0.05,0.03,0.05
EPL,2017-2018,489,Nikola Vlašić,hr CRO,"FW,MF",Everton,19,1997,12,7,576,6.4,0.07,0.10,0.16,0.07,0.16
EPL,2017-2018,490,Sam Vokes,wal WAL,FW,Burnley,27,1989,30,7,998,11.1,0.30,0.06,0.36,0.30,0.36
EPL,2017-2018,491,Michel Vorm,nl NED,GK,Tottenham,33,1983,1,1,90,1.0,0.00,0.00,0.00,0.00,0.00
EPL,2017-2018,492,Molla Wagué,ml MLI,DF,Watford,26,1991,6,5,438,4.9,0.17,0.00,0.17,0.17,0.17
EPL,2017-2018,493,Theo Walcott,eng ENG,"FW,MF",Everton,28,1989,14,13,"1,152",12.8,0.23,0.12,0.36,0.23,0.36
EPL,2017-2018,494,Theo Walcott,eng ENG,"MF,FW",Arsenal,28,1989,6,0,69,0.8,0.00,0.00,0.00,0.00,0.00
EPL,2017-2018,495,Kyle Walker,eng ENG,DF,Manchester City,27,1990,32,32,"2,785",30.9,0.03,0.15,0.18,0.03,0.18
EPL,2017-2018,496,Kyle Walker-Peters,eng ENG,DF,Tottenham,20,1997,3,2,189,2.1,0.00,0.71,0.71,0.00,0.71
EPL,2017-2018,497,Jonathan Walters,ie IRL,FW,Burnley,33,1983,3,0,39,0.4,0.38,0.00,0.38,0.38,0.38
EPL,2017-2018,498,Aaron Wan-Bissaka,eng ENG,DF,Crystal Palace,19,1997,7,7,627,7.0,0.00,0.06,0.06,0.00,0.06
EPL,2017-2018,499,Victor Wanyama,ke KEN,MF,Tottenham,26,1991,18,8,846,9.4,0.05,0.01,0.06,0.05,0.06
EPL,2017-2018,500,Joel Ward,eng ENG,DF,Crystal Palace,27,1989,19,19,"1,613",17.9,0.02,0.06,0.08,0.02,0.08
EPL,2017-2018,Rk,Player,Nation,Pos,Squad,Age,Born,MP,Starts,Min,90s,xG,xA,xG+xA,npxG,npxG+xA
EPL,2017-2018,501,Stephen Ward,ie IRL,DF,Burnley,31,1985,28,28,"2,460",27.3,0.01,0.08,0.09,0.01,0.09
EPL,2017-2018,502,James Ward-Prowse,eng ENG,"FW,MF",Southampton,22,1994,30,20,"1,716",19.1,0.11,0.15,0.26,0.11,0.26
EPL,2017-2018,503,Ben Watson,eng ENG,MF,Watford,32,1985,8,6,456,5.1,0.00,0.03,0.03,0.00,0.03
EPL,2017-2018,504,Danny Welbeck,eng ENG,"FW,MF",Arsenal,26,1990,28,12,"1,194",13.3,0.33,0.08,0.42,0.33,0.42
EPL,2017-2018,505,Nahki Wells,bm BER,FW,Burnley,27,1990,9,0,55,0.6,0.74,0.00,0.74,0.74,0.74
EPL,2017-2018,506,Ashley Westwood,eng ENG,MF,Burnley,27,1990,19,12,"1,111",12.3,0.06,0.05,0.11,0.06,0.11
EPL,2017-2018,507,Dean Whitehead,eng ENG,MF,Huddersfield,35,1982,4,0,71,0.8,0.00,0.00,0.00,0.00,0.00
EPL,2017-2018,508,Georginio Wijnaldum,nl NED,MF,Liverpool,26,1990,33,27,"2,387",26.5,0.09,0.05,0.14,0.09,0.14
EPL,2017-2018,509,Ashley Williams,wal WAL,DF,Everton,32,1984,24,20,"1,834",20.4,0.04,0.00,0.04,0.04,0.04
EPL,2017-2018,510,Danny Williams,us USA,MF,Huddersfield,28,1989,20,11,"1,124",12.5,0.03,0.04,0.07,0.03,0.07
EPL,2017-2018,511,Willian,br BRA,"FW,MF",Chelsea,28,1988,36,20,"1,890",21.0,0.23,0.25,0.48,0.20,0.45
EPL,2017-2018,512,Joe Willock,eng ENG,MF,Arsenal,17,1999,2,1,82,0.9,0.22,0.00,0.22,0.22,0.22
EPL,2017-2018,513,Jack Wilshere,eng ENG,MF,Arsenal,25,1992,20,12,"1,193",13.3,0.08,0.17,0.25,0.08,0.25
EPL,2017-2018,514,Callum Wilson,eng ENG,FW,Bournemouth,25,1992,28,23,"1,981",22.0,0.34,0.08,0.42,0.34,0.42
EPL,2017-2018,515,Kevin Wimmer,at AUT,DF,Stoke City,24,1992,17,14,"1,323",14.7,0.00,0.01,0.01,0.00,0.01
EPL,2017-2018,516,Harry Winks,eng ENG,MF,Tottenham,21,1996,16,9,774,8.6,0.01,0.06,0.07,0.01,0.07
EPL,2017-2018,517,Chris Wood,nz NZL,FW,Burnley,25,1991,24,20,"1,624",18.0,0.38,0.04,0.42,0.38,0.42
EPL,2017-2018,518,Ben Woodburn,wal WAL,MF,Liverpool,17,1999,1,0,7,0.1,0.00,0.00,0.00,0.00,0.00
EPL,2017-2018,519,Granit Xhaka,ch SUI,MF,Arsenal,24,1992,38,37,"3,260",36.2,0.06,0.11,0.16,0.06,0.16
EPL,2017-2018,520,Claudio Yacob,ar ARG,MF,West Brom,30,1987,16,9,903,10.0,0.03,0.00,0.04,0.03,0.04
EPL,2017-2018,521,DeAndre Yedlin,us USA,DF,Newcastle Utd,24,1993,34,31,"2,845",31.6,0.01,0.06,0.06,0.01,0.06
EPL,2017-2018,522,Maya Yoshida,jp JPN,DF,Southampton,28,1988,24,23,"2,051",22.8,0.08,0.02,0.10,0.08,0.10
EPL,2017-2018,523,Ashley Young,eng ENG,DF,Manchester Utd,32,1985,30,28,"2,442",27.1,0.03,0.11,0.14,0.03,0.14
EPL,2017-2018,524,Pablo Zabaleta,ar ARG,"DF,MF",West Ham,32,1985,37,37,"3,289",36.5,0.01,0.03,0.05,0.01,0.05
EPL,2017-2018,525,Wilfried Zaha,ci CIV,FW,Crystal Palace,24,1992,29,28,"2,549",28.3,0.34,0.17,0.51,0.32,0.48
EPL,2017-2018,Rk,Player,Nation,Pos,Squad,Age,Born,MP,Starts,Min,90s,xG,xA,xG+xA,npxG,npxG+xA
EPL,2017-2018,526,Davide Zappacosta,it ITA,"DF,MF",Chelsea,25,1992,22,12,"1,098",12.2,0.12,0.14,0.27,0.12,0.27
EPL,2017-2018,527,Marvin Zeegelaar,nl NED,"DF,MF",Watford,26,1990,12,12,994,11.0,0.00,0.05,0.05,0.00,0.05
EPL,2017-2018,528,Oleksandr Zinchenko,ua UKR,DF,Manchester City,20,1996,8,6,532,5.9,0.01,0.06,0.07,0.01,0.07
EPL,2017-2018,529,Kurt Zouma,fr FRA,DF,Stoke City,22,1994,34,32,"2,888",32.1,0.03,0.03,0.06,0.03,0.06
