League,Season,Rk,Player,Nation,Pos,Squad,Age,Born,Matches
EPL,2019-2020,1,Patrick van Aanholt,nl NED,DF,Crystal Palace,28,1990,https://fbref.com/en/players/5f09991f/matchlogs/2019-2020/summary/Patrick-van-Aanholt-Match-Logs
EPL,2019-2020,2,Max Aarons,eng ENG,DF,Norwich City,19,2000,https://fbref.com/en/players/774cf58b/matchlogs/2019-2020/summary/Max-Aarons-Match-Logs
EPL,2019-2020,3,Tammy Abraham,eng ENG,FW,Chelsea,21,1997,https://fbref.com/en/players/f586779e/matchlogs/2019-2020/summary/Tammy-Abraham-Match-Logs
EPL,2019-2020,4,Che Adams,sco SCO,FW,Southampton,23,1996,https://fbref.com/en/players/f2bf1b0f/matchlogs/2019-2020/summary/Che-Adams-Match-Logs
EPL,2019-2020,5,Adrián,es ESP,GK,Liverpool,32,1987,https://fbref.com/en/players/f76e6b4e/matchlogs/2019-2020/summary/Adrian-Match-Logs
EPL,2019-2020,6,Sergio Agüero,ar ARG,FW,Manchester City,31,1988,https://fbref.com/en/players/4d034881/matchlogs/2019-2020/summary/Sergio-Aguero-Match-Logs
EPL,2019-2020,7,Albian Ajeti,ch SUI,"MF,FW",West Ham,22,1997,https://fbref.com/en/players/2b1c4abd/matchlogs/2019-2020/summary/Albian-Ajeti-Match-Logs
EPL,2019-2020,8,Nathan Aké,nl NED,DF,Bournemouth,24,1995,https://fbref.com/en/players/eaeca114/matchlogs/2019-2020/summary/Nathan-Ake-Match-Logs
EPL,2019-2020,9,Marc Albrighton,eng ENG,"MF,DF",Leicester City,29,1989,https://fbref.com/en/players/b827d5b3/matchlogs/2019-2020/summary/Marc-Albrighton-Match-Logs
EPL,2019-2020,10,Toby Alderweireld,be BEL,DF,Tottenham,30,1989,https://fbref.com/en/players/f7d50789/matchlogs/2019-2020/summary/Toby-Alderweireld-Match-Logs
EPL,2019-2020,11,Trent Alexander-Arnold,eng ENG,DF,Liverpool,20,1998,https://fbref.com/en/players/cd1acf9d/matchlogs/2019-2020/summary/Trent-Alexander-Arnold-Match-Logs
EPL,2019-2020,12,Alisson,br BRA,GK,Liverpool,26,1992,https://fbref.com/en/players/7a2e46a8/matchlogs/2019-2020/summary/Alisson-Match-Logs
EPL,2019-2020,13,Dele Alli,eng ENG,"MF,FW",Tottenham,23,1996,https://fbref.com/en/players/cea4ee8f/matchlogs/2019-2020/summary/Dele-Alli-Match-Logs
EPL,2019-2020,14,Miguel Almirón,py PAR,"MF,FW",Newcastle Utd,25,1994,https://fbref.com/en/players/862a1c15/matchlogs/2019-2020/summary/Miguel-Almiron-Match-Logs
EPL,2019-2020,15,Marcos Alonso,es ESP,DF,Chelsea,28,1990,https://fbref.com/en/players/f4290206/matchlogs/2019-2020/summary/Marcos-Alonso-Match-Logs
EPL,2019-2020,16,Steven Alzate,co COL,"MF,DF",Brighton,20,1998,https://fbref.com/en/players/ad1f61f3/matchlogs/2019-2020/summary/Steven-Alzate-Match-Logs
EPL,2019-2020,17,Ibrahim Amadou,fr FRA,"DF,MF",Norwich City,26,1993,https://fbref.com/en/players/9260926b/matchlogs/2019-2020/summary/Ibrahim-Amadou-Match-Logs
EPL,2019-2020,18,Felipe Anderson,br BRA,"MF,FW",West Ham,26,1993,https://fbref.com/en/players/9f1893b9/matchlogs/2019-2020/summary/Felipe-Anderson-Match-Logs
EPL,2019-2020,19,Florin Andone,ro ROU,"MF,FW",Brighton,26,1993,https://fbref.com/en/players/dc008610/matchlogs/2019-2020/summary/Florin-Andone-Match-Logs
EPL,2019-2020,20,Angeliño,es ESP,DF,Manchester City,22,1997,https://fbref.com/en/players/30941e96/matchlogs/2019-2020/summary/Angelino-Match-Logs
EPL,2019-2020,21,Faustino Anjorin,eng ENG,FW,Chelsea,17,2001,https://fbref.com/en/players/b105919e/matchlogs/2019-2020/summary/Faustino-Anjorin-Match-Logs
EPL,2019-2020,22,Michail Antonio,eng ENG,FW,West Ham,29,1990,https://fbref.com/en/players/ac05f970/matchlogs/2019-2020/summary/Michail-Antonio-Match-Logs
EPL,2019-2020,23,Stuart Armstrong,sco SCO,MF,Southampton,27,1992,https://fbref.com/en/players/97333cf5/matchlogs/2019-2020/summary/Stuart-Armstrong-Match-Logs
EPL,2019-2020,24,Kepa Arrizabalaga,es ESP,GK,Chelsea,24,1994,https://fbref.com/en/players/28d596a0/matchlogs/2019-2020/summary/Kepa-Arrizabalaga-Match-Logs
EPL,2019-2020,25,Christian Atsu,gh GHA,"FW,MF",Newcastle Utd,27,1992,https://fbref.com/en/players/8816329f/matchlogs/2019-2020/summary/Christian-Atsu-Match-Logs
EPL,2019-2020,Rk,Player,Nation,Pos,Squad,Age,Born,Matches
EPL,2019-2020,26,Pierre-Emerick Aubameyang,ga GAB,FW,Arsenal,30,1989,https://fbref.com/en/players/d5dd5f1f/matchlogs/2019-2020/summary/Pierre-Emerick-Aubameyang-Match-Logs
EPL,2019-2020,27,Serge Aurier,ci CIV,DF,Tottenham,26,1992,https://fbref.com/en/players/5c2b4f07/matchlogs/2019-2020/summary/Serge-Aurier-Match-Logs
EPL,2019-2020,28,Jordan Ayew,gh GHA,"FW,MF",Crystal Palace,27,1991,https://fbref.com/en/players/da052c14/matchlogs/2019-2020/summary/Jordan-Ayew-Match-Logs
EPL,2019-2020,29,César Azpilicueta,es ESP,DF,Chelsea,29,1989,https://fbref.com/en/players/53cad200/matchlogs/2019-2020/summary/Cesar-Azpilicueta-Match-Logs
EPL,2019-2020,30,Eric Bailly,ci CIV,DF,Manchester Utd,25,1994,https://fbref.com/en/players/a1232f4e/matchlogs/2019-2020/summary/Eric-Bailly-Match-Logs
EPL,2019-2020,31,Leighton Baines,eng ENG,DF,Everton,34,1984,https://fbref.com/en/players/b18095b6/matchlogs/2019-2020/summary/Leighton-Baines-Match-Logs
EPL,2019-2020,32,Fabián Balbuena,py PAR,DF,West Ham,27,1991,https://fbref.com/en/players/3626f7d9/matchlogs/2019-2020/summary/Fabian-Balbuena-Match-Logs
EPL,2019-2020,33,George Baldock,eng ENG,DF,Sheffield Utd,26,1993,https://fbref.com/en/players/394854c4/matchlogs/2019-2020/summary/George-Baldock-Match-Logs
EPL,2019-2020,34,Phil Bardsley,sco SCO,DF,Burnley,34,1985,https://fbref.com/en/players/1ae30132/matchlogs/2019-2020/summary/Phil-Bardsley-Match-Logs
EPL,2019-2020,35,Ross Barkley,eng ENG,MF,Chelsea,25,1993,https://fbref.com/en/players/3a24769f/matchlogs/2019-2020/summary/Ross-Barkley-Match-Logs
EPL,2019-2020,36,Ashley Barnes,eng ENG,FW,Burnley,29,1989,https://fbref.com/en/players/2691c772/matchlogs/2019-2020/summary/Ashley-Barnes-Match-Logs
EPL,2019-2020,37,Harvey Barnes,eng ENG,"MF,FW",Leicester City,21,1997,https://fbref.com/en/players/3ea50f67/matchlogs/2019-2020/summary/Harvey-Barnes-Match-Logs
EPL,2019-2020,38,Chris Basham,eng ENG,DF,Sheffield Utd,31,1988,https://fbref.com/en/players/1aa84968/matchlogs/2019-2020/summary/Chris-Basham-Match-Logs
EPL,2019-2020,39,Borja Bastón,es ESP,"MF,FW",Aston Villa,26,1992,https://fbref.com/en/players/8c44e37b/matchlogs/2019-2020/summary/Borja-Baston-Match-Logs
EPL,2019-2020,40,Michy Batshuayi,be BEL,FW,Chelsea,25,1993,https://fbref.com/en/players/2973d8ff/matchlogs/2019-2020/summary/Michy-Batshuayi-Match-Logs
EPL,2019-2020,41,Jan Bednarek,pl POL,DF,Southampton,23,1996,https://fbref.com/en/players/4115ce4e/matchlogs/2019-2020/summary/Jan-Bednarek-Match-Logs
EPL,2019-2020,42,Héctor Bellerín,es ESP,DF,Arsenal,24,1995,https://fbref.com/en/players/f874dd44/matchlogs/2019-2020/summary/Hector-Bellerin-Match-Logs
EPL,2019-2020,43,Ryan Bennett,eng ENG,DF,Wolves,29,1990,https://fbref.com/en/players/0bad4516/matchlogs/2019-2020/summary/Ryan-Bennett-Match-Logs
EPL,2019-2020,44,Ryan Bennett,eng ENG,DF,Leicester City,29,1990,https://fbref.com/en/players/0bad4516/matchlogs/2019-2020/summary/Ryan-Bennett-Match-Logs
EPL,2019-2020,45,Nabil Bentaleb,dz ALG,MF,Newcastle Utd,24,1994,https://fbref.com/en/players/3189f61a/matchlogs/2019-2020/summary/Nabil-Bentaleb-Match-Logs
EPL,2019-2020,46,Christian Benteke,be BEL,FW,Crystal Palace,28,1990,https://fbref.com/en/players/ab070c55/matchlogs/2019-2020/summary/Christian-Benteke-Match-Logs
EPL,2019-2020,47,Jóhann Berg Guðmundsson,is ISL,MF,Burnley,28,1990,https://fbref.com/en/players/f72293fc/matchlogs/2019-2020/summary/Johann-Berg-Gudmundsson-Match-Logs
EPL,2019-2020,48,Sander Berge,no NOR,MF,Sheffield Utd,21,1998,https://fbref.com/en/players/d0b6129f/matchlogs/2019-2020/summary/Sander-Berge-Match-Logs
EPL,2019-2020,49,Steven Bergwijn,nl NED,"FW,MF",Tottenham,21,1997,https://fbref.com/en/players/a29b1131/matchlogs/2019-2020/summary/Steven-Bergwijn-Match-Logs
EPL,2019-2020,50,Bernard,br BRA,"MF,FW",Everton,26,1992,https://fbref.com/en/players/ab4b3e35/matchlogs/2019-2020/summary/Bernard-Match-Logs
EPL,2019-2020,Rk,Player,Nation,Pos,Squad,Age,Born,Matches
EPL,2019-2020,51,Bernardo,br BRA,DF,Brighton,24,1995,https://fbref.com/en/players/17370b95/matchlogs/2019-2020/summary/Bernardo-Match-Logs
EPL,2019-2020,52,Ryan Bertrand,eng ENG,DF,Southampton,29,1989,https://fbref.com/en/players/01226327/matchlogs/2019-2020/summary/Ryan-Bertrand-Match-Logs
EPL,2019-2020,53,Muhamed Bešić,ba BIH,MF,Sheffield Utd,26,1992,https://fbref.com/en/players/7ca9f0f0/matchlogs/2019-2020/summary/Muhamed-Besic-Match-Logs
EPL,2019-2020,54,Philip Billing,dk DEN,MF,Bournemouth,23,1996,https://fbref.com/en/players/d328a254/matchlogs/2019-2020/summary/Philip-Billing-Match-Logs
EPL,2019-2020,55,Yves Bissouma,ml MLI,MF,Brighton,22,1996,https://fbref.com/en/players/6c203af0/matchlogs/2019-2020/summary/Yves-Bissouma-Match-Logs
EPL,2019-2020,56,Willy Boly,ci CIV,DF,Wolves,28,1991,https://fbref.com/en/players/a4ac4b8f/matchlogs/2019-2020/summary/Willy-Boly-Match-Logs
EPL,2019-2020,57,Gaëtan Bong,cm CMR,"MF,DF",Brighton,31,1988,https://fbref.com/en/players/cfd5e123/matchlogs/2019-2020/summary/Gaetan-Bong-Match-Logs
EPL,2019-2020,58,Sofiane Boufal,ma MAR,"MF,FW",Southampton,25,1993,https://fbref.com/en/players/b0c71810/matchlogs/2019-2020/summary/Sofiane-Boufal-Match-Logs
EPL,2019-2020,59,Jarrod Bowen,eng ENG,FW,West Ham,22,1996,https://fbref.com/en/players/79c84d1c/matchlogs/2019-2020/summary/Jarrod-Bowen-Match-Logs
EPL,2019-2020,60,Robbie Brady,ie IRL,MF,Burnley,27,1992,https://fbref.com/en/players/96bb8cc2/matchlogs/2019-2020/summary/Robbie-Brady-Match-Logs
EPL,2019-2020,61,Jarrad Branthwaite,eng ENG,DF,Everton,17,2002,https://fbref.com/en/players/c1949191/matchlogs/2019-2020/summary/Jarrad-Branthwaite-Match-Logs
EPL,2019-2020,62,Claudio Bravo,cl CHI,GK,Manchester City,36,1983,https://fbref.com/en/players/10072610/matchlogs/2019-2020/summary/Claudio-Bravo-Match-Logs
EPL,2019-2020,63,Armando Broja,al ALB,FW,Chelsea,17,2001,https://fbref.com/en/players/97220da2/matchlogs/2019-2020/summary/Armando-Broja-Match-Logs
EPL,2019-2020,64,David Brooks,wal WAL,MF,Bournemouth,22,1997,https://fbref.com/en/players/dc4cae05/matchlogs/2019-2020/summary/David-Brooks-Match-Logs
EPL,2019-2020,65,Josh Brownhill,eng ENG,MF,Burnley,23,1995,https://fbref.com/en/players/47369df8/matchlogs/2019-2020/summary/Josh-Brownhill-Match-Logs
EPL,2019-2020,66,Emi Buendía,ar ARG,"FW,MF",Norwich City,22,1996,https://fbref.com/en/players/66b76d44/matchlogs/2019-2020/summary/Emi-Buendia-Match-Logs
EPL,2019-2020,67,Dan Burn,eng ENG,DF,Brighton,27,1992,https://fbref.com/en/players/b2d31e83/matchlogs/2019-2020/summary/Dan-Burn-Match-Logs
EPL,2019-2020,68,Sam Byram,eng ENG,DF,Norwich City,25,1993,https://fbref.com/en/players/1bf811d4/matchlogs/2019-2020/summary/Sam-Byram-Match-Logs
EPL,2019-2020,69,Willy Caballero,ar ARG,GK,Chelsea,37,1981,https://fbref.com/en/players/a179d516/matchlogs/2019-2020/summary/Willy-Caballero-Match-Logs
EPL,2019-2020,70,Gary Cahill,eng ENG,DF,Crystal Palace,33,1985,https://fbref.com/en/players/7914b9fe/matchlogs/2019-2020/summary/Gary-Cahill-Match-Logs
EPL,2019-2020,71,Dominic Calvert-Lewin,eng ENG,FW,Everton,22,1997,https://fbref.com/en/players/59e6e5bf/matchlogs/2019-2020/summary/Dominic-Calvert-Lewin-Match-Logs
EPL,2019-2020,72,Víctor Camarasa,es ESP,MF,Crystal Palace,25,1994,https://fbref.com/en/players/b2d03887/matchlogs/2019-2020/summary/Victor-Camarasa-Match-Logs
EPL,2019-2020,73,João Cancelo,pt POR,DF,Manchester City,25,1994,https://fbref.com/en/players/bd6351cd/matchlogs/2019-2020/summary/Joao-Cancelo-Match-Logs
EPL,2019-2020,74,Todd Cantwell,eng ENG,"FW,MF",Norwich City,21,1998,https://fbref.com/en/players/f63d8a4b/matchlogs/2019-2020/summary/Todd-Cantwell-Match-Logs
EPL,2019-2020,75,Étienne Capoue,fr FRA,MF,Watford,31,1988,https://fbref.com/en/players/5acc4a10/matchlogs/2019-2020/summary/Etienne-Capoue-Match-Logs
EPL,2019-2020,Rk,Player,Nation,Pos,Squad,Age,Born,Matches
EPL,2019-2020,76,Andy Carroll,eng ENG,FW,Newcastle Utd,30,1989,https://fbref.com/en/players/b581987a/matchlogs/2019-2020/summary/Andy-Carroll-Match-Logs
EPL,2019-2020,77,Jonny Castro,es ESP,DF,Wolves,25,1994,https://fbref.com/en/players/e28868f3/matchlogs/2019-2020/summary/Jonny-Castro-Match-Logs
EPL,2019-2020,78,Craig Cathcart,nir NIR,DF,Watford,30,1989,https://fbref.com/en/players/89e4b358/matchlogs/2019-2020/summary/Craig-Cathcart-Match-Logs
EPL,2019-2020,79,Dani Ceballos,es ESP,MF,Arsenal,22,1996,https://fbref.com/en/players/c0617e2b/matchlogs/2019-2020/summary/Dani-Ceballos-Match-Logs
EPL,2019-2020,80,Nathaniel Chalobah,eng ENG,MF,Watford,24,1994,https://fbref.com/en/players/422862ea/matchlogs/2019-2020/summary/Nathaniel-Chalobah-Match-Logs
EPL,2019-2020,81,Calum Chambers,eng ENG,DF,Arsenal,24,1995,https://fbref.com/en/players/dc6f5bdd/matchlogs/2019-2020/summary/Calum-Chambers-Match-Logs
EPL,2019-2020,82,Ben Chilwell,eng ENG,DF,Leicester City,22,1996,https://fbref.com/en/players/d2424d1b/matchlogs/2019-2020/summary/Ben-Chilwell-Match-Logs
EPL,2019-2020,83,Tahith Chong,nl NED,"FW,MF",Manchester Utd,19,1999,https://fbref.com/en/players/2696b6a9/matchlogs/2019-2020/summary/Tahith-Chong-Match-Logs
EPL,2019-2020,84,Hamza Choudhury,eng ENG,MF,Leicester City,21,1997,https://fbref.com/en/players/7d2d3329/matchlogs/2019-2020/summary/Hamza-Choudhury-Match-Logs
EPL,2019-2020,85,Andreas Christensen,dk DEN,DF,Chelsea,23,1996,https://fbref.com/en/players/1cb49278/matchlogs/2019-2020/summary/Andreas-Christensen-Match-Logs
EPL,2019-2020,86,Ciaran Clark,ie IRL,DF,Newcastle Utd,29,1989,https://fbref.com/en/players/2b91cf8e/matchlogs/2019-2020/summary/Ciaran-Clark-Match-Logs
EPL,2019-2020,87,Leon Clarke,eng ENG,"FW,MF",Sheffield Utd,34,1985,https://fbref.com/en/players/91c975a0/matchlogs/2019-2020/summary/Leon-Clarke-Match-Logs
EPL,2019-2020,88,Tom Cleverley,eng ENG,MF,Watford,29,1989,https://fbref.com/en/players/6cdd8245/matchlogs/2019-2020/summary/Tom-Cleverley-Match-Logs
EPL,2019-2020,89,Conor Coady,eng ENG,DF,Wolves,26,1993,https://fbref.com/en/players/2928dca2/matchlogs/2019-2020/summary/Conor-Coady-Match-Logs
EPL,2019-2020,90,Séamus Coleman,ie IRL,DF,Everton,30,1988,https://fbref.com/en/players/0420d84f/matchlogs/2019-2020/summary/Seamus-Coleman-Match-Logs
EPL,2019-2020,91,Aaron Connolly,ie IRL,FW,Brighton,19,2000,https://fbref.com/en/players/27c01749/matchlogs/2019-2020/summary/Aaron-Connolly-Match-Logs
EPL,2019-2020,92,Lewis Cook,eng ENG,MF,Bournemouth,22,1997,https://fbref.com/en/players/2afc7272/matchlogs/2019-2020/summary/Lewis-Cook-Match-Logs
EPL,2019-2020,93,Steve Cook,eng ENG,DF,Bournemouth,28,1991,https://fbref.com/en/players/3e5e4e63/matchlogs/2019-2020/summary/Steve-Cook-Match-Logs
EPL,2019-2020,94,Jack Cork,eng ENG,MF,Burnley,30,1989,https://fbref.com/en/players/74e12f1e/matchlogs/2019-2020/summary/Jack-Cork-Match-Logs
EPL,2019-2020,95,Aaron Cresswell,eng ENG,DF,West Ham,29,1989,https://fbref.com/en/players/4f974391/matchlogs/2019-2020/summary/Aaron-Cresswell-Match-Logs
EPL,2019-2020,96,Patrick Cutrone,it ITA,FW,Wolves,21,1998,https://fbref.com/en/players/a4fe8cda/matchlogs/2019-2020/summary/Patrick-Cutrone-Match-Logs
EPL,2019-2020,97,Diogo Dalot,pt POR,DF,Manchester Utd,20,1999,https://fbref.com/en/players/d9565625/matchlogs/2019-2020/summary/Diogo-Dalot-Match-Logs
EPL,2019-2020,98,Charlie Daniels,eng ENG,DF,Bournemouth,32,1986,https://fbref.com/en/players/9d107085/matchlogs/2019-2020/summary/Charlie-Daniels-Match-Logs
EPL,2019-2020,99,Scott Dann,eng ENG,DF,Crystal Palace,32,1987,https://fbref.com/en/players/52105203/matchlogs/2019-2020/summary/Scott-Dann-Match-Logs
EPL,2019-2020,100,Kevin Danso,at AUT,DF,Southampton,20,1998,https://fbref.com/en/players/6e33125f/matchlogs/2019-2020/summary/Kevin-Danso-Match-Logs
EPL,2019-2020,Rk,Player,Nation,Pos,Squad,Age,Born,Matches
EPL,2019-2020,101,Ben Davies,wal WAL,DF,Tottenham,26,1993,https://fbref.com/en/players/44781702/matchlogs/2019-2020/summary/Ben-Davies-Match-Logs
EPL,2019-2020,102,Tom Davies,eng ENG,MF,Everton,21,1998,https://fbref.com/en/players/9228b07c/matchlogs/2019-2020/summary/Tom-Davies-Match-Logs
EPL,2019-2020,103,Keinan Davis,eng ENG,FW,Aston Villa,21,1998,https://fbref.com/en/players/9deaf2c8/matchlogs/2019-2020/summary/Keinan-Davis-Match-Logs
EPL,2019-2020,104,Craig Dawson,eng ENG,DF,Watford,29,1990,https://fbref.com/en/players/3e9e06cb/matchlogs/2019-2020/summary/Craig-Dawson-Match-Logs
EPL,2019-2020,105,Kevin De Bruyne,be BEL,MF,Manchester City,28,1991,https://fbref.com/en/players/e46012d4/matchlogs/2019-2020/summary/Kevin-De-Bruyne-Match-Logs
EPL,2019-2020,106,Troy Deeney,eng ENG,FW,Watford,31,1988,https://fbref.com/en/players/82e34b69/matchlogs/2019-2020/summary/Troy-Deeney-Match-Logs
EPL,2019-2020,107,Fabian Delph,eng ENG,MF,Everton,29,1989,https://fbref.com/en/players/111c3236/matchlogs/2019-2020/summary/Fabian-Delph-Match-Logs
EPL,2019-2020,108,Leander Dendoncker,be BEL,"MF,DF",Wolves,24,1995,https://fbref.com/en/players/5a7301ae/matchlogs/2019-2020/summary/Leander-Dendoncker-Match-Logs
EPL,2019-2020,109,Gerard Deulofeu,es ESP,FW,Watford,25,1994,https://fbref.com/en/players/39583cfd/matchlogs/2019-2020/summary/Gerard-Deulofeu-Match-Logs
EPL,2019-2020,110,Eric Dier,eng ENG,"DF,MF",Tottenham,25,1994,https://fbref.com/en/players/ac861941/matchlogs/2019-2020/summary/Eric-Dier-Match-Logs
EPL,2019-2020,111,Lucas Digne,fr FRA,DF,Everton,26,1993,https://fbref.com/en/players/1b84dbe1/matchlogs/2019-2020/summary/Lucas-Digne-Match-Logs
EPL,2019-2020,112,Virgil van Dijk,nl NED,DF,Liverpool,28,1991,https://fbref.com/en/players/e06683ca/matchlogs/2019-2020/summary/Virgil-van-Dijk-Match-Logs
EPL,2019-2020,113,Issa Diop,fr FRA,DF,West Ham,22,1997,https://fbref.com/en/players/a712ca2b/matchlogs/2019-2020/summary/Issa-Diop-Match-Logs
EPL,2019-2020,114,Moussa Djenepo,ml MLI,"MF,DF",Southampton,21,1998,https://fbref.com/en/players/254147d4/matchlogs/2019-2020/summary/Moussa-Djenepo-Match-Logs
EPL,2019-2020,115,Matt Doherty,ie IRL,DF,Wolves,27,1992,https://fbref.com/en/players/d557d734/matchlogs/2019-2020/summary/Matt-Doherty-Match-Logs
EPL,2019-2020,116,Abdoulaye Doucouré,fr FRA,MF,Watford,26,1993,https://fbref.com/en/players/02b29014/matchlogs/2019-2020/summary/Abdoulaye-Doucoure-Match-Logs
EPL,2019-2020,117,Thomas Doyle,eng ENG,"MF,FW",Manchester City,17,2001,https://fbref.com/en/players/5526deb1/matchlogs/2019-2020/summary/Thomas-Doyle-Match-Logs
EPL,2019-2020,118,Danny Drinkwater,eng ENG,MF,Aston Villa,29,1990,https://fbref.com/en/players/2649ff32/matchlogs/2019-2020/summary/Danny-Drinkwater-Match-Logs
EPL,2019-2020,119,Danny Drinkwater,eng ENG,MF,Burnley,29,1990,https://fbref.com/en/players/2649ff32/matchlogs/2019-2020/summary/Danny-Drinkwater-Match-Logs
EPL,2019-2020,120,Josip Drmić,ch SUI,"FW,MF",Norwich City,26,1992,https://fbref.com/en/players/15ea94de/matchlogs/2019-2020/summary/Josip-Drmic-Match-Logs
EPL,2019-2020,121,Martin Dúbravka,sk SVK,GK,Newcastle Utd,30,1989,https://fbref.com/en/players/3a949a25/matchlogs/2019-2020/summary/Martin-Dubravka-Match-Logs
EPL,2019-2020,122,Ondrej Duda,sk SVK,MF,Norwich City,24,1994,https://fbref.com/en/players/79ca3e23/matchlogs/2019-2020/summary/Ondrej-Duda-Match-Logs
EPL,2019-2020,123,Shane Duffy,ie IRL,DF,Brighton,27,1992,https://fbref.com/en/players/7314bba4/matchlogs/2019-2020/summary/Shane-Duffy-Match-Logs
EPL,2019-2020,124,Paul Dummett,wal WAL,DF,Newcastle Utd,27,1991,https://fbref.com/en/players/3fe6bd8c/matchlogs/2019-2020/summary/Paul-Dummett-Match-Logs
EPL,2019-2020,125,Lewis Dunk,eng ENG,DF,Brighton,27,1991,https://fbref.com/en/players/282f75f3/matchlogs/2019-2020/summary/Lewis-Dunk-Match-Logs
EPL,2019-2020,Rk,Player,Nation,Pos,Squad,Age,Born,Matches
EPL,2019-2020,126,Ederson,br BRA,GK,Manchester City,25,1993,https://fbref.com/en/players/3bb7b8b4/matchlogs/2019-2020/summary/Ederson-Match-Logs
EPL,2019-2020,127,John Egan,ie IRL,DF,Sheffield Utd,26,1992,https://fbref.com/en/players/debe38a0/matchlogs/2019-2020/summary/John-Egan-Match-Logs
EPL,2019-2020,128,Harvey Elliot,eng ENG,DF,Liverpool,16,2003,https://fbref.com/en/players/c8387671/matchlogs/2019-2020/summary/Harvey-Elliot-Match-Logs
EPL,2019-2020,129,Ahmed Elmohamady,eg EGY,DF,Aston Villa,31,1987,https://fbref.com/en/players/615ef733/matchlogs/2019-2020/summary/Ahmed-Elmohamady-Match-Logs
EPL,2019-2020,130,Björn Engels,be BEL,DF,Aston Villa,24,1994,https://fbref.com/en/players/4fdf1fd9/matchlogs/2019-2020/summary/Bjorn-Engels-Match-Logs
EPL,2019-2020,131,Christian Eriksen,dk DEN,"MF,FW",Tottenham,27,1992,https://fbref.com/en/players/980522ec/matchlogs/2019-2020/summary/Christian-Eriksen-Match-Logs
EPL,2019-2020,132,Jonny Evans,nir NIR,DF,Leicester City,31,1988,https://fbref.com/en/players/f8fcd2a5/matchlogs/2019-2020/summary/Jonny-Evans-Match-Logs
EPL,2019-2020,133,Łukasz Fabiański,pl POL,GK,West Ham,34,1985,https://fbref.com/en/players/9328b835/matchlogs/2019-2020/summary/Lukasz-Fabianski-Match-Logs
EPL,2019-2020,134,Fabinho,br BRA,MF,Liverpool,25,1993,https://fbref.com/en/players/7f3b388c/matchlogs/2019-2020/summary/Fabinho-Match-Logs
EPL,2019-2020,135,Ralf Fährmann,de GER,GK,Norwich City,30,1988,https://fbref.com/en/players/1e43fad8/matchlogs/2019-2020/summary/Ralf-Fahrmann-Match-Logs
EPL,2019-2020,136,Akin Famewo,eng ENG,MF,Norwich City,20,1998,https://fbref.com/en/players/9d9a71c1/matchlogs/2019-2020/summary/Akin-Famewo-Match-Logs
EPL,2019-2020,137,Kiko Femenía,es ESP,DF,Watford,28,1991,https://fbref.com/en/players/e5d01ecf/matchlogs/2019-2020/summary/Kiko-Femenia-Match-Logs
EPL,2019-2020,138,Bruno Fernandes,pt POR,MF,Manchester Utd,24,1994,https://fbref.com/en/players/507c7bdf/matchlogs/2019-2020/summary/Bruno-Fernandes-Match-Logs
EPL,2019-2020,139,Gedson Fernandes,pt POR,"MF,DF",Tottenham,20,1999,https://fbref.com/en/players/e2dde94c/matchlogs/2019-2020/summary/Gedson-Fernandes-Match-Logs
EPL,2019-2020,140,Federico Fernández,ar ARG,DF,Newcastle Utd,30,1989,https://fbref.com/en/players/f25b010f/matchlogs/2019-2020/summary/Federico-Fernandez-Match-Logs
EPL,2019-2020,141,Fernandinho,br BRA,DF,Manchester City,34,1985,https://fbref.com/en/players/101da2b5/matchlogs/2019-2020/summary/Fernandinho-Match-Logs
EPL,2019-2020,142,Roberto Firmino,br BRA,FW,Liverpool,27,1991,https://fbref.com/en/players/4c370d81/matchlogs/2019-2020/summary/Roberto-Firmino-Match-Logs
EPL,2019-2020,143,John Fleck,sco SCO,MF,Sheffield Utd,27,1991,https://fbref.com/en/players/b63e789d/matchlogs/2019-2020/summary/John-Fleck-Match-Logs
EPL,2019-2020,144,Phil Foden,eng ENG,"FW,MF",Manchester City,19,2000,https://fbref.com/en/players/ed1e53f3/matchlogs/2019-2020/summary/Phil-Foden-Match-Logs
EPL,2019-2020,145,Pablo Fornals,es ESP,"MF,FW",West Ham,23,1996,https://fbref.com/en/players/82927de4/matchlogs/2019-2020/summary/Pablo-Fornals-Match-Logs
EPL,2019-2020,146,Ben Foster,eng ENG,GK,Watford,36,1983,https://fbref.com/en/players/d0b3ceb9/matchlogs/2019-2020/summary/Ben-Foster-Match-Logs
EPL,2019-2020,147,Timothy Fosu-Mensah,nl NED,DF,Manchester Utd,21,1998,https://fbref.com/en/players/a9142dc3/matchlogs/2019-2020/summary/Timothy-Fosu-Mensah-Match-Logs
EPL,2019-2020,148,Dimitri Foulquier,fr FRA,"MF,DF",Watford,26,1993,https://fbref.com/en/players/45e17712/matchlogs/2019-2020/summary/Dimitri-Foulquier-Match-Logs
EPL,2019-2020,149,Juan Foyth,ar ARG,DF,Tottenham,21,1998,https://fbref.com/en/players/6c7762c3/matchlogs/2019-2020/summary/Juan-Foyth-Match-Logs
EPL,2019-2020,150,Simon Francis,eng ENG,DF,Bournemouth,34,1985,https://fbref.com/en/players/1e0b6a73/matchlogs/2019-2020/summary/Simon-Francis-Match-Logs
EPL,2019-2020,Rk,Player,Nation,Pos,Squad,Age,Born,Matches
EPL,2019-2020,151,Ryan Fraser,sco SCO,"MF,FW",Bournemouth,25,1994,https://fbref.com/en/players/d56543a0/matchlogs/2019-2020/summary/Ryan-Fraser-Match-Logs
EPL,2019-2020,152,Fred,br BRA,MF,Manchester Utd,26,1993,https://fbref.com/en/players/b853e0ad/matchlogs/2019-2020/summary/Fred-Match-Logs
EPL,2019-2020,153,Ryan Fredericks,eng ENG,DF,West Ham,26,1992,https://fbref.com/en/players/c067631c/matchlogs/2019-2020/summary/Ryan-Fredericks-Match-Logs
EPL,2019-2020,154,Kieron Freeman,wal WAL,FW,Sheffield Utd,27,1992,https://fbref.com/en/players/c13c24c8/matchlogs/2019-2020/summary/Kieron-Freeman-Match-Logs
EPL,2019-2020,155,Luke Freeman,eng ENG,MF,Sheffield Utd,27,1992,https://fbref.com/en/players/636b64cd/matchlogs/2019-2020/summary/Luke-Freeman-Match-Logs
EPL,2019-2020,156,Christian Fuchs,at AUT,DF,Leicester City,33,1986,https://fbref.com/en/players/a67a09fb/matchlogs/2019-2020/summary/Christian-Fuchs-Match-Logs
EPL,2019-2020,157,Eric García,es ESP,DF,Manchester City,18,2001,https://fbref.com/en/players/2bed3eab/matchlogs/2019-2020/summary/Eric-Garcia-Match-Logs
EPL,2019-2020,158,James Garner,eng ENG,MF,Manchester Utd,18,2001,https://fbref.com/en/players/4e015693/matchlogs/2019-2020/summary/James-Garner-Match-Logs
EPL,2019-2020,159,Dwight Gayle,eng ENG,FW,Newcastle Utd,28,1990,https://fbref.com/en/players/e58a03c6/matchlogs/2019-2020/summary/Dwight-Gayle-Match-Logs
EPL,2019-2020,160,Paulo Gazzaniga,ar ARG,GK,Tottenham,27,1992,https://fbref.com/en/players/63d17038/matchlogs/2019-2020/summary/Paulo-Gazzaniga-Match-Logs
EPL,2019-2020,161,Jean-Philippe Gbamin,ci CIV,MF,Everton,23,1995,https://fbref.com/en/players/6bd603db/matchlogs/2019-2020/summary/Jean-Philippe-Gbamin-Match-Logs
EPL,2019-2020,162,David de Gea,es ESP,GK,Manchester Utd,28,1990,https://fbref.com/en/players/7ba6d84e/matchlogs/2019-2020/summary/David-de-Gea-Match-Logs
EPL,2019-2020,163,Anwar El Ghazi,nl NED,"FW,MF",Aston Villa,24,1995,https://fbref.com/en/players/ffa90327/matchlogs/2019-2020/summary/Anwar-El-Ghazi-Match-Logs
EPL,2019-2020,164,Morgan Gibbs-White,eng ENG,"MF,FW",Wolves,19,2000,https://fbref.com/en/players/32f60ed8/matchlogs/2019-2020/summary/Morgan-Gibbs-White-Match-Logs
EPL,2019-2020,165,Billy Gilmour,sco SCO,MF,Chelsea,18,2001,https://fbref.com/en/players/df10e27c/matchlogs/2019-2020/summary/Billy-Gilmour-Match-Logs
EPL,2019-2020,166,Olivier Giroud,fr FRA,FW,Chelsea,32,1986,https://fbref.com/en/players/16ceb862/matchlogs/2019-2020/summary/Olivier-Giroud-Match-Logs
EPL,2019-2020,167,Ben Godfrey,eng ENG,DF,Norwich City,21,1998,https://fbref.com/en/players/9f7c837d/matchlogs/2019-2020/summary/Ben-Godfrey-Match-Logs
EPL,2019-2020,168,André Gomes,pt POR,MF,Everton,26,1993,https://fbref.com/en/players/1961b2aa/matchlogs/2019-2020/summary/Andre-Gomes-Match-Logs
EPL,2019-2020,169,Angel Gomes,eng ENG,MF,Manchester Utd,18,2000,https://fbref.com/en/players/645a3363/matchlogs/2019-2020/summary/Angel-Gomes-Match-Logs
EPL,2019-2020,170,Joe Gomez,eng ENG,DF,Liverpool,22,1997,https://fbref.com/en/players/7a11550b/matchlogs/2019-2020/summary/Joe-Gomez-Match-Logs
EPL,2019-2020,171,Anthony Gordon,eng ENG,"MF,FW",Everton,18,2001,https://fbref.com/en/players/2bd83368/matchlogs/2019-2020/summary/Anthony-Gordon-Match-Logs
EPL,2019-2020,172,Dan Gosling,eng ENG,MF,Bournemouth,29,1990,https://fbref.com/en/players/7fec31a0/matchlogs/2019-2020/summary/Dan-Gosling-Match-Logs
EPL,2019-2020,173,Andre Gray,jm JAM,FW,Watford,28,1991,https://fbref.com/en/players/c24dba2a/matchlogs/2019-2020/summary/Andre-Gray-Match-Logs
EPL,2019-2020,174,Demarai Gray,eng ENG,"MF,FW",Leicester City,23,1996,https://fbref.com/en/players/4468ec10/matchlogs/2019-2020/summary/Demarai-Gray-Match-Logs
EPL,2019-2020,175,Jack Grealish,eng ENG,"FW,MF",Aston Villa,23,1995,https://fbref.com/en/players/b0b4fd3e/matchlogs/2019-2020/summary/Jack-Grealish-Match-Logs
EPL,2019-2020,Rk,Player,Nation,Pos,Squad,Age,Born,Matches
EPL,2019-2020,176,Mason Greenwood,eng ENG,FW,Manchester Utd,17,2001,https://fbref.com/en/players/58eee997/matchlogs/2019-2020/summary/Mason-Greenwood-Match-Logs
EPL,2019-2020,177,Arnaut Groeneveld,nl NED,MF,Bournemouth,22,1997,https://fbref.com/en/players/f08490a6/matchlogs/2019-2020/summary/Arnaut-Groeneveld-Match-Logs
EPL,2019-2020,178,Pascal Groß,de GER,"FW,MF",Brighton,28,1991,https://fbref.com/en/players/8aec0537/matchlogs/2019-2020/summary/Pascal-Gross-Match-Logs
EPL,2019-2020,179,Vicente Guaita,es ESP,GK,Crystal Palace,32,1987,https://fbref.com/en/players/ab13a5aa/matchlogs/2019-2020/summary/Vicente-Guaita-Match-Logs
EPL,2019-2020,180,Mattéo Guendouzi,fr FRA,MF,Arsenal,20,1999,https://fbref.com/en/players/5ea8ef20/matchlogs/2019-2020/summary/Matteo-Guendouzi-Match-Logs
EPL,2019-2020,181,Frederic Guilbert,fr FRA,DF,Aston Villa,24,1994,https://fbref.com/en/players/5d8d7454/matchlogs/2019-2020/summary/Frederic-Guilbert-Match-Logs
EPL,2019-2020,182,İlkay Gündoğan,de GER,MF,Manchester City,28,1990,https://fbref.com/en/players/819b3158/matchlogs/2019-2020/summary/Ilkay-Gundogan-Match-Logs
EPL,2019-2020,183,Angus Gunn,eng ENG,GK,Southampton,23,1996,https://fbref.com/en/players/e082af5b/matchlogs/2019-2020/summary/Angus-Gunn-Match-Logs
EPL,2019-2020,184,Sébastien Haller,ci CIV,FW,West Ham,25,1994,https://fbref.com/en/players/ba115a40/matchlogs/2019-2020/summary/Sebastien-Haller-Match-Logs
EPL,2019-2020,185,Grant Hanley,sco SCO,DF,Norwich City,27,1991,https://fbref.com/en/players/e9254eec/matchlogs/2019-2020/summary/Grant-Hanley-Match-Logs
EPL,2019-2020,186,Kortney Hause,eng ENG,DF,Aston Villa,24,1995,https://fbref.com/en/players/bf8fad51/matchlogs/2019-2020/summary/Kortney-Hause-Match-Logs
EPL,2019-2020,187,Isaac Hayden,eng ENG,MF,Newcastle Utd,24,1995,https://fbref.com/en/players/c951a6df/matchlogs/2019-2020/summary/Isaac-Hayden-Match-Logs
EPL,2019-2020,188,Tom Heaton,eng ENG,GK,Aston Villa,33,1986,https://fbref.com/en/players/a6de6361/matchlogs/2019-2020/summary/Tom-Heaton-Match-Logs
EPL,2019-2020,189,Dean Henderson,eng ENG,GK,Sheffield Utd,22,1997,https://fbref.com/en/players/e5a76dfe/matchlogs/2019-2020/summary/Dean-Henderson-Match-Logs
EPL,2019-2020,190,Jordan Henderson,eng ENG,MF,Liverpool,29,1990,https://fbref.com/en/players/935e6b8f/matchlogs/2019-2020/summary/Jordan-Henderson-Match-Logs
EPL,2019-2020,191,Jeff Hendrick,ie IRL,MF,Burnley,27,1992,https://fbref.com/en/players/989d5705/matchlogs/2019-2020/summary/Jeff-Hendrick-Match-Logs
EPL,2019-2020,192,Wayne Hennessey,wal WAL,GK,Crystal Palace,32,1987,https://fbref.com/en/players/76eca7e2/matchlogs/2019-2020/summary/Wayne-Hennessey-Match-Logs
EPL,2019-2020,193,Javier Hernández,mx MEX,FW,West Ham,31,1988,https://fbref.com/en/players/189cee7b/matchlogs/2019-2020/summary/Javier-Hernandez-Match-Logs
EPL,2019-2020,194,Onel Hernández,cu CUB,"FW,MF",Norwich City,26,1993,https://fbref.com/en/players/007b39a5/matchlogs/2019-2020/summary/Onel-Hernandez-Match-Logs
EPL,2019-2020,195,Son Heung-min,kr KOR,"FW,MF",Tottenham,27,1992,https://fbref.com/en/players/92e7e919/matchlogs/2019-2020/summary/Son-Heung-min-Match-Logs
EPL,2019-2020,196,George Hirst,eng ENG,FW,Leicester City,20,1999,https://fbref.com/en/players/78e87179/matchlogs/2019-2020/summary/George-Hirst-Match-Logs
EPL,2019-2020,197,Rob Holding,eng ENG,DF,Arsenal,23,1995,https://fbref.com/en/players/d79a8c87/matchlogs/2019-2020/summary/Rob-Holding-Match-Logs
EPL,2019-2020,198,José Holebas,gr GRE,DF,Watford,35,1984,https://fbref.com/en/players/12aa7661/matchlogs/2019-2020/summary/Jose-Holebas-Match-Logs
EPL,2019-2020,199,Mason Holgate,eng ENG,DF,Everton,22,1996,https://fbref.com/en/players/d0042ab9/matchlogs/2019-2020/summary/Mason-Holgate-Match-Logs
EPL,2019-2020,200,Nathan Holland,eng ENG,MF,West Ham,21,1998,https://fbref.com/en/players/45ab2170/matchlogs/2019-2020/summary/Nathan-Holland-Match-Logs
EPL,2019-2020,Rk,Player,Nation,Pos,Squad,Age,Born,Matches
EPL,2019-2020,201,Conor Hourihane,ie IRL,MF,Aston Villa,28,1991,https://fbref.com/en/players/fcab00a0/matchlogs/2019-2020/summary/Conor-Hourihane-Match-Logs
EPL,2019-2020,202,Callum Hudson-Odoi,eng ENG,FW,Chelsea,18,2000,https://fbref.com/en/players/15f3ec41/matchlogs/2019-2020/summary/Callum-Hudson-Odoi-Match-Logs
EPL,2019-2020,203,Will Hughes,eng ENG,"MF,FW",Watford,24,1995,https://fbref.com/en/players/a0666d3e/matchlogs/2019-2020/summary/Will-Hughes-Match-Logs
EPL,2019-2020,204,Pierre Højbjerg,dk DEN,MF,Southampton,23,1995,https://fbref.com/en/players/8b04d6c1/matchlogs/2019-2020/summary/Pierre-Hojbjerg-Match-Logs
EPL,2019-2020,205,Jordon Ibe,eng ENG,DF,Bournemouth,23,1995,https://fbref.com/en/players/9f736ed2/matchlogs/2019-2020/summary/Jordon-Ibe-Match-Logs
EPL,2019-2020,206,Adam Idah,ie IRL,"FW,MF",Norwich City,18,2001,https://fbref.com/en/players/291e3ec3/matchlogs/2019-2020/summary/Adam-Idah-Match-Logs
EPL,2019-2020,207,Odion Ighalo,ng NGA,FW,Manchester Utd,30,1989,https://fbref.com/en/players/03622183/matchlogs/2019-2020/summary/Odion-Ighalo-Match-Logs
EPL,2019-2020,208,Kelechi Iheanacho,ng NGA,FW,Leicester City,22,1996,https://fbref.com/en/players/c92e1a31/matchlogs/2019-2020/summary/Kelechi-Iheanacho-Match-Logs
EPL,2019-2020,209,Danny Ings,eng ENG,FW,Southampton,27,1992,https://fbref.com/en/players/07802f7f/matchlogs/2019-2020/summary/Danny-Ings-Match-Logs
EPL,2019-2020,210,Alex Iwobi,ng NGA,"MF,FW",Everton,23,1996,https://fbref.com/en/players/6ca5ec4b/matchlogs/2019-2020/summary/Alex-Iwobi-Match-Logs
EPL,2019-2020,211,Phil Jagielka,eng ENG,DF,Sheffield Utd,36,1982,https://fbref.com/en/players/3233eefd/matchlogs/2019-2020/summary/Phil-Jagielka-Match-Logs
EPL,2019-2020,212,Alireza Jahanbakhsh,ir IRN,"FW,MF",Brighton,25,1993,https://fbref.com/en/players/08452314/matchlogs/2019-2020/summary/Alireza-Jahanbakhsh-Match-Logs
EPL,2019-2020,213,Daniel James,wal WAL,FW,Manchester Utd,21,1997,https://fbref.com/en/players/c931d9f9/matchlogs/2019-2020/summary/Daniel-James-Match-Logs
EPL,2019-2020,214,Matty James,eng ENG,MF,Leicester City,28,1991,https://fbref.com/en/players/ebd0a048/matchlogs/2019-2020/summary/Matty-James-Match-Logs
EPL,2019-2020,215,Reece James,eng ENG,DF,Chelsea,19,1999,https://fbref.com/en/players/1265a93a/matchlogs/2019-2020/summary/Reece-James-Match-Logs
EPL,2019-2020,216,Daryl Janmaat,nl NED,DF,Watford,30,1989,https://fbref.com/en/players/45da6694/matchlogs/2019-2020/summary/Daryl-Janmaat-Match-Logs
EPL,2019-2020,217,Gabriel Jesus,br BRA,FW,Manchester City,22,1997,https://fbref.com/en/players/b66315ae/matchlogs/2019-2020/summary/Gabriel-Jesus-Match-Logs
EPL,2019-2020,218,Raúl Jiménez,mx MEX,FW,Wolves,28,1991,https://fbref.com/en/players/b561db50/matchlogs/2019-2020/summary/Raul-Jimenez-Match-Logs
EPL,2019-2020,219,Joelinton,br BRA,FW,Newcastle Utd,22,1996,https://fbref.com/en/players/c17bfb65/matchlogs/2019-2020/summary/Joelinton-Match-Logs
EPL,2019-2020,220,Ben Johnson,eng ENG,DF,West Ham,19,2000,https://fbref.com/en/players/9319781b/matchlogs/2019-2020/summary/Ben-Johnson-Match-Logs
EPL,2019-2020,221,Curtis Jones,eng ENG,MF,Liverpool,18,2001,https://fbref.com/en/players/4fb9c88f/matchlogs/2019-2020/summary/Curtis-Jones-Match-Logs
EPL,2019-2020,222,Phil Jones,eng ENG,DF,Manchester Utd,27,1992,https://fbref.com/en/players/def899bd/matchlogs/2019-2020/summary/Phil-Jones-Match-Logs
EPL,2019-2020,223,Bruno Jordão,pt POR,FW,Wolves,20,1998,https://fbref.com/en/players/41ff002d/matchlogs/2019-2020/summary/Bruno-Jordao-Match-Logs
EPL,2019-2020,224,Jorginho,it ITA,MF,Chelsea,27,1991,https://fbref.com/en/players/45db685d/matchlogs/2019-2020/summary/Jorginho-Match-Logs
EPL,2019-2020,225,Jota,es ESP,"FW,MF",Aston Villa,28,1991,https://fbref.com/en/players/9f351459/matchlogs/2019-2020/summary/Jota-Match-Logs
EPL,2019-2020,Rk,Player,Nation,Pos,Squad,Age,Born,Matches
EPL,2019-2020,226,Diogo Jota,pt POR,"FW,MF",Wolves,22,1996,https://fbref.com/en/players/178ae8f8/matchlogs/2019-2020/summary/Diogo-Jota-Match-Logs
EPL,2019-2020,227,James Justin,eng ENG,DF,Leicester City,21,1998,https://fbref.com/en/players/fb614c44/matchlogs/2019-2020/summary/James-Justin-Match-Logs
EPL,2019-2020,228,Christian Kabasele,be BEL,DF,Watford,28,1991,https://fbref.com/en/players/914ab9a1/matchlogs/2019-2020/summary/Christian-Kabasele-Match-Logs
EPL,2019-2020,229,Harry Kane,eng ENG,FW,Tottenham,26,1993,https://fbref.com/en/players/21a66f6a/matchlogs/2019-2020/summary/Harry-Kane-Match-Logs
EPL,2019-2020,230,N'Golo Kanté,fr FRA,MF,Chelsea,28,1991,https://fbref.com/en/players/b9fbae28/matchlogs/2019-2020/summary/NGolo-Kante-Match-Logs
EPL,2019-2020,231,Moise Kean,it ITA,FW,Everton,19,2000,https://fbref.com/en/players/3d50bcdb/matchlogs/2019-2020/summary/Moise-Kean-Match-Logs
EPL,2019-2020,232,Michael Keane,eng ENG,DF,Everton,26,1993,https://fbref.com/en/players/c5b7c315/matchlogs/2019-2020/summary/Michael-Keane-Match-Logs
EPL,2019-2020,233,Naby Keïta,gn GUI,MF,Liverpool,24,1995,https://fbref.com/en/players/f25c8e3a/matchlogs/2019-2020/summary/Naby-Keita-Match-Logs
EPL,2019-2020,234,Lloyd Kelly,eng ENG,DF,Bournemouth,20,1998,https://fbref.com/en/players/f31def1e/matchlogs/2019-2020/summary/Lloyd-Kelly-Match-Logs
EPL,2019-2020,235,Martin Kelly,eng ENG,DF,Crystal Palace,29,1990,https://fbref.com/en/players/d7492450/matchlogs/2019-2020/summary/Martin-Kelly-Match-Logs
EPL,2019-2020,236,Max Kilman,eng ENG,DF,Wolves,22,1997,https://fbref.com/en/players/d0f72bf1/matchlogs/2019-2020/summary/Max-Kilman-Match-Logs
EPL,2019-2020,237,Joshua King,no NOR,"FW,MF",Bournemouth,27,1992,https://fbref.com/en/players/43458538/matchlogs/2019-2020/summary/Joshua-King-Match-Logs
EPL,2019-2020,238,Timm Klose,ch SUI,DF,Norwich City,31,1988,https://fbref.com/en/players/5f1d07f6/matchlogs/2019-2020/summary/Timm-Klose-Match-Logs
EPL,2019-2020,239,Jonathan Kodjia,ci CIV,"FW,MF",Aston Villa,29,1989,https://fbref.com/en/players/ecf44e09/matchlogs/2019-2020/summary/Jonathan-Kodjia-Match-Logs
EPL,2019-2020,240,Sead Kolašinac,ba BIH,DF,Arsenal,26,1993,https://fbref.com/en/players/3935e52e/matchlogs/2019-2020/summary/Sead-Kolasinac-Match-Logs
EPL,2019-2020,241,Ezri Konsa,eng ENG,DF,Aston Villa,21,1997,https://fbref.com/en/players/0313a347/matchlogs/2019-2020/summary/Ezri-Konsa-Match-Logs
EPL,2019-2020,242,Cheikhou Kouyaté,sn SEN,"MF,DF",Crystal Palace,29,1989,https://fbref.com/en/players/8d3c902d/matchlogs/2019-2020/summary/Cheikhou-Kouyate-Match-Logs
EPL,2019-2020,243,Mateo Kovačić,hr CRO,MF,Chelsea,25,1994,https://fbref.com/en/players/79c0821a/matchlogs/2019-2020/summary/Mateo-Kovacic-Match-Logs
EPL,2019-2020,244,Emil Krafth,se SWE,DF,Newcastle Utd,24,1994,https://fbref.com/en/players/77cf6852/matchlogs/2019-2020/summary/Emil-Krafth-Match-Logs
EPL,2019-2020,245,Tim Krul,nl NED,GK,Norwich City,31,1988,https://fbref.com/en/players/f23f9d20/matchlogs/2019-2020/summary/Tim-Krul-Match-Logs
EPL,2019-2020,246,Alexandre Lacazette,fr FRA,FW,Arsenal,28,1991,https://fbref.com/en/players/9dbb75ca/matchlogs/2019-2020/summary/Alexandre-Lacazette-Match-Logs
EPL,2019-2020,247,Adam Lallana,eng ENG,"MF,FW",Liverpool,31,1988,https://fbref.com/en/players/99813635/matchlogs/2019-2020/summary/Adam-Lallana-Match-Logs
EPL,2019-2020,248,Érik Lamela,ar ARG,"MF,FW",Tottenham,27,1992,https://fbref.com/en/players/abe66106/matchlogs/2019-2020/summary/Erik-Lamela-Match-Logs
EPL,2019-2020,249,Tariq Lamptey,eng ENG,DF,Brighton,18,2000,https://fbref.com/en/players/f4e433d4/matchlogs/2019-2020/summary/Tariq-Lamptey-Match-Logs
EPL,2019-2020,250,Tariq Lamptey,eng ENG,DF,Chelsea,18,2000,https://fbref.com/en/players/f4e433d4/matchlogs/2019-2020/summary/Tariq-Lamptey-Match-Logs
EPL,2019-2020,Rk,Player,Nation,Pos,Squad,Age,Born,Matches
EPL,2019-2020,251,Henri Lansbury,eng ENG,MF,Aston Villa,28,1990,https://fbref.com/en/players/fe8e6fa1/matchlogs/2019-2020/summary/Henri-Lansbury-Match-Logs
EPL,2019-2020,252,Manuel Lanzini,ar ARG,"MF,FW",West Ham,26,1993,https://fbref.com/en/players/26f6dca8/matchlogs/2019-2020/summary/Manuel-Lanzini-Match-Logs
EPL,2019-2020,253,Aymeric Laporte,fr FRA,DF,Manchester City,25,1994,https://fbref.com/en/players/119b9a8e/matchlogs/2019-2020/summary/Aymeric-Laporte-Match-Logs
EPL,2019-2020,254,Jamaal Lascelles,eng ENG,DF,Newcastle Utd,25,1993,https://fbref.com/en/players/450ab6fc/matchlogs/2019-2020/summary/Jamaal-Lascelles-Match-Logs
EPL,2019-2020,255,Valentino Lazaro,at AUT,"DF,MF",Newcastle Utd,23,1996,https://fbref.com/en/players/016ff750/matchlogs/2019-2020/summary/Valentino-Lazaro-Match-Logs
EPL,2019-2020,256,Moritz Leitner,de GER,MF,Norwich City,26,1992,https://fbref.com/en/players/9460aaed/matchlogs/2019-2020/summary/Moritz-Leitner-Match-Logs
EPL,2019-2020,257,Florian Lejeune,fr FRA,DF,Newcastle Utd,28,1991,https://fbref.com/en/players/6eaed4eb/matchlogs/2019-2020/summary/Florian-Lejeune-Match-Logs
EPL,2019-2020,258,Aaron Lennon,eng ENG,MF,Burnley,32,1987,https://fbref.com/en/players/2ff964a0/matchlogs/2019-2020/summary/Aaron-Lennon-Match-Logs
EPL,2019-2020,259,Bernd Leno,de GER,GK,Arsenal,27,1992,https://fbref.com/en/players/2628fd2b/matchlogs/2019-2020/summary/Bernd-Leno-Match-Logs
EPL,2019-2020,260,Jefferson Lerma,co COL,MF,Bournemouth,24,1994,https://fbref.com/en/players/9b5ce51a/matchlogs/2019-2020/summary/Jefferson-Lerma-Match-Logs
EPL,2019-2020,261,Jamal Lewis,nir NIR,DF,Norwich City,21,1998,https://fbref.com/en/players/efb9215a/matchlogs/2019-2020/summary/Jamal-Lewis-Match-Logs
EPL,2019-2020,262,Victor Lindelöf,se SWE,DF,Manchester Utd,25,1994,https://fbref.com/en/players/f5deef4c/matchlogs/2019-2020/summary/Victor-Lindelof-Match-Logs
EPL,2019-2020,263,Jesse Lingard,eng ENG,"MF,FW",Manchester Utd,26,1992,https://fbref.com/en/players/810e3c74/matchlogs/2019-2020/summary/Jesse-Lingard-Match-Logs
EPL,2019-2020,264,Hugo Lloris,fr FRA,GK,Tottenham,32,1986,https://fbref.com/en/players/8f62b6ee/matchlogs/2019-2020/summary/Hugo-Lloris-Match-Logs
EPL,2019-2020,265,Giovani Lo Celso,ar ARG,"MF,FW",Tottenham,23,1996,https://fbref.com/en/players/d7553721/matchlogs/2019-2020/summary/Giovani-Lo-Celso-Match-Logs
EPL,2019-2020,266,Jürgen Locadia,nl NED,"MF,FW",Brighton,25,1993,https://fbref.com/en/players/6cc47ae1/matchlogs/2019-2020/summary/Jurgen-Locadia-Match-Logs
EPL,2019-2020,267,Ruben Loftus-Cheek,eng ENG,"MF,FW",Chelsea,23,1996,https://fbref.com/en/players/e97fd090/matchlogs/2019-2020/summary/Ruben-Loftus-Cheek-Match-Logs
EPL,2019-2020,268,Kevin Long,ie IRL,DF,Burnley,28,1990,https://fbref.com/en/players/5a4280b1/matchlogs/2019-2020/summary/Kevin-Long-Match-Logs
EPL,2019-2020,269,Shane Long,ie IRL,FW,Southampton,32,1987,https://fbref.com/en/players/9f472354/matchlogs/2019-2020/summary/Shane-Long-Match-Logs
EPL,2019-2020,270,Matthew Longstaff,eng ENG,MF,Newcastle Utd,19,2000,https://fbref.com/en/players/c0027d2d/matchlogs/2019-2020/summary/Matthew-Longstaff-Match-Logs
EPL,2019-2020,271,Sean Longstaff,eng ENG,MF,Newcastle Utd,21,1997,https://fbref.com/en/players/a2b105e0/matchlogs/2019-2020/summary/Sean-Longstaff-Match-Logs
EPL,2019-2020,272,Dejan Lovren,hr CRO,DF,Liverpool,30,1989,https://fbref.com/en/players/1a2935f6/matchlogs/2019-2020/summary/Dejan-Lovren-Match-Logs
EPL,2019-2020,273,Matthew Lowton,eng ENG,DF,Burnley,30,1989,https://fbref.com/en/players/9a9c05db/matchlogs/2019-2020/summary/Matthew-Lowton-Match-Logs
EPL,2019-2020,274,David Luiz,br BRA,DF,Arsenal,32,1987,https://fbref.com/en/players/c0e27d1a/matchlogs/2019-2020/summary/David-Luiz-Match-Logs
EPL,2019-2020,275,Douglas Luiz,br BRA,MF,Aston Villa,21,1998,https://fbref.com/en/players/6f7d826d/matchlogs/2019-2020/summary/Douglas-Luiz-Match-Logs
EPL,2019-2020,Rk,Player,Nation,Pos,Squad,Age,Born,Matches
EPL,2019-2020,276,John Lundstram,eng ENG,MF,Sheffield Utd,25,1994,https://fbref.com/en/players/0df2b165/matchlogs/2019-2020/summary/John-Lundstram-Match-Logs
EPL,2019-2020,277,Alexis Mac Allister,ar ARG,"MF,FW",Brighton,20,1998,https://fbref.com/en/players/83d074ff/matchlogs/2019-2020/summary/Alexis-Mac-Allister-Match-Logs
EPL,2019-2020,278,James Maddison,eng ENG,MF,Leicester City,22,1996,https://fbref.com/en/players/ee38d9c5/matchlogs/2019-2020/summary/James-Maddison-Match-Logs
EPL,2019-2020,279,Harry Maguire,eng ENG,DF,Manchester Utd,26,1993,https://fbref.com/en/players/d8931174/matchlogs/2019-2020/summary/Harry-Maguire-Match-Logs
EPL,2019-2020,280,Riyad Mahrez,dz ALG,FW,Manchester City,28,1991,https://fbref.com/en/players/892d5bb1/matchlogs/2019-2020/summary/Riyad-Mahrez-Match-Logs
EPL,2019-2020,281,Ainsley Maitland-Niles,eng ENG,DF,Arsenal,21,1997,https://fbref.com/en/players/e3a5814e/matchlogs/2019-2020/summary/Ainsley-Maitland-Niles-Match-Logs
EPL,2019-2020,282,Sadio Mané,sn SEN,FW,Liverpool,27,1992,https://fbref.com/en/players/c691bfe2/matchlogs/2019-2020/summary/Sadio-Mane-Match-Logs
EPL,2019-2020,283,Javier Manquillo,es ESP,DF,Newcastle Utd,25,1994,https://fbref.com/en/players/758dd7f0/matchlogs/2019-2020/summary/Javier-Manquillo-Match-Logs
EPL,2019-2020,284,Solly March,eng ENG,"DF,FW",Brighton,25,1994,https://fbref.com/en/players/bb5fbd2b/matchlogs/2019-2020/summary/Solly-March-Match-Logs
EPL,2019-2020,285,Pablo Marí,es ESP,DF,Arsenal,25,1993,https://fbref.com/en/players/aa54ec6f/matchlogs/2019-2020/summary/Pablo-Mari-Match-Logs
EPL,2019-2020,286,Adrian Mariappa,jm JAM,DF,Watford,32,1986,https://fbref.com/en/players/8aa5f52c/matchlogs/2019-2020/summary/Adrian-Mariappa-Match-Logs
EPL,2019-2020,287,Anthony Martial,fr FRA,FW,Manchester Utd,23,1995,https://fbref.com/en/players/8b788c01/matchlogs/2019-2020/summary/Anthony-Martial-Match-Logs
EPL,2019-2020,288,David Martin,eng ENG,GK,West Ham,33,1986,https://fbref.com/en/players/07666c20/matchlogs/2019-2020/summary/David-Martin-Match-Logs
EPL,2019-2020,289,Josh Martin,eng ENG,FW,Norwich City,17,2001,https://fbref.com/en/players/3f072a68/matchlogs/2019-2020/summary/Josh-Martin-Match-Logs
EPL,2019-2020,290,Martinelli,br BRA,FW,Arsenal,18,2001,https://fbref.com/en/players/48a5a5d6/matchlogs/2019-2020/summary/Martinelli-Match-Logs
EPL,2019-2020,291,Emiliano Martínez,ar ARG,GK,Arsenal,26,1992,https://fbref.com/en/players/7956236f/matchlogs/2019-2020/summary/Emiliano-Martinez-Match-Logs
EPL,2019-2020,292,Adam Masina,ma MAR,DF,Watford,25,1994,https://fbref.com/en/players/de0f152c/matchlogs/2019-2020/summary/Adam-Masina-Match-Logs
EPL,2019-2020,293,Arthur Masuaku,cd COD,DF,West Ham,25,1993,https://fbref.com/en/players/57df7a11/matchlogs/2019-2020/summary/Arthur-Masuaku-Match-Logs
EPL,2019-2020,294,Juan Mata,es ESP,"MF,FW",Manchester Utd,31,1988,https://fbref.com/en/players/29733c72/matchlogs/2019-2020/summary/Juan-Mata-Match-Logs
EPL,2019-2020,295,Nemanja Matić,rs SRB,MF,Manchester Utd,30,1988,https://fbref.com/en/players/eb7822d7/matchlogs/2019-2020/summary/Nemanja-Matic-Match-Logs
EPL,2019-2020,296,Joël Matip,cm CMR,DF,Liverpool,27,1991,https://fbref.com/en/players/b217ef29/matchlogs/2019-2020/summary/Joel-Matip-Match-Logs
EPL,2019-2020,297,Neal Maupay,fr FRA,FW,Brighton,22,1996,https://fbref.com/en/players/4bcf39f6/matchlogs/2019-2020/summary/Neal-Maupay-Match-Logs
EPL,2019-2020,298,James McArthur,sco SCO,MF,Crystal Palace,31,1987,https://fbref.com/en/players/cee31595/matchlogs/2019-2020/summary/James-McArthur-Match-Logs
EPL,2019-2020,299,Oliver McBurnie,sco SCO,FW,Sheffield Utd,23,1996,https://fbref.com/en/players/78b8ac63/matchlogs/2019-2020/summary/Oliver-McBurnie-Match-Logs
EPL,2019-2020,300,Alex McCarthy,eng ENG,GK,Southampton,29,1989,https://fbref.com/en/players/36c2ca73/matchlogs/2019-2020/summary/Alex-McCarthy-Match-Logs
EPL,2019-2020,Rk,Player,Nation,Pos,Squad,Age,Born,Matches
EPL,2019-2020,301,James McCarthy,ie IRL,MF,Crystal Palace,28,1990,https://fbref.com/en/players/64b08de7/matchlogs/2019-2020/summary/James-McCarthy-Match-Logs
EPL,2019-2020,302,John McGinn,sco SCO,MF,Aston Villa,24,1994,https://fbref.com/en/players/90f91999/matchlogs/2019-2020/summary/John-McGinn-Match-Logs
EPL,2019-2020,303,David McGoldrick,ie IRL,FW,Sheffield Utd,31,1987,https://fbref.com/en/players/dbe56a33/matchlogs/2019-2020/summary/David-McGoldrick-Match-Logs
EPL,2019-2020,304,Michael McGovern,nir NIR,GK,Norwich City,35,1984,https://fbref.com/en/players/51a19d04/matchlogs/2019-2020/summary/Michael-McGovern-Match-Logs
EPL,2019-2020,305,Kenny McLean,sco SCO,MF,Norwich City,27,1992,https://fbref.com/en/players/471f16b3/matchlogs/2019-2020/summary/Kenny-McLean-Match-Logs
EPL,2019-2020,306,Dwight McNeil,eng ENG,MF,Burnley,19,1999,https://fbref.com/en/players/fc15fb84/matchlogs/2019-2020/summary/Dwight-McNeil-Match-Logs
EPL,2019-2020,307,Scott McTominay,sco SCO,MF,Manchester Utd,22,1996,https://fbref.com/en/players/d93c2511/matchlogs/2019-2020/summary/Scott-McTominay-Match-Logs
EPL,2019-2020,308,Ben Mee,eng ENG,DF,Burnley,29,1989,https://fbref.com/en/players/8df7a2fb/matchlogs/2019-2020/summary/Ben-Mee-Match-Logs
EPL,2019-2020,309,Benjamin Mendy,fr FRA,DF,Manchester City,25,1994,https://fbref.com/en/players/5271c8f1/matchlogs/2019-2020/summary/Benjamin-Mendy-Match-Logs
EPL,2019-2020,310,Nampalys Mendy,sn SEN,MF,Leicester City,27,1992,https://fbref.com/en/players/1598599e/matchlogs/2019-2020/summary/Nampalys-Mendy-Match-Logs
EPL,2019-2020,311,Chris Mepham,wal WAL,DF,Bournemouth,21,1997,https://fbref.com/en/players/fed96827/matchlogs/2019-2020/summary/Chris-Mepham-Match-Logs
EPL,2019-2020,312,Max Meyer,de GER,"MF,FW",Crystal Palace,23,1995,https://fbref.com/en/players/eba42d2b/matchlogs/2019-2020/summary/Max-Meyer-Match-Logs
EPL,2019-2020,313,Luka Milivojević,rs SRB,MF,Crystal Palace,28,1991,https://fbref.com/en/players/2ce2508a/matchlogs/2019-2020/summary/Luka-Milivojevic-Match-Logs
EPL,2019-2020,314,James Milner,eng ENG,"MF,DF",Liverpool,33,1986,https://fbref.com/en/players/2f90f6b8/matchlogs/2019-2020/summary/James-Milner-Match-Logs
EPL,2019-2020,315,Yerry Mina,co COL,DF,Everton,24,1994,https://fbref.com/en/players/6d5701f2/matchlogs/2019-2020/summary/Yerry-Mina-Match-Logs
EPL,2019-2020,316,Takumi Minamino,jp JPN,"FW,MF",Liverpool,24,1995,https://fbref.com/en/players/f833a830/matchlogs/2019-2020/summary/Takumi-Minamino-Match-Logs
EPL,2019-2020,317,Tyrone Mings,eng ENG,DF,Aston Villa,26,1993,https://fbref.com/en/players/8397a50c/matchlogs/2019-2020/summary/Tyrone-Mings-Match-Logs
EPL,2019-2020,318,Tyrick Mitchell,eng ENG,DF,Crystal Palace,19,1999,https://fbref.com/en/players/5cbd1eb0/matchlogs/2019-2020/summary/Tyrick-Mitchell-Match-Logs
EPL,2019-2020,319,Henrikh Mkhitaryan,am ARM,FW,Arsenal,30,1989,https://fbref.com/en/players/dd0daf32/matchlogs/2019-2020/summary/Henrikh-Mkhitaryan-Match-Logs
EPL,2019-2020,320,Nacho Monreal,es ESP,DF,Arsenal,33,1986,https://fbref.com/en/players/d4cb83cc/matchlogs/2019-2020/summary/Nacho-Monreal-Match-Logs
EPL,2019-2020,321,Martín Montoya,es ESP,DF,Brighton,28,1991,https://fbref.com/en/players/5cec2487/matchlogs/2019-2020/summary/Martin-Montoya-Match-Logs
EPL,2019-2020,322,Simon Moore,eng ENG,GK,Sheffield Utd,29,1990,https://fbref.com/en/players/e7434f04/matchlogs/2019-2020/summary/Simon-Moore-Match-Logs
EPL,2019-2020,323,Aaron Mooy,au AUS,"MF,FW",Brighton,28,1990,https://fbref.com/en/players/47b7e3af/matchlogs/2019-2020/summary/Aaron-Mooy-Match-Logs
EPL,2019-2020,324,Wesley Moraes,br BRA,FW,Aston Villa,22,1996,https://fbref.com/en/players/bfae110f/matchlogs/2019-2020/summary/Wesley-Moraes-Match-Logs
EPL,2019-2020,325,Wes Morgan,jm JAM,DF,Leicester City,35,1984,https://fbref.com/en/players/80c31c97/matchlogs/2019-2020/summary/Wes-Morgan-Match-Logs
EPL,2019-2020,Rk,Player,Nation,Pos,Squad,Age,Born,Matches
EPL,2019-2020,326,Ravel Morrison,jm JAM,MF,Sheffield Utd,26,1993,https://fbref.com/en/players/bf59c794/matchlogs/2019-2020/summary/Ravel-Morrison-Match-Logs
EPL,2019-2020,327,Mason Mount,eng ENG,"MF,FW",Chelsea,20,1999,https://fbref.com/en/players/9674002f/matchlogs/2019-2020/summary/Mason-Mount-Match-Logs
EPL,2019-2020,328,Lucas Moura,br BRA,"FW,MF",Tottenham,26,1992,https://fbref.com/en/players/2b622f01/matchlogs/2019-2020/summary/Lucas-Moura-Match-Logs
EPL,2019-2020,329,Lys Mousset,fr FRA,FW,Sheffield Utd,23,1996,https://fbref.com/en/players/d9cfca3d/matchlogs/2019-2020/summary/Lys-Mousset-Match-Logs
EPL,2019-2020,330,João Moutinho,pt POR,MF,Wolves,32,1986,https://fbref.com/en/players/f5a00fa4/matchlogs/2019-2020/summary/Joao-Moutinho-Match-Logs
EPL,2019-2020,331,Glenn Murray,eng ENG,FW,Brighton,35,1983,https://fbref.com/en/players/f2f29dda/matchlogs/2019-2020/summary/Glenn-Murray-Match-Logs
EPL,2019-2020,332,Shkodran Mustafi,de GER,DF,Arsenal,27,1992,https://fbref.com/en/players/3f2d59fe/matchlogs/2019-2020/summary/Shkodran-Mustafi-Match-Logs
EPL,2019-2020,333,Yoshinori Mutō,jp JPN,"FW,MF",Newcastle Utd,27,1992,https://fbref.com/en/players/5343eb4e/matchlogs/2019-2020/summary/Yoshinori-Muto-Match-Logs
EPL,2019-2020,334,Georges-Kévin N'Koudou,fr FRA,FW,Tottenham,24,1995,https://fbref.com/en/players/76c131da/matchlogs/2019-2020/summary/Georges-Kevin-NKoudou-Match-Logs
EPL,2019-2020,335,Marvelous Nakamba,zw ZIM,MF,Aston Villa,25,1994,https://fbref.com/en/players/de5b5570/matchlogs/2019-2020/summary/Marvelous-Nakamba-Match-Logs
EPL,2019-2020,336,Wilfred Ndidi,ng NGA,MF,Leicester City,22,1996,https://fbref.com/en/players/6b47c5db/matchlogs/2019-2020/summary/Wilfred-Ndidi-Match-Logs
EPL,2019-2020,337,Tanguy Ndombele,fr FRA,MF,Tottenham,22,1996,https://fbref.com/en/players/5cdddffa/matchlogs/2019-2020/summary/Tanguy-Ndombele-Match-Logs
EPL,2019-2020,338,Reiss Nelson,eng ENG,FW,Arsenal,19,1999,https://fbref.com/en/players/c5bdb6e3/matchlogs/2019-2020/summary/Reiss-Nelson-Match-Logs
EPL,2019-2020,339,Pedro Neto,pt POR,"FW,MF",Wolves,19,2000,https://fbref.com/en/players/7ba2eaa9/matchlogs/2019-2020/summary/Pedro-Neto-Match-Logs
EPL,2019-2020,340,Rúben Neves,pt POR,MF,Wolves,22,1997,https://fbref.com/en/players/44bfb6c5/matchlogs/2019-2020/summary/Ruben-Neves-Match-Logs
EPL,2019-2020,341,Jeremy Ngakia,eng ENG,DF,West Ham,18,2000,https://fbref.com/en/players/3631ad41/matchlogs/2019-2020/summary/Jeremy-Ngakia-Match-Logs
EPL,2019-2020,342,Oumar Niasse,sn SEN,FW,Everton,29,1990,https://fbref.com/en/players/af721f98/matchlogs/2019-2020/summary/Oumar-Niasse-Match-Logs
EPL,2019-2020,343,Eddie Nketiah,eng ENG,FW,Arsenal,20,1999,https://fbref.com/en/players/a53649b7/matchlogs/2019-2020/summary/Eddie-Nketiah-Match-Logs
EPL,2019-2020,344,Mark Noble,eng ENG,MF,West Ham,32,1987,https://fbref.com/en/players/ff527768/matchlogs/2019-2020/summary/Mark-Noble-Match-Logs
EPL,2019-2020,345,Oliver Norwood,nir NIR,MF,Sheffield Utd,28,1991,https://fbref.com/en/players/43439614/matchlogs/2019-2020/summary/Oliver-Norwood-Match-Logs
EPL,2019-2020,346,Ørjan Nyland,no NOR,GK,Aston Villa,28,1990,https://fbref.com/en/players/bdedffac/matchlogs/2019-2020/summary/Orjan-Nyland-Match-Logs
EPL,2019-2020,347,Jack O'Connell,eng ENG,DF,Sheffield Utd,25,1994,https://fbref.com/en/players/312626c1/matchlogs/2019-2020/summary/Jack-OConnell-Match-Logs
EPL,2019-2020,348,Michael Obafemi,ie IRL,FW,Southampton,19,2000,https://fbref.com/en/players/caa1a7f0/matchlogs/2019-2020/summary/Michael-Obafemi-Match-Logs
EPL,2019-2020,349,Angelo Ogbonna,it ITA,DF,West Ham,31,1988,https://fbref.com/en/players/74b2cd7e/matchlogs/2019-2020/summary/Angelo-Ogbonna-Match-Logs
EPL,2019-2020,350,Divock Origi,be BEL,FW,Liverpool,24,1995,https://fbref.com/en/players/43a166b4/matchlogs/2019-2020/summary/Divock-Origi-Match-Logs
EPL,2019-2020,Rk,Player,Nation,Pos,Squad,Age,Born,Matches
EPL,2019-2020,351,Ben Osborn,eng ENG,"MF,DF",Sheffield Utd,24,1994,https://fbref.com/en/players/79bc4c45/matchlogs/2019-2020/summary/Ben-Osborn-Match-Logs
EPL,2019-2020,352,Nicolás Otamendi,ar ARG,DF,Manchester City,31,1988,https://fbref.com/en/players/0d267745/matchlogs/2019-2020/summary/Nicolas-Otamendi-Match-Logs
EPL,2019-2020,353,Alex Oxlade-Chamberlain,eng ENG,"MF,FW",Liverpool,25,1993,https://fbref.com/en/players/38c7feef/matchlogs/2019-2020/summary/Alex-Oxlade-Chamberlain-Match-Logs
EPL,2019-2020,354,Mesut Özil,de GER,MF,Arsenal,30,1988,https://fbref.com/en/players/16380240/matchlogs/2019-2020/summary/Mesut-Ozil-Match-Logs
EPL,2019-2020,355,Emerson Palmieri,it ITA,DF,Chelsea,24,1994,https://fbref.com/en/players/e0bc6fdc/matchlogs/2019-2020/summary/Emerson-Palmieri-Match-Logs
EPL,2019-2020,356,Sokratis Papastathopoulos,gr GRE,DF,Arsenal,31,1988,https://fbref.com/en/players/b682dcf6/matchlogs/2019-2020/summary/Sokratis-Papastathopoulos-Match-Logs
EPL,2019-2020,357,Troy Parrott,ie IRL,MF,Tottenham,17,2002,https://fbref.com/en/players/4357f557/matchlogs/2019-2020/summary/Troy-Parrott-Match-Logs
EPL,2019-2020,358,Rui Patrício,pt POR,GK,Wolves,31,1988,https://fbref.com/en/players/79b0d6a0/matchlogs/2019-2020/summary/Rui-Patricio-Match-Logs
EPL,2019-2020,359,Pedro,es ESP,FW,Chelsea,32,1987,https://fbref.com/en/players/3ca7254a/matchlogs/2019-2020/summary/Pedro-Match-Logs
EPL,2019-2020,360,João Pedro,br BRA,"FW,MF",Watford,17,2001,https://fbref.com/en/players/e8832875/matchlogs/2019-2020/summary/Joao-Pedro-Match-Logs
EPL,2019-2020,361,Nicolas Pépé,ci CIV,FW,Arsenal,24,1995,https://fbref.com/en/players/57e3f0c7/matchlogs/2019-2020/summary/Nicolas-Pepe-Match-Logs
EPL,2019-2020,362,Andreas Pereira,br BRA,"MF,FW",Manchester Utd,23,1996,https://fbref.com/en/players/6639e500/matchlogs/2019-2020/summary/Andreas-Pereira-Match-Logs
EPL,2019-2020,363,Ricardo Pereira,pt POR,DF,Leicester City,25,1993,https://fbref.com/en/players/75a72a99/matchlogs/2019-2020/summary/Ricardo-Pereira-Match-Logs
EPL,2019-2020,364,Roberto Pereyra,ar ARG,"FW,MF",Watford,28,1991,https://fbref.com/en/players/75f2c59f/matchlogs/2019-2020/summary/Roberto-Pereyra-Match-Logs
EPL,2019-2020,365,Ayoze Pérez,es ESP,"MF,FW",Leicester City,26,1993,https://fbref.com/en/players/819aa8e7/matchlogs/2019-2020/summary/Ayoze-Perez-Match-Logs
EPL,2019-2020,366,Jordan Pickford,eng ENG,GK,Everton,25,1994,https://fbref.com/en/players/4806ec67/matchlogs/2019-2020/summary/Jordan-Pickford-Match-Logs
EPL,2019-2020,367,Brandon Pierrick,eng ENG,"DF,FW",Crystal Palace,17,2001,https://fbref.com/en/players/9a526299/matchlogs/2019-2020/summary/Brandon-Pierrick-Match-Logs
EPL,2019-2020,368,Erik Pieters,nl NED,"DF,MF",Burnley,30,1988,https://fbref.com/en/players/1ef37668/matchlogs/2019-2020/summary/Erik-Pieters-Match-Logs
EPL,2019-2020,369,Daniel Podence,pt POR,"FW,MF",Wolves,23,1995,https://fbref.com/en/players/7fcc71d8/matchlogs/2019-2020/summary/Daniel-Podence-Match-Logs
EPL,2019-2020,370,Paul Pogba,fr FRA,MF,Manchester Utd,26,1993,https://fbref.com/en/players/867239d3/matchlogs/2019-2020/summary/Paul-Pogba-Match-Logs
EPL,2019-2020,371,Nick Pope,eng ENG,GK,Burnley,27,1992,https://fbref.com/en/players/4b40d9ca/matchlogs/2019-2020/summary/Nick-Pope-Match-Logs
EPL,2019-2020,372,Dennis Praet,be BEL,MF,Leicester City,25,1994,https://fbref.com/en/players/86695068/matchlogs/2019-2020/summary/Dennis-Praet-Match-Logs
EPL,2019-2020,373,Sebastian Prödl,at AUT,DF,Watford,32,1987,https://fbref.com/en/players/f5e6d08d/matchlogs/2019-2020/summary/Sebastian-Prodl-Match-Logs
EPL,2019-2020,374,Davy Pröpper,nl NED,MF,Brighton,27,1991,https://fbref.com/en/players/fdd85f94/matchlogs/2019-2020/summary/Davy-Propper-Match-Logs
EPL,2019-2020,375,Teemu Pukki,fi FIN,FW,Norwich City,29,1990,https://fbref.com/en/players/0745b37d/matchlogs/2019-2020/summary/Teemu-Pukki-Match-Logs
EPL,2019-2020,Rk,Player,Nation,Pos,Squad,Age,Born,Matches
EPL,2019-2020,376,Christian Pulisic,us USA,FW,Chelsea,20,1998,https://fbref.com/en/players/1bf33a9a/matchlogs/2019-2020/summary/Christian-Pulisic-Match-Logs
EPL,2019-2020,377,Ignacio Pussetto,ar ARG,"FW,DF",Watford,23,1995,https://fbref.com/en/players/62437b4f/matchlogs/2019-2020/summary/Ignacio-Pussetto-Match-Logs
EPL,2019-2020,378,Domingos Quina,pt POR,MF,Watford,19,1999,https://fbref.com/en/players/41fb0f4e/matchlogs/2019-2020/summary/Domingos-Quina-Match-Logs
EPL,2019-2020,379,Aaron Ramsdale,eng ENG,GK,Bournemouth,21,1998,https://fbref.com/en/players/466fb2c5/matchlogs/2019-2020/summary/Aaron-Ramsdale-Match-Logs
EPL,2019-2020,380,Darren Randolph,ie IRL,GK,West Ham,32,1987,https://fbref.com/en/players/6385ebfb/matchlogs/2019-2020/summary/Darren-Randolph-Match-Logs
EPL,2019-2020,381,Marcus Rashford,eng ENG,FW,Manchester Utd,21,1997,https://fbref.com/en/players/a1d5bd30/matchlogs/2019-2020/summary/Marcus-Rashford-Match-Logs
EPL,2019-2020,382,Nathan Redmond,eng ENG,"MF,FW",Southampton,25,1994,https://fbref.com/en/players/ab651565/matchlogs/2019-2020/summary/Nathan-Redmond-Match-Logs
EPL,2019-2020,383,Pepe Reina,es ESP,GK,Aston Villa,36,1982,https://fbref.com/en/players/e358587b/matchlogs/2019-2020/summary/Pepe-Reina-Match-Logs
EPL,2019-2020,384,Declan Rice,eng ENG,MF,West Ham,20,1999,https://fbref.com/en/players/1c7012b8/matchlogs/2019-2020/summary/Declan-Rice-Match-Logs
EPL,2019-2020,385,Richarlison,br BRA,FW,Everton,22,1997,https://fbref.com/en/players/fa031b34/matchlogs/2019-2020/summary/Richarlison-Match-Logs
EPL,2019-2020,386,Diego Rico,es ESP,DF,Bournemouth,26,1993,https://fbref.com/en/players/d9ba39fc/matchlogs/2019-2020/summary/Diego-Rico-Match-Logs
EPL,2019-2020,387,Jaïro Riedewald,nl NED,"DF,MF",Crystal Palace,22,1996,https://fbref.com/en/players/7a1f2c08/matchlogs/2019-2020/summary/Jairo-Riedewald-Match-Logs
EPL,2019-2020,388,Matt Ritchie,sco SCO,"DF,MF",Newcastle Utd,29,1989,https://fbref.com/en/players/71ef519e/matchlogs/2019-2020/summary/Matt-Ritchie-Match-Logs
EPL,2019-2020,389,Roberto,es ESP,GK,West Ham,33,1986,https://fbref.com/en/players/ba3ca78f/matchlogs/2019-2020/summary/Roberto-Match-Logs
EPL,2019-2020,390,Patrick Roberts,eng ENG,"MF,FW",Norwich City,22,1997,https://fbref.com/en/players/59d93937/matchlogs/2019-2020/summary/Patrick-Roberts-Match-Logs
EPL,2019-2020,391,Andrew Robertson,sco SCO,DF,Liverpool,25,1994,https://fbref.com/en/players/2e4f5f03/matchlogs/2019-2020/summary/Andrew-Robertson-Match-Logs
EPL,2019-2020,392,Callum Robinson,ie IRL,FW,Sheffield Utd,24,1995,https://fbref.com/en/players/e75750a3/matchlogs/2019-2020/summary/Callum-Robinson-Match-Logs
EPL,2019-2020,393,Jack Robinson,eng ENG,DF,Sheffield Utd,25,1993,https://fbref.com/en/players/7399c7a8/matchlogs/2019-2020/summary/Jack-Robinson-Match-Logs
EPL,2019-2020,394,Rodri,es ESP,MF,Manchester City,23,1996,https://fbref.com/en/players/6434f10d/matchlogs/2019-2020/summary/Rodri-Match-Logs
EPL,2019-2020,395,Jay Rodriguez,eng ENG,FW,Burnley,30,1989,https://fbref.com/en/players/4ab53cdb/matchlogs/2019-2020/summary/Jay-Rodriguez-Match-Logs
EPL,2019-2020,396,Jack Rodwell,eng ENG,MF,Sheffield Utd,28,1991,https://fbref.com/en/players/a07579ee/matchlogs/2019-2020/summary/Jack-Rodwell-Match-Logs
EPL,2019-2020,397,Marcos Rojo,ar ARG,DF,Manchester Utd,29,1990,https://fbref.com/en/players/e0991c04/matchlogs/2019-2020/summary/Marcos-Rojo-Match-Logs
EPL,2019-2020,398,Oriol Romeu,es ESP,MF,Southampton,27,1991,https://fbref.com/en/players/4b511457/matchlogs/2019-2020/summary/Oriol-Romeu-Match-Logs
EPL,2019-2020,399,Danny Rose,eng ENG,DF,Tottenham,29,1990,https://fbref.com/en/players/89d10e53/matchlogs/2019-2020/summary/Danny-Rose-Match-Logs
EPL,2019-2020,400,Danny Rose,eng ENG,DF,Newcastle Utd,29,1990,https://fbref.com/en/players/89d10e53/matchlogs/2019-2020/summary/Danny-Rose-Match-Logs
EPL,2019-2020,Rk,Player,Nation,Pos,Squad,Age,Born,Matches
EPL,2019-2020,401,Antonio Rüdiger,de GER,DF,Chelsea,26,1993,https://fbref.com/en/players/18b896d6/matchlogs/2019-2020/summary/Antonio-Rudiger-Match-Logs
EPL,2019-2020,402,Lukas Rupp,de GER,"FW,MF",Norwich City,28,1991,https://fbref.com/en/players/3faa1780/matchlogs/2019-2020/summary/Lukas-Rupp-Match-Logs
EPL,2019-2020,403,Mathew Ryan,au AUS,GK,Brighton,27,1992,https://fbref.com/en/players/4535e4bb/matchlogs/2019-2020/summary/Mathew-Ryan-Match-Logs
EPL,2019-2020,404,Allan Saint-Maximin,fr FRA,"MF,FW",Newcastle Utd,22,1997,https://fbref.com/en/players/2b16cb1a/matchlogs/2019-2020/summary/Allan-Saint-Maximin-Match-Logs
EPL,2019-2020,405,Romain Saïss,ma MAR,DF,Wolves,29,1990,https://fbref.com/en/players/9fbbcf39/matchlogs/2019-2020/summary/Romain-Saiss-Match-Logs
EPL,2019-2020,406,Bukayo Saka,eng ENG,"DF,FW",Arsenal,17,2001,https://fbref.com/en/players/bc7dc64d/matchlogs/2019-2020/summary/Bukayo-Saka-Match-Logs
EPL,2019-2020,407,Mamadou Sakho,fr FRA,DF,Crystal Palace,29,1990,https://fbref.com/en/players/87935cf3/matchlogs/2019-2020/summary/Mamadou-Sakho-Match-Logs
EPL,2019-2020,408,Mohamed Salah,eg EGY,FW,Liverpool,27,1992,https://fbref.com/en/players/e342ad68/matchlogs/2019-2020/summary/Mohamed-Salah-Match-Logs
EPL,2019-2020,409,Mbwana Samatta,tz TAN,FW,Aston Villa,26,1992,https://fbref.com/en/players/dae8623e/matchlogs/2019-2020/summary/Mbwana-Samatta-Match-Logs
EPL,2019-2020,410,Carlos Sánchez,co COL,"MF,DF",West Ham,33,1986,https://fbref.com/en/players/50b51fac/matchlogs/2019-2020/summary/Carlos-Sanchez-Match-Logs
EPL,2019-2020,411,Davinson Sánchez,co COL,DF,Tottenham,23,1996,https://fbref.com/en/players/da7b447d/matchlogs/2019-2020/summary/Davinson-Sanchez-Match-Logs
EPL,2019-2020,412,Leroy Sané,de GER,FW,Manchester City,23,1996,https://fbref.com/en/players/2b114be3/matchlogs/2019-2020/summary/Leroy-Sane-Match-Logs
EPL,2019-2020,413,Ismaila Sarr,sn SEN,"FW,MF",Watford,21,1998,https://fbref.com/en/players/bfdb33aa/matchlogs/2019-2020/summary/Ismaila-Sarr-Match-Logs
EPL,2019-2020,414,Fabian Schär,ch SUI,"DF,MF",Newcastle Utd,27,1991,https://fbref.com/en/players/c8aa95da/matchlogs/2019-2020/summary/Fabian-Schar-Match-Logs
EPL,2019-2020,415,Ezequiel Schelotto,it ITA,DF,Brighton,30,1989,https://fbref.com/en/players/a6e316c1/matchlogs/2019-2020/summary/Ezequiel-Schelotto-Match-Logs
EPL,2019-2020,416,Jeffrey Schlupp,gh GHA,"MF,DF",Crystal Palace,26,1992,https://fbref.com/en/players/3312f911/matchlogs/2019-2020/summary/Jeffrey-Schlupp-Match-Logs
EPL,2019-2020,417,Kasper Schmeichel,dk DEN,GK,Leicester City,32,1986,https://fbref.com/en/players/53af52f3/matchlogs/2019-2020/summary/Kasper-Schmeichel-Match-Logs
EPL,2019-2020,418,Morgan Schneiderlin,fr FRA,MF,Everton,29,1989,https://fbref.com/en/players/51b41c5c/matchlogs/2019-2020/summary/Morgan-Schneiderlin-Match-Logs
EPL,2019-2020,419,Ryan Sessegnon,eng ENG,DF,Tottenham,19,2000,https://fbref.com/en/players/6aa3e78b/matchlogs/2019-2020/summary/Ryan-Sessegnon-Match-Logs
EPL,2019-2020,420,Xherdan Shaqiri,ch SUI,FW,Liverpool,27,1991,https://fbref.com/en/players/6421ec64/matchlogs/2019-2020/summary/Xherdan-Shaqiri-Match-Logs
EPL,2019-2020,421,Billy Sharp,eng ENG,FW,Sheffield Utd,33,1986,https://fbref.com/en/players/e8c9f4e9/matchlogs/2019-2020/summary/Billy-Sharp-Match-Logs
EPL,2019-2020,422,Luke Shaw,eng ENG,DF,Manchester Utd,24,1995,https://fbref.com/en/players/9c94165b/matchlogs/2019-2020/summary/Luke-Shaw-Match-Logs
EPL,2019-2020,423,Jonjo Shelvey,eng ENG,MF,Newcastle Utd,27,1992,https://fbref.com/en/players/3727dd3c/matchlogs/2019-2020/summary/Jonjo-Shelvey-Match-Logs
EPL,2019-2020,424,Djibril Sidibé,fr FRA,DF,Everton,27,1992,https://fbref.com/en/players/4c5b714f/matchlogs/2019-2020/summary/Djibril-Sidibe-Match-Logs
EPL,2019-2020,425,Gylfi Sigurðsson,is ISL,MF,Everton,29,1989,https://fbref.com/en/players/76dd1480/matchlogs/2019-2020/summary/Gylfi-Sigurdsson-Match-Logs
EPL,2019-2020,Rk,Player,Nation,Pos,Squad,Age,Born,Matches
EPL,2019-2020,426,Bernardo Silva,pt POR,"FW,MF",Manchester City,24,1994,https://fbref.com/en/players/3eb22ec9/matchlogs/2019-2020/summary/Bernardo-Silva-Match-Logs
EPL,2019-2020,427,David Silva,es ESP,MF,Manchester City,33,1986,https://fbref.com/en/players/e2716bd0/matchlogs/2019-2020/summary/David-Silva-Match-Logs
EPL,2019-2020,428,Jack Simpson,eng ENG,DF,Bournemouth,22,1996,https://fbref.com/en/players/76fa5f80/matchlogs/2019-2020/summary/Jack-Simpson-Match-Logs
EPL,2019-2020,429,Moussa Sissoko,fr FRA,MF,Tottenham,29,1989,https://fbref.com/en/players/2acd49b9/matchlogs/2019-2020/summary/Moussa-Sissoko-Match-Logs
EPL,2019-2020,430,Oliver Skipp,eng ENG,"MF,DF",Tottenham,18,2000,https://fbref.com/en/players/6250083a/matchlogs/2019-2020/summary/Oliver-Skipp-Match-Logs
EPL,2019-2020,431,William Smallbone,ie IRL,MF,Southampton,19,2000,https://fbref.com/en/players/5e105217/matchlogs/2019-2020/summary/William-Smallbone-Match-Logs
EPL,2019-2020,432,Adam Smith,eng ENG,DF,Bournemouth,28,1991,https://fbref.com/en/players/20b104bc/matchlogs/2019-2020/summary/Adam-Smith-Match-Logs
EPL,2019-2020,433,Emile Smith-Rowe,eng ENG,MF,Arsenal,19,2000,https://fbref.com/en/players/17695062/matchlogs/2019-2020/summary/Emile-Smith-Rowe-Match-Logs
EPL,2019-2020,434,Robert Snodgrass,sco SCO,"MF,FW",West Ham,31,1987,https://fbref.com/en/players/9f4647e9/matchlogs/2019-2020/summary/Robert-Snodgrass-Match-Logs
EPL,2019-2020,435,Cédric Soares,pt POR,DF,Southampton,27,1991,https://fbref.com/en/players/839c14e1/matchlogs/2019-2020/summary/Cedric-Soares-Match-Logs
EPL,2019-2020,436,Cédric Soares,pt POR,DF,Arsenal,27,1991,https://fbref.com/en/players/839c14e1/matchlogs/2019-2020/summary/Cedric-Soares-Match-Logs
EPL,2019-2020,437,Dominic Solanke,eng ENG,"FW,MF",Bournemouth,21,1997,https://fbref.com/en/players/e77dc3b2/matchlogs/2019-2020/summary/Dominic-Solanke-Match-Logs
EPL,2019-2020,438,Tomáš Souček,cz CZE,MF,West Ham,24,1995,https://fbref.com/en/players/6613c819/matchlogs/2019-2020/summary/Tomas-Soucek-Match-Logs
EPL,2019-2020,439,Çağlar Söyüncü,tr TUR,DF,Leicester City,23,1996,https://fbref.com/en/players/21166ff4/matchlogs/2019-2020/summary/Caglar-Soyuncu-Match-Logs
EPL,2019-2020,440,Dennis Srbeny,de GER,"MF,FW",Norwich City,25,1994,https://fbref.com/en/players/1fdec858/matchlogs/2019-2020/summary/Dennis-Srbeny-Match-Logs
EPL,2019-2020,441,Jack Stacey,eng ENG,DF,Bournemouth,23,1996,https://fbref.com/en/players/558807c0/matchlogs/2019-2020/summary/Jack-Stacey-Match-Logs
EPL,2019-2020,442,Junior Stanislas,eng ENG,"MF,DF",Bournemouth,29,1989,https://fbref.com/en/players/6992791d/matchlogs/2019-2020/summary/Junior-Stanislas-Match-Logs
EPL,2019-2020,443,Jed Steer,eng ENG,GK,Aston Villa,26,1992,https://fbref.com/en/players/a8a3d139/matchlogs/2019-2020/summary/Jed-Steer-Match-Logs
EPL,2019-2020,444,Dale Stephens,eng ENG,MF,Brighton,30,1989,https://fbref.com/en/players/653ee42d/matchlogs/2019-2020/summary/Dale-Stephens-Match-Logs
EPL,2019-2020,445,Jack Stephens,eng ENG,DF,Southampton,25,1994,https://fbref.com/en/players/6adbc307/matchlogs/2019-2020/summary/Jack-Stephens-Match-Logs
EPL,2019-2020,446,Raheem Sterling,eng ENG,FW,Manchester City,24,1994,https://fbref.com/en/players/b400bde0/matchlogs/2019-2020/summary/Raheem-Sterling-Match-Logs
EPL,2019-2020,447,Enda Stevens,ie IRL,DF,Sheffield Utd,29,1990,https://fbref.com/en/players/17d4507a/matchlogs/2019-2020/summary/Enda-Stevens-Match-Logs
EPL,2019-2020,448,Marco Stiepermann,de GER,MF,Norwich City,28,1991,https://fbref.com/en/players/b606638c/matchlogs/2019-2020/summary/Marco-Stiepermann-Match-Logs
EPL,2019-2020,449,John Stones,eng ENG,DF,Manchester City,25,1994,https://fbref.com/en/players/5eecec3d/matchlogs/2019-2020/summary/John-Stones-Match-Logs
EPL,2019-2020,450,Isaac Success,ng NGA,"FW,MF",Watford,23,1996,https://fbref.com/en/players/f573a8bf/matchlogs/2019-2020/summary/Isaac-Success-Match-Logs
EPL,2019-2020,Rk,Player,Nation,Pos,Squad,Age,Born,Matches
EPL,2019-2020,451,Ki Sung-yueng,kr KOR,MF,Newcastle Utd,30,1989,https://fbref.com/en/players/1d8c99b0/matchlogs/2019-2020/summary/Ki-Sung-yueng-Match-Logs
EPL,2019-2020,452,Andrew Surman,eng ENG,MF,Bournemouth,32,1986,https://fbref.com/en/players/7d41b619/matchlogs/2019-2020/summary/Andrew-Surman-Match-Logs
EPL,2019-2020,453,Sam Surridge,eng ENG,FW,Bournemouth,21,1998,https://fbref.com/en/players/b017b770/matchlogs/2019-2020/summary/Sam-Surridge-Match-Logs
EPL,2019-2020,454,Japhet Tanganga,eng ENG,DF,Tottenham,20,1999,https://fbref.com/en/players/e9971f2d/matchlogs/2019-2020/summary/Japhet-Tanganga-Match-Logs
EPL,2019-2020,455,Matt Targett,eng ENG,DF,Aston Villa,23,1995,https://fbref.com/en/players/e514ab62/matchlogs/2019-2020/summary/Matt-Targett-Match-Logs
EPL,2019-2020,456,James Tarkowski,eng ENG,DF,Burnley,26,1992,https://fbref.com/en/players/15ea812b/matchlogs/2019-2020/summary/James-Tarkowski-Match-Logs
EPL,2019-2020,457,Charlie Taylor,eng ENG,DF,Burnley,25,1993,https://fbref.com/en/players/cc2d7ad5/matchlogs/2019-2020/summary/Charlie-Taylor-Match-Logs
EPL,2019-2020,458,Neil Taylor,wal WAL,DF,Aston Villa,30,1989,https://fbref.com/en/players/c2f9d19f/matchlogs/2019-2020/summary/Neil-Taylor-Match-Logs
EPL,2019-2020,459,Nathan Tella,eng ENG,FW,Southampton,20,1999,https://fbref.com/en/players/f1e94cd6/matchlogs/2019-2020/summary/Nathan-Tella-Match-Logs
EPL,2019-2020,460,Alexander Tettey,no NOR,"MF,DF",Norwich City,33,1986,https://fbref.com/en/players/75566759/matchlogs/2019-2020/summary/Alexander-Tettey-Match-Logs
EPL,2019-2020,461,Jordan Thomas,eng ENG,FW,Norwich City,18,2001,https://fbref.com/en/players/b547f08c/matchlogs/2019-2020/summary/Jordan-Thomas-Match-Logs
EPL,2019-2020,462,Luke Thomas,eng ENG,DF,Leicester City,18,2001,https://fbref.com/en/players/fc027d02/matchlogs/2019-2020/summary/Luke-Thomas-Match-Logs
EPL,2019-2020,463,Max Thompson,eng ENG,FW,Burnley,17,2002,https://fbref.com/en/players/fa38722f/matchlogs/2019-2020/summary/Max-Thompson-Match-Logs
EPL,2019-2020,464,Youri Tielemans,be BEL,MF,Leicester City,22,1997,https://fbref.com/en/players/56f7a928/matchlogs/2019-2020/summary/Youri-Tielemans-Match-Logs
EPL,2019-2020,465,Kieran Tierney,sco SCO,DF,Arsenal,22,1997,https://fbref.com/en/players/fce2302c/matchlogs/2019-2020/summary/Kieran-Tierney-Match-Logs
EPL,2019-2020,466,James Tomkins,eng ENG,DF,Crystal Palace,30,1989,https://fbref.com/en/players/e7ca0439/matchlogs/2019-2020/summary/James-Tomkins-Match-Logs
EPL,2019-2020,467,Fikayo Tomori,eng ENG,DF,Chelsea,21,1997,https://fbref.com/en/players/7edfbb8a/matchlogs/2019-2020/summary/Fikayo-Tomori-Match-Logs
EPL,2019-2020,468,Lucas Torreira,uy URU,MF,Arsenal,23,1996,https://fbref.com/en/players/52611641/matchlogs/2019-2020/summary/Lucas-Torreira-Match-Logs
EPL,2019-2020,469,Cenk Tosun,tr TUR,FW,Crystal Palace,28,1991,https://fbref.com/en/players/9a104dee/matchlogs/2019-2020/summary/Cenk-Tosun-Match-Logs
EPL,2019-2020,470,Cenk Tosun,tr TUR,FW,Everton,28,1991,https://fbref.com/en/players/9a104dee/matchlogs/2019-2020/summary/Cenk-Tosun-Match-Logs
EPL,2019-2020,471,Andros Townsend,eng ENG,MF,Crystal Palace,28,1991,https://fbref.com/en/players/b28bbd58/matchlogs/2019-2020/summary/Andros-Townsend-Match-Logs
EPL,2019-2020,472,Adama Traoré,es ESP,"FW,MF",Wolves,23,1996,https://fbref.com/en/players/9a28eba4/matchlogs/2019-2020/summary/Adama-Traore-Match-Logs
EPL,2019-2020,473,Mark Travers,ie IRL,GK,Bournemouth,20,1999,https://fbref.com/en/players/fe558029/matchlogs/2019-2020/summary/Mark-Travers-Match-Logs
EPL,2019-2020,474,Trézéguet,eg EGY,"FW,MF",Aston Villa,24,1994,https://fbref.com/en/players/3ae14ed1/matchlogs/2019-2020/summary/Trezeguet-Match-Logs
EPL,2019-2020,475,Leandro Trossard,be BEL,"FW,MF",Brighton,24,1994,https://fbref.com/en/players/38ceb24a/matchlogs/2019-2020/summary/Leandro-Trossard-Match-Logs
EPL,2019-2020,Rk,Player,Nation,Pos,Squad,Age,Born,Matches
EPL,2019-2020,476,Tom Trybull,de GER,MF,Norwich City,26,1993,https://fbref.com/en/players/552aa16c/matchlogs/2019-2020/summary/Tom-Trybull-Match-Logs
EPL,2019-2020,477,Axel Tuanzebe,eng ENG,DF,Manchester Utd,21,1997,https://fbref.com/en/players/2baec6ce/matchlogs/2019-2020/summary/Axel-Tuanzebe-Match-Logs
EPL,2019-2020,478,Yan Valery,fr FRA,DF,Southampton,20,1999,https://fbref.com/en/players/531a4aa8/matchlogs/2019-2020/summary/Yan-Valery-Match-Logs
EPL,2019-2020,479,Jesús Vallejo,es ESP,DF,Wolves,22,1997,https://fbref.com/en/players/c2111b45/matchlogs/2019-2020/summary/Jesus-Vallejo-Match-Logs
EPL,2019-2020,480,Jamie Vardy,eng ENG,FW,Leicester City,32,1987,https://fbref.com/en/players/45963054/matchlogs/2019-2020/summary/Jamie-Vardy-Match-Logs
EPL,2019-2020,481,Indiana Vassilev,us USA,"FW,MF",Aston Villa,18,2001,https://fbref.com/en/players/04e195ee/matchlogs/2019-2020/summary/Indiana-Vassilev-Match-Logs
EPL,2019-2020,482,Jan Vertonghen,be BEL,DF,Tottenham,32,1987,https://fbref.com/en/players/ba23a904/matchlogs/2019-2020/summary/Jan-Vertonghen-Match-Logs
EPL,2019-2020,483,Jannik Vestergaard,dk DEN,DF,Southampton,26,1992,https://fbref.com/en/players/1900032e/matchlogs/2019-2020/summary/Jannik-Vestergaard-Match-Logs
EPL,2019-2020,484,Rúben Vinagre,pt POR,DF,Wolves,20,1999,https://fbref.com/en/players/b937e490/matchlogs/2019-2020/summary/Ruben-Vinagre-Match-Logs
EPL,2019-2020,485,Jake Vokins,eng ENG,DF,Southampton,19,2000,https://fbref.com/en/players/d484c261/matchlogs/2019-2020/summary/Jake-Vokins-Match-Logs
EPL,2019-2020,486,Mario Vrančić,ba BIH,MF,Norwich City,30,1989,https://fbref.com/en/players/16fa6881/matchlogs/2019-2020/summary/Mario-Vrancic-Match-Logs
EPL,2019-2020,487,Matěj Vydra,cz CZE,FW,Burnley,27,1992,https://fbref.com/en/players/0d4ceb32/matchlogs/2019-2020/summary/Matej-Vydra-Match-Logs
EPL,2019-2020,488,Theo Walcott,eng ENG,"MF,FW",Everton,30,1989,https://fbref.com/en/players/1ecb65be/matchlogs/2019-2020/summary/Theo-Walcott-Match-Logs
EPL,2019-2020,489,Kyle Walker,eng ENG,DF,Manchester City,29,1990,https://fbref.com/en/players/86dd77d1/matchlogs/2019-2020/summary/Kyle-Walker-Match-Logs
EPL,2019-2020,490,Kyle Walker-Peters,eng ENG,DF,Southampton,22,1997,https://fbref.com/en/players/984a5a64/matchlogs/2019-2020/summary/Kyle-Walker-Peters-Match-Logs
EPL,2019-2020,491,Kyle Walker-Peters,eng ENG,DF,Tottenham,22,1997,https://fbref.com/en/players/984a5a64/matchlogs/2019-2020/summary/Kyle-Walker-Peters-Match-Logs
EPL,2019-2020,492,Aaron Wan-Bissaka,eng ENG,DF,Manchester Utd,21,1997,https://fbref.com/en/players/9e525177/matchlogs/2019-2020/summary/Aaron-Wan-Bissaka-Match-Logs
EPL,2019-2020,493,Victor Wanyama,ke KEN,MF,Tottenham,28,1991,https://fbref.com/en/players/e0900238/matchlogs/2019-2020/summary/Victor-Wanyama-Match-Logs
EPL,2019-2020,494,Joel Ward,eng ENG,DF,Crystal Palace,29,1989,https://fbref.com/en/players/8a7ff278/matchlogs/2019-2020/summary/Joel-Ward-Match-Logs
EPL,2019-2020,495,James Ward-Prowse,eng ENG,"MF,DF",Southampton,24,1994,https://fbref.com/en/players/3515d404/matchlogs/2019-2020/summary/James-Ward-Prowse-Match-Logs
EPL,2019-2020,496,Kelland Watts,eng ENG,DF,Newcastle Utd,19,1999,https://fbref.com/en/players/603e4f0b/matchlogs/2019-2020/summary/Kelland-Watts-Match-Logs
EPL,2019-2020,497,Adam Webster,eng ENG,DF,Brighton,24,1995,https://fbref.com/en/players/c40b6180/matchlogs/2019-2020/summary/Adam-Webster-Match-Logs
EPL,2019-2020,498,Danny Welbeck,eng ENG,"FW,MF",Watford,28,1990,https://fbref.com/en/players/ce5143da/matchlogs/2019-2020/summary/Danny-Welbeck-Match-Logs
EPL,2019-2020,499,Ashley Westwood,eng ENG,MF,Burnley,29,1990,https://fbref.com/en/players/495945ef/matchlogs/2019-2020/summary/Ashley-Westwood-Match-Logs
EPL,2019-2020,500,Connor Wickham,eng ENG,"FW,MF",Crystal Palace,26,1993,https://fbref.com/en/players/41cc19c2/matchlogs/2019-2020/summary/Connor-Wickham-Match-Logs
EPL,2019-2020,Rk,Player,Nation,Pos,Squad,Age,Born,Matches
EPL,2019-2020,501,Georginio Wijnaldum,nl NED,MF,Liverpool,28,1990,https://fbref.com/en/players/eb58eef0/matchlogs/2019-2020/summary/Georginio-Wijnaldum-Match-Logs
EPL,2019-2020,502,Jetro Willems,nl NED,DF,Newcastle Utd,25,1994,https://fbref.com/en/players/9050ddc4/matchlogs/2019-2020/summary/Jetro-Willems-Match-Logs
EPL,2019-2020,503,Brandon Williams,eng ENG,DF,Manchester Utd,18,2000,https://fbref.com/en/players/5e74d6c8/matchlogs/2019-2020/summary/Brandon-Williams-Match-Logs
EPL,2019-2020,504,Neco Williams,wal WAL,DF,Liverpool,18,2001,https://fbref.com/en/players/dd323728/matchlogs/2019-2020/summary/Neco-Williams-Match-Logs
EPL,2019-2020,505,Willian,br BRA,FW,Chelsea,30,1988,https://fbref.com/en/players/8b9ebd03/matchlogs/2019-2020/summary/Willian-Match-Logs
EPL,2019-2020,506,Joe Willock,eng ENG,"MF,FW",Arsenal,19,1999,https://fbref.com/en/players/a3b03921/matchlogs/2019-2020/summary/Joe-Willock-Match-Logs
EPL,2019-2020,507,Jack Wilshere,eng ENG,MF,West Ham,27,1992,https://fbref.com/en/players/9c318325/matchlogs/2019-2020/summary/Jack-Wilshere-Match-Logs
EPL,2019-2020,508,Callum Wilson,eng ENG,FW,Bournemouth,27,1992,https://fbref.com/en/players/c596fcb0/matchlogs/2019-2020/summary/Callum-Wilson-Match-Logs
EPL,2019-2020,509,Harry Wilson,wal WAL,"MF,FW",Bournemouth,22,1997,https://fbref.com/en/players/c6dc9ecd/matchlogs/2019-2020/summary/Harry-Wilson-Match-Logs
EPL,2019-2020,510,Harry Winks,eng ENG,MF,Tottenham,23,1996,https://fbref.com/en/players/2f7acede/matchlogs/2019-2020/summary/Harry-Winks-Match-Logs
EPL,2019-2020,511,Chris Wood,nz NZL,FW,Burnley,27,1991,https://fbref.com/en/players/4e9a0555/matchlogs/2019-2020/summary/Chris-Wood-Match-Logs
EPL,2019-2020,512,Granit Xhaka,ch SUI,MF,Arsenal,26,1992,https://fbref.com/en/players/e61b8aee/matchlogs/2019-2020/summary/Granit-Xhaka-Match-Logs
EPL,2019-2020,513,Andriy Yarmolenko,ua UKR,"MF,FW",West Ham,29,1989,https://fbref.com/en/players/849c826a/matchlogs/2019-2020/summary/Andriy-Yarmolenko-Match-Logs
EPL,2019-2020,514,DeAndre Yedlin,us USA,DF,Newcastle Utd,26,1993,https://fbref.com/en/players/ae0a7ddf/matchlogs/2019-2020/summary/DeAndre-Yedlin-Match-Logs
EPL,2019-2020,515,Maya Yoshida,jp JPN,DF,Southampton,30,1988,https://fbref.com/en/players/caffaf5a/matchlogs/2019-2020/summary/Maya-Yoshida-Match-Logs
EPL,2019-2020,516,Ashley Young,eng ENG,DF,Manchester Utd,34,1985,https://fbref.com/en/players/be927d03/matchlogs/2019-2020/summary/Ashley-Young-Match-Logs
EPL,2019-2020,517,Pablo Zabaleta,ar ARG,DF,West Ham,34,1985,https://fbref.com/en/players/6813ac34/matchlogs/2019-2020/summary/Pablo-Zabaleta-Match-Logs
EPL,2019-2020,518,Wilfried Zaha,ci CIV,"MF,FW",Crystal Palace,26,1992,https://fbref.com/en/players/b2bc3b1f/matchlogs/2019-2020/summary/Wilfried-Zaha-Match-Logs
EPL,2019-2020,519,Christoph Zimmermann,de GER,DF,Norwich City,26,1993,https://fbref.com/en/players/2d5f03bf/matchlogs/2019-2020/summary/Christoph-Zimmermann-Match-Logs
EPL,2019-2020,520,Oleksandr Zinchenko,ua UKR,DF,Manchester City,22,1996,https://fbref.com/en/players/51cf8561/matchlogs/2019-2020/summary/Oleksandr-Zinchenko-Match-Logs
EPL,2019-2020,521,Richairo Živković,nl NED,FW,Sheffield Utd,22,1996,https://fbref.com/en/players/d2d74d9c/matchlogs/2019-2020/summary/Richairo-Zivkovic-Match-Logs
EPL,2019-2020,522,Kurt Zouma,fr FRA,DF,Chelsea,24,1994,https://fbref.com/en/players/ce4246f5/matchlogs/2019-2020/summary/Kurt-Zouma-Match-Logs
